{
  "type": "FeatureCollection",
  "generator": "overpass-turbo",
  "copyright": "The data included in this document is from www.openstreetmap.org. The data is made available under ODbL.",
  "timestamp": "2026-04-22T09:26:58Z",
  "features": [
    {
      "type": "Feature",
      "properties": {
        "@id": "relation/12031343",
        "building": "house",
        "type": "multipolygon"
      },
      "geometry": {
        "type": "Polygon",
        "coordinates": [
          [
            [
              118.7919681,
              31.9202344
            ],
            [
              118.791863,
              31.9202336
            ],
            [
              118.7917622,
              31.9202315
            ],
            [
              118.7917671,
              31.9200627
            ],
            [
              118.7918744,
              31.920065
            ],
            [
              118.7918812,
              31.9200977
            ],
            [
              118.791976,
              31.9200979
            ],
            [
              118.7919681,
              31.9202344
            ]
          ]
        ]
      },
      "id": "relation/12031343"
    },
    {
      "type": "Feature",
      "properties": {
        "@id": "relation/12031344",
        "building": "house",
        "type": "multipolygon"
      },
      "geometry": {
        "type": "Polygon",
        "coordinates": [
          [
            [
              118.7922484,
              31.9202315
            ],
            [
              118.7921433,
              31.9202307
            ],
            [
              118.7920425,
              31.9202286
            ],
            [
              118.7920474,
              31.9200598
            ],
            [
              118.7921547,
              31.9200621
            ],
            [
              118.7921615,
              31.9200947
            ],
            [
              118.7922563,
              31.920095
            ],
            [
              118.7922484,
              31.9202315
            ]
          ]
        ]
      },
      "id": "relation/12031344"
    },
    {
      "type": "Feature",
      "properties": {
        "@id": "relation/12031345",
        "building": "house",
        "type": "multipolygon"
      },
      "geometry": {
        "type": "Polygon",
        "coordinates": [
          [
            [
              118.7925374,
              31.9202779
            ],
            [
              118.7924323,
              31.9202771
            ],
            [
              118.7923315,
              31.920275
            ],
            [
              118.7923363,
              31.9201063
            ],
            [
              118.7924436,
              31.9201085
            ],
            [
              118.7924505,
              31.9201412
            ],
            [
              118.7925453,
              31.9201414
            ],
            [
              118.7925374,
              31.9202779
            ]
          ]
        ]
      },
      "id": "relation/12031345"
    },
    {
      "type": "Feature",
      "properties": {
        "@id": "relation/12031346",
        "building": "house",
        "type": "multipolygon"
      },
      "geometry": {
        "type": "Polygon",
        "coordinates": [
          [
            [
              118.7919595,
              31.9205146
            ],
            [
              118.7918544,
              31.9205138
            ],
            [
              118.7917536,
              31.9205117
            ],
            [
              118.7917585,
              31.9203429
            ],
            [
              118.7918658,
              31.9203452
            ],
            [
              118.7918726,
              31.9203778
            ],
            [
              118.7919674,
              31.9203781
            ],
            [
              118.7919595,
              31.9205146
            ]
          ]
        ]
      },
      "id": "relation/12031346"
    },
    {
      "type": "Feature",
      "properties": {
        "@id": "relation/12031347",
        "building": "house",
        "type": "multipolygon"
      },
      "geometry": {
        "type": "Polygon",
        "coordinates": [
          [
            [
              118.7925002,
              31.920539
            ],
            [
              118.7923951,
              31.9205381
            ],
            [
              118.7922943,
              31.920536
            ],
            [
              118.7922992,
              31.9203673
            ],
            [
              118.7924065,
              31.9203695
            ],
            [
              118.7924133,
              31.9204022
            ],
            [
              118.7925081,
              31.9204025
            ],
            [
              118.7925002,
              31.920539
            ]
          ]
        ]
      },
      "id": "relation/12031347"
    },
    {
      "type": "Feature",
      "properties": {
        "@id": "relation/12031348",
        "building": "house",
        "type": "multipolygon"
      },
      "geometry": {
        "type": "Polygon",
        "coordinates": [
          [
            [
              118.7929327,
              31.9206494
            ],
            [
              118.7928276,
              31.9206486
            ],
            [
              118.7927269,
              31.9206465
            ],
            [
              118.7927317,
              31.9204777
            ],
            [
              118.792839,
              31.92048
            ],
            [
              118.7928458,
              31.9205127
            ],
            [
              118.7929406,
              31.9205129
            ],
            [
              118.7929327,
              31.9206494
            ]
          ]
        ]
      },
      "id": "relation/12031348"
    },
    {
      "type": "Feature",
      "properties": {
        "@id": "relation/12031349",
        "building": "house",
        "type": "multipolygon"
      },
      "geometry": {
        "type": "Polygon",
        "coordinates": [
          [
            [
              118.7925154,
              31.920833
            ],
            [
              118.7924103,
              31.9208322
            ],
            [
              118.7923095,
              31.9208301
            ],
            [
              118.7923144,
              31.9206613
            ],
            [
              118.7924217,
              31.9206635
            ],
            [
              118.7924285,
              31.9206962
            ],
            [
              118.7925233,
              31.9206965
            ],
            [
              118.7925154,
              31.920833
            ]
          ]
        ]
      },
      "id": "relation/12031349"
    },
    {
      "type": "Feature",
      "properties": {
        "@id": "relation/12031350",
        "building": "house",
        "type": "multipolygon"
      },
      "geometry": {
        "type": "Polygon",
        "coordinates": [
          [
            [
              118.7922349,
              31.9208129
            ],
            [
              118.7921298,
              31.9208121
            ],
            [
              118.792029,
              31.92081
            ],
            [
              118.7920339,
              31.9206412
            ],
            [
              118.7921412,
              31.9206435
            ],
            [
              118.792148,
              31.9206762
            ],
            [
              118.7922428,
              31.9206764
            ],
            [
              118.7922349,
              31.9208129
            ]
          ]
        ]
      },
      "id": "relation/12031350"
    },
    {
      "type": "Feature",
      "properties": {
        "@id": "relation/12031351",
        "building": "house",
        "type": "multipolygon"
      },
      "geometry": {
        "type": "Polygon",
        "coordinates": [
          [
            [
              118.7919223,
              31.9207813
            ],
            [
              118.7918172,
              31.9207805
            ],
            [
              118.7917164,
              31.9207784
            ],
            [
              118.7917213,
              31.9206097
            ],
            [
              118.7918286,
              31.9206119
            ],
            [
              118.7918354,
              31.9206446
            ],
            [
              118.7919302,
              31.9206448
            ],
            [
              118.7919223,
              31.9207813
            ]
          ]
        ]
      },
      "id": "relation/12031351"
    },
    {
      "type": "Feature",
      "properties": {
        "@id": "relation/12031352",
        "building": "house",
        "type": "multipolygon"
      },
      "geometry": {
        "type": "Polygon",
        "coordinates": [
          [
            [
              118.7925645,
              31.9211315
            ],
            [
              118.7924594,
              31.9211307
            ],
            [
              118.7923586,
              31.9211286
            ],
            [
              118.7923634,
              31.9209599
            ],
            [
              118.7924707,
              31.9209621
            ],
            [
              118.7924776,
              31.9209948
            ],
            [
              118.7925724,
              31.920995
            ],
            [
              118.7925645,
              31.9211315
            ]
          ]
        ]
      },
      "id": "relation/12031352"
    },
    {
      "type": "Feature",
      "properties": {
        "@id": "relation/12031353",
        "building": "house",
        "type": "multipolygon"
      },
      "geometry": {
        "type": "Polygon",
        "coordinates": [
          [
            [
              118.7922469,
              31.9210674
            ],
            [
              118.7921418,
              31.9210666
            ],
            [
              118.792041,
              31.9210645
            ],
            [
              118.7920459,
              31.9208957
            ],
            [
              118.7921532,
              31.9208979
            ],
            [
              118.79216,
              31.9209306
            ],
            [
              118.7922548,
              31.9209309
            ],
            [
              118.7922469,
              31.9210674
            ]
          ]
        ]
      },
      "id": "relation/12031353"
    },
    {
      "type": "Feature",
      "properties": {
        "@id": "relation/12031354",
        "building": "house",
        "type": "multipolygon"
      },
      "geometry": {
        "type": "Polygon",
        "coordinates": [
          [
            [
              118.7919143,
              31.921081
            ],
            [
              118.7918092,
              31.9210802
            ],
            [
              118.7917084,
              31.9210781
            ],
            [
              118.7917133,
              31.9209094
            ],
            [
              118.7918206,
              31.9209116
            ],
            [
              118.7918274,
              31.9209443
            ],
            [
              118.7919222,
              31.9209445
            ],
            [
              118.7919143,
              31.921081
            ]
          ]
        ]
      },
      "id": "relation/12031354"
    },
    {
      "type": "Feature",
      "properties": {
        "@id": "relation/12031355",
        "building": "house",
        "type": "multipolygon"
      },
      "geometry": {
        "type": "Polygon",
        "coordinates": [
          [
            [
              118.7919117,
              31.9214043
            ],
            [
              118.7918066,
              31.9214035
            ],
            [
              118.7917058,
              31.9214014
            ],
            [
              118.7917106,
              31.9212326
            ],
            [
              118.7918179,
              31.9212349
            ],
            [
              118.7918248,
              31.9212676
            ],
            [
              118.7919195,
              31.9212678
            ],
            [
              118.7919117,
              31.9214043
            ]
          ]
        ]
      },
      "id": "relation/12031355"
    },
    {
      "type": "Feature",
      "properties": {
        "@id": "relation/12031356",
        "building": "house",
        "type": "multipolygon"
      },
      "geometry": {
        "type": "Polygon",
        "coordinates": [
          [
            [
              118.7925956,
              31.9214271
            ],
            [
              118.7924905,
              31.9214263
            ],
            [
              118.7923897,
              31.9214242
            ],
            [
              118.7923946,
              31.9212554
            ],
            [
              118.7925019,
              31.9212576
            ],
            [
              118.7925087,
              31.9212903
            ],
            [
              118.7926035,
              31.9212906
            ],
            [
              118.7925956,
              31.9214271
            ]
          ]
        ]
      },
      "id": "relation/12031356"
    },
    {
      "type": "Feature",
      "properties": {
        "@id": "relation/12031357",
        "building": "house",
        "type": "multipolygon"
      },
      "geometry": {
        "type": "Polygon",
        "coordinates": [
          [
            [
              118.793006,
              31.9212859
            ],
            [
              118.7929009,
              31.9212851
            ],
            [
              118.7928001,
              31.921283
            ],
            [
              118.792805,
              31.9211143
            ],
            [
              118.7929123,
              31.9211165
            ],
            [
              118.7929191,
              31.9211492
            ],
            [
              118.7930139,
              31.9211494
            ],
            [
              118.793006,
              31.9212859
            ]
          ]
        ]
      },
      "id": "relation/12031357"
    },
    {
      "type": "Feature",
      "properties": {
        "@id": "relation/12031358",
        "building": "house",
        "type": "multipolygon"
      },
      "geometry": {
        "type": "Polygon",
        "coordinates": [
          [
            [
              118.7929765,
              31.9209922
            ],
            [
              118.7928714,
              31.9209914
            ],
            [
              118.7927706,
              31.9209893
            ],
            [
              118.7927755,
              31.9208206
            ],
            [
              118.7928828,
              31.9208228
            ],
            [
              118.7928896,
              31.9208555
            ],
            [
              118.7929844,
              31.9208557
            ],
            [
              118.7929765,
              31.9209922
            ]
          ]
        ]
      },
      "id": "relation/12031358"
    },
    {
      "type": "Feature",
      "properties": {
        "@id": "relation/12031359",
        "building": "house",
        "type": "multipolygon"
      },
      "geometry": {
        "type": "Polygon",
        "coordinates": [
          [
            [
              118.7932098,
              31.9207509
            ],
            [
              118.7931047,
              31.9207501
            ],
            [
              118.793004,
              31.920748
            ],
            [
              118.7930088,
              31.9205793
            ],
            [
              118.7931161,
              31.9205815
            ],
            [
              118.7931229,
              31.9206142
            ],
            [
              118.7932177,
              31.9206144
            ],
            [
              118.7932098,
              31.9207509
            ]
          ]
        ]
      },
      "id": "relation/12031359"
    },
    {
      "type": "Feature",
      "properties": {
        "@id": "relation/12031360",
        "building": "house",
        "type": "multipolygon"
      },
      "geometry": {
        "type": "Polygon",
        "coordinates": [
          [
            [
              118.7935424,
              31.9208465
            ],
            [
              118.7934373,
              31.9208457
            ],
            [
              118.7933365,
              31.9208436
            ],
            [
              118.7933414,
              31.9206749
            ],
            [
              118.7934487,
              31.9206771
            ],
            [
              118.7934555,
              31.9207098
            ],
            [
              118.7935503,
              31.92071
            ],
            [
              118.7935424,
              31.9208465
            ]
          ]
        ]
      },
      "id": "relation/12031360"
    },
    {
      "type": "Feature",
      "properties": {
        "@id": "relation/12031361",
        "building": "house",
        "type": "multipolygon"
      },
      "geometry": {
        "type": "Polygon",
        "coordinates": [
          [
            [
              118.7935398,
              31.921163
            ],
            [
              118.7934347,
              31.9211622
            ],
            [
              118.7933339,
              31.9211601
            ],
            [
              118.7933387,
              31.9209913
            ],
            [
              118.793446,
              31.9209936
            ],
            [
              118.7934529,
              31.9210263
            ],
            [
              118.7935476,
              31.9210265
            ],
            [
              118.7935398,
              31.921163
            ]
          ]
        ]
      },
      "id": "relation/12031361"
    },
    {
      "type": "Feature",
      "properties": {
        "@id": "relation/12031362",
        "building": "house",
        "type": "multipolygon"
      },
      "geometry": {
        "type": "Polygon",
        "coordinates": [
          [
            [
              118.7933654,
              31.9213861
            ],
            [
              118.7932603,
              31.9213853
            ],
            [
              118.7931595,
              31.9213832
            ],
            [
              118.7931644,
              31.9212144
            ],
            [
              118.7932717,
              31.9212167
            ],
            [
              118.7932785,
              31.9212494
            ],
            [
              118.7933733,
              31.9212496
            ],
            [
              118.7933654,
              31.9213861
            ]
          ]
        ]
      },
      "id": "relation/12031362"
    },
    {
      "type": "Feature",
      "properties": {
        "@id": "relation/17277800",
        "building": "university",
        "building:levels": "5",
        "name": "致高楼A",
        "type": "multipolygon"
      },
      "geometry": {
        "type": "MultiPolygon",
        "coordinates": [
          [
            [
              [
                118.7811271,
                31.9169367
              ],
              [
                118.7811273,
                31.9168809
              ],
              [
                118.7817392,
                31.9168827
              ],
              [
                118.7817387,
                31.9170007
              ],
              [
                118.7818359,
                31.917001
              ],
              [
                118.7818354,
                31.9171194
              ],
              [
                118.7817622,
                31.9171192
              ],
              [
                118.7817619,
                31.9171878
              ],
              [
                118.7816119,
                31.9171874
              ],
              [
                118.7816129,
                31.916938
              ],
              [
                118.7811271,
                31.9169367
              ]
            ]
          ],
          [
            [
              [
                118.7810003,
                31.9172634
              ],
              [
                118.781,
                31.9171899
              ],
              [
                118.7816119,
                31.9171874
              ],
              [
                118.7817619,
                31.9171878
              ],
              [
                118.781762,
                31.917261
              ],
              [
                118.7816173,
                31.9172611
              ],
              [
                118.7815957,
                31.9172615
              ],
              [
                118.7815664,
                31.917261
              ],
              [
                118.7810003,
                31.9172634
              ]
            ]
          ]
        ]
      },
      "id": "relation/17277800"
    },
    {
      "type": "Feature",
      "properties": {
        "@id": "relation/17394617",
        "building": "yes",
        "type": "multipolygon"
      },
      "geometry": {
        "type": "Polygon",
        "coordinates": [
          [
            [
              118.783282,
              31.9172326
            ],
            [
              118.7832187,
              31.917082
            ],
            [
              118.7831505,
              31.9170806
            ],
            [
              118.7831278,
              31.917004
            ],
            [
              118.7831095,
              31.9169318
            ],
            [
              118.7830982,
              31.9168585
            ],
            [
              118.7830917,
              31.9167844
            ],
            [
              118.7830926,
              31.9167086
            ],
            [
              118.783095,
              31.9166731
            ],
            [
              118.7830974,
              31.9166386
            ],
            [
              118.7831088,
              31.9165655
            ],
            [
              118.783124,
              31.9165059
            ],
            [
              118.7831505,
              31.9164254
            ],
            [
              118.7832017,
              31.9164238
            ],
            [
              118.7833117,
              31.9161904
            ],
            [
              118.7834407,
              31.9160487
            ],
            [
              118.7834388,
              31.9174316
            ],
            [
              118.783282,
              31.9172326
            ]
          ],
          [
            [
              118.7831505,
              31.9170806
            ],
            [
              118.7832187,
              31.917082
            ],
            [
              118.7833542,
              31.9170845
            ],
            [
              118.783343,
              31.9164211
            ],
            [
              118.7832017,
              31.9164238
            ],
            [
              118.7831505,
              31.9164254
            ],
            [
              118.783124,
              31.9165059
            ],
            [
              118.7831088,
              31.9165655
            ],
            [
              118.7830974,
              31.9166386
            ],
            [
              118.783095,
              31.9166731
            ],
            [
              118.7830926,
              31.9167086
            ],
            [
              118.7830917,
              31.9167844
            ],
            [
              118.7830982,
              31.9168585
            ],
            [
              118.7831095,
              31.9169318
            ],
            [
              118.7831278,
              31.917004
            ],
            [
              118.7831505,
              31.9170806
            ]
          ]
        ]
      },
      "id": "relation/17394617"
    },
    {
      "type": "Feature",
      "properties": {
        "@id": "way/346884953",
        "building": "yes"
      },
      "geometry": {
        "type": "Polygon",
        "coordinates": [
          [
            [
              118.7940122,
              31.910109
            ],
            [
              118.7940122,
              31.9097435
            ],
            [
              118.7957186,
              31.9097435
            ],
            [
              118.7957186,
              31.910109
            ],
            [
              118.7940122,
              31.910109
            ]
          ]
        ]
      },
      "id": "way/346884953"
    },
    {
      "type": "Feature",
      "properties": {
        "@id": "way/346885027",
        "building": "yes"
      },
      "geometry": {
        "type": "Polygon",
        "coordinates": [
          [
            [
              118.7924123,
              31.9067469
            ],
            [
              118.7945904,
              31.9067442
            ],
            [
              118.7945927,
              31.9080581
            ],
            [
              118.7924145,
              31.9080608
            ],
            [
              118.7924123,
              31.9067469
            ]
          ]
        ]
      },
      "id": "way/346885027"
    },
    {
      "type": "Feature",
      "properties": {
        "@id": "way/362198573",
        "building": "yes",
        "name": "工程2号楼"
      },
      "geometry": {
        "type": "Polygon",
        "coordinates": [
          [
            [
              118.7701278,
              31.9079665
            ],
            [
              118.7702147,
              31.907468
            ],
            [
              118.7710746,
              31.9075825
            ],
            [
              118.7709787,
              31.9080759
            ],
            [
              118.7701278,
              31.9079665
            ]
          ]
        ]
      },
      "id": "way/362198573"
    },
    {
      "type": "Feature",
      "properties": {
        "@id": "way/362198574",
        "building": "yes",
        "name": "工程1号楼"
      },
      "geometry": {
        "type": "Polygon",
        "coordinates": [
          [
            [
              118.7712154,
              31.908114
            ],
            [
              118.7713083,
              31.9076155
            ],
            [
              118.7721921,
              31.9077198
            ],
            [
              118.7720963,
              31.9082336
            ],
            [
              118.7712154,
              31.908114
            ]
          ]
        ]
      },
      "id": "way/362198574"
    },
    {
      "type": "Feature",
      "properties": {
        "@id": "way/362198576",
        "building": "yes",
        "name": "招待所，小卖部"
      },
      "geometry": {
        "type": "Polygon",
        "coordinates": [
          [
            [
              118.773189,
              31.9083639
            ],
            [
              118.7732204,
              31.9081682
            ],
            [
              118.7737592,
              31.9082304
            ],
            [
              118.7737278,
              31.9084262
            ],
            [
              118.773189,
              31.9083639
            ]
          ]
        ]
      },
      "id": "way/362198576"
    },
    {
      "type": "Feature",
      "properties": {
        "@id": "way/474163478",
        "building": "yes",
        "building:levels": "12",
        "description": "university building",
        "ele": "40m",
        "name": "笃学楼"
      },
      "geometry": {
        "type": "Polygon",
        "coordinates": [
          [
            [
              118.7764259,
              31.9145244
            ],
            [
              118.7764259,
              31.9141816
            ],
            [
              118.7770838,
              31.9141761
            ],
            [
              118.7770838,
              31.9144581
            ],
            [
              118.7768362,
              31.9144581
            ],
            [
              118.7768297,
              31.9145244
            ],
            [
              118.7764259,
              31.9145244
            ]
          ]
        ]
      },
      "id": "way/474163478"
    },
    {
      "type": "Feature",
      "properties": {
        "@id": "way/503752725",
        "building": "yes",
        "building:levels": "10",
        "ele": "30m",
        "name": "雅学楼"
      },
      "geometry": {
        "type": "Polygon",
        "coordinates": [
          [
            [
              118.7772677,
              31.9144817
            ],
            [
              118.7772744,
              31.9139664
            ],
            [
              118.7775264,
              31.9139687
            ],
            [
              118.7775198,
              31.9144841
            ],
            [
              118.7772677,
              31.9144817
            ]
          ]
        ]
      },
      "id": "way/503752725"
    },
    {
      "type": "Feature",
      "properties": {
        "@id": "way/503752727",
        "building": "yes",
        "building:levels": "9",
        "ele": "30m",
        "name": "乐学楼"
      },
      "geometry": {
        "type": "Polygon",
        "coordinates": [
          [
            [
              118.7764523,
              31.9140822
            ],
            [
              118.776449,
              31.9132858
            ],
            [
              118.7768388,
              31.9132838
            ],
            [
              118.7768323,
              31.914081
            ],
            [
              118.7764523,
              31.9140822
            ]
          ]
        ]
      },
      "id": "way/503752727"
    },
    {
      "type": "Feature",
      "properties": {
        "@id": "way/547389296",
        "building": "apartments",
        "building:levels": "30",
        "name": "18舍"
      },
      "geometry": {
        "type": "Polygon",
        "coordinates": [
          [
            [
              118.7763267,
              31.9168823
            ],
            [
              118.7763268,
              31.9166843
            ],
            [
              118.7768595,
              31.9166846
            ],
            [
              118.7768593,
              31.9168825
            ],
            [
              118.7763267,
              31.9168823
            ]
          ]
        ]
      },
      "id": "way/547389296"
    },
    {
      "type": "Feature",
      "properties": {
        "@id": "way/566393220",
        "amenity": "kindergarten",
        "building": "yes"
      },
      "geometry": {
        "type": "Polygon",
        "coordinates": [
          [
            [
              118.7881333,
              31.9090863
            ],
            [
              118.7881357,
              31.9089253
            ],
            [
              118.7882613,
              31.9089267
            ],
            [
              118.7882604,
              31.908895
            ],
            [
              118.7882624,
              31.9088517
            ],
            [
              118.7881254,
              31.9088503
            ],
            [
              118.7881267,
              31.9087571
            ],
            [
              118.7881905,
              31.9087577
            ],
            [
              118.7881916,
              31.9086764
            ],
            [
              118.7882809,
              31.9086772
            ],
            [
              118.7882802,
              31.9087242
            ],
            [
              118.7883135,
              31.9087246
            ],
            [
              118.7883146,
              31.9086416
            ],
            [
              118.7884082,
              31.9086425
            ],
            [
              118.7884075,
              31.9086913
            ],
            [
              118.788497,
              31.9086922
            ],
            [
              118.7884963,
              31.9087404
            ],
            [
              118.7884687,
              31.9087401
            ],
            [
              118.7884679,
              31.9087936
            ],
            [
              118.7885172,
              31.9087941
            ],
            [
              118.7885159,
              31.9088795
            ],
            [
              118.7885739,
              31.9088801
            ],
            [
              118.7885732,
              31.9089284
            ],
            [
              118.7884669,
              31.9089272
            ],
            [
              118.7884658,
              31.9089964
            ],
            [
              118.7885014,
              31.9089968
            ],
            [
              118.7885009,
              31.9090252
            ],
            [
              118.7884971,
              31.9091048
            ],
            [
              118.788336,
              31.9090747
            ],
            [
              118.7883037,
              31.9090736
            ],
            [
              118.788303,
              31.9090735
            ],
            [
              118.7883028,
              31.9090881
            ],
            [
              118.7881333,
              31.9090863
            ]
          ]
        ]
      },
      "id": "way/566393220"
    },
    {
      "type": "Feature",
      "properties": {
        "@id": "way/567640434",
        "building": "apartments",
        "building:levels": "6",
        "name": "22幢"
      },
      "geometry": {
        "type": "Polygon",
        "coordinates": [
          [
            [
              118.7894081,
              31.9080023
            ],
            [
              118.7902633,
              31.9080024
            ],
            [
              118.7902633,
              31.908027
            ],
            [
              118.7903007,
              31.908027
            ],
            [
              118.7903007,
              31.9080887
            ],
            [
              118.7903111,
              31.9080887
            ],
            [
              118.7903112,
              31.9081654
            ],
            [
              118.79025,
              31.9081654
            ],
            [
              118.79025,
              31.9081346
            ],
            [
              118.78977,
              31.9081348
            ],
            [
              118.78977,
              31.9081249
            ],
            [
              118.7894081,
              31.9081249
            ],
            [
              118.7894081,
              31.9080023
            ]
          ]
        ]
      },
      "id": "way/567640434"
    },
    {
      "type": "Feature",
      "properties": {
        "@id": "way/567640435",
        "building": "apartments",
        "building:levels": "6",
        "name": "36幢"
      },
      "geometry": {
        "type": "Polygon",
        "coordinates": [
          [
            [
              118.7893015,
              31.9082428
            ],
            [
              118.789021,
              31.9082437
            ],
            [
              118.7890207,
              31.9081084
            ],
            [
              118.7890759,
              31.9081083
            ],
            [
              118.7890759,
              31.9081003
            ],
            [
              118.7891241,
              31.9081002
            ],
            [
              118.7891241,
              31.9080817
            ],
            [
              118.7892123,
              31.9080814
            ],
            [
              118.7892124,
              31.9081009
            ],
            [
              118.7892497,
              31.9081008
            ],
            [
              118.7892498,
              31.908119
            ],
            [
              118.7893009,
              31.9081188
            ],
            [
              118.7893015,
              31.9082428
            ]
          ]
        ]
      },
      "id": "way/567640435"
    },
    {
      "type": "Feature",
      "properties": {
        "@id": "way/567644043",
        "building": "apartments",
        "building:levels": "6",
        "name": "5幢"
      },
      "geometry": {
        "type": "Polygon",
        "coordinates": [
          [
            [
              118.7869995,
              31.9079149
            ],
            [
              118.7876663,
              31.9079149
            ],
            [
              118.7876663,
              31.9080426
            ],
            [
              118.7869995,
              31.9080426
            ],
            [
              118.7869995,
              31.9079149
            ]
          ]
        ]
      },
      "id": "way/567644043"
    },
    {
      "type": "Feature",
      "properties": {
        "@id": "way/567644044",
        "building": "apartments",
        "name": "10幢"
      },
      "geometry": {
        "type": "Polygon",
        "coordinates": [
          [
            [
              118.7879735,
              31.9080559
            ],
            [
              118.7879717,
              31.907886
            ],
            [
              118.7884524,
              31.9078824
            ],
            [
              118.7884542,
              31.9080522
            ],
            [
              118.7879735,
              31.9080559
            ]
          ]
        ]
      },
      "id": "way/567644044"
    },
    {
      "type": "Feature",
      "properties": {
        "@id": "way/567644045",
        "building": "apartments",
        "building:levels": "6",
        "name": "4幢"
      },
      "geometry": {
        "type": "Polygon",
        "coordinates": [
          [
            [
              118.7870152,
              31.9083493
            ],
            [
              118.7877448,
              31.9083421
            ],
            [
              118.7877468,
              31.9084869
            ],
            [
              118.7870172,
              31.9084941
            ],
            [
              118.7870152,
              31.9083493
            ]
          ]
        ]
      },
      "id": "way/567644045"
    },
    {
      "type": "Feature",
      "properties": {
        "@id": "way/567644046",
        "amenity": "community_centre",
        "building": "yes",
        "name": "翠屏湾花园城社区活动中心"
      },
      "geometry": {
        "type": "Polygon",
        "coordinates": [
          [
            [
              118.7881764,
              31.9085297
            ],
            [
              118.7881728,
              31.9085125
            ],
            [
              118.7881702,
              31.9085019
            ],
            [
              118.7881737,
              31.9084847
            ],
            [
              118.7881799,
              31.9084726
            ],
            [
              118.7881941,
              31.9084591
            ],
            [
              118.788202,
              31.9084494
            ],
            [
              118.7882091,
              31.9084411
            ],
            [
              118.7882188,
              31.9084403
            ],
            [
              118.7882312,
              31.9084396
            ],
            [
              118.7882392,
              31.9084321
            ],
            [
              118.7882427,
              31.9084193
            ],
            [
              118.7882409,
              31.9084065
            ],
            [
              118.7882356,
              31.9083938
            ],
            [
              118.7882303,
              31.9083855
            ],
            [
              118.7882215,
              31.9083818
            ],
            [
              118.7882153,
              31.908375
            ],
            [
              118.7882135,
              31.908366
            ],
            [
              118.7882126,
              31.90836
            ],
            [
              118.78821,
              31.9083502
            ],
            [
              118.7882126,
              31.908342
            ],
            [
              118.7882162,
              31.9083299
            ],
            [
              118.7882232,
              31.9083224
            ],
            [
              118.7882294,
              31.9083179
            ],
            [
              118.7882374,
              31.9083059
            ],
            [
              118.7882445,
              31.9082939
            ],
            [
              118.788256,
              31.9082766
            ],
            [
              118.7882777,
              31.9082787
            ],
            [
              118.788285,
              31.9082632
            ],
            [
              118.7884638,
              31.9082697
            ],
            [
              118.7884649,
              31.9083772
            ],
            [
              118.7884657,
              31.908461
            ],
            [
              118.7883821,
              31.9084578
            ],
            [
              118.7881764,
              31.9085297
            ]
          ]
        ]
      },
      "id": "way/567644046"
    },
    {
      "type": "Feature",
      "properties": {
        "@id": "way/567653762",
        "building": "yes",
        "office": "yes"
      },
      "geometry": {
        "type": "Polygon",
        "coordinates": [
          [
            [
              118.7851527,
              31.9088925
            ],
            [
              118.7851119,
              31.9086748
            ],
            [
              118.7850571,
              31.9085895
            ],
            [
              118.7849911,
              31.9085305
            ],
            [
              118.7848195,
              31.9084557
            ],
            [
              118.7847234,
              31.9084467
            ],
            [
              118.7845811,
              31.9084605
            ],
            [
              118.7845562,
              31.908209
            ],
            [
              118.7848067,
              31.9082037
            ],
            [
              118.7850132,
              31.9082549
            ],
            [
              118.785028,
              31.9082287
            ],
            [
              118.7851849,
              31.9083118
            ],
            [
              118.785319,
              31.908428
            ],
            [
              118.785331,
              31.9084428
            ],
            [
              118.7853029,
              31.9084678
            ],
            [
              118.7853605,
              31.9085418
            ],
            [
              118.7854048,
              31.9086522
            ],
            [
              118.7854383,
              31.9088674
            ],
            [
              118.7851527,
              31.9088925
            ]
          ]
        ]
      },
      "id": "way/567653762"
    },
    {
      "type": "Feature",
      "properties": {
        "@id": "way/567787100",
        "building": "yes",
        "office": "yes"
      },
      "geometry": {
        "type": "Polygon",
        "coordinates": [
          [
            [
              118.7853776,
              31.9095292
            ],
            [
              118.7852206,
              31.9095198
            ],
            [
              118.7850606,
              31.9094574
            ],
            [
              118.7849818,
              31.9093989
            ],
            [
              118.7849147,
              31.9093191
            ],
            [
              118.7848767,
              31.9092502
            ],
            [
              118.7848563,
              31.909165
            ],
            [
              118.7850449,
              31.9091521
            ],
            [
              118.7850595,
              31.9092279
            ],
            [
              118.7851266,
              31.9093151
            ],
            [
              118.7852293,
              31.9093667
            ],
            [
              118.7853648,
              31.9093776
            ],
            [
              118.7853776,
              31.9095292
            ]
          ]
        ]
      },
      "id": "way/567787100"
    },
    {
      "type": "Feature",
      "properties": {
        "@id": "way/567787101",
        "building": "yes",
        "office": "yes"
      },
      "geometry": {
        "type": "Polygon",
        "coordinates": [
          [
            [
              118.7854913,
              31.9090689
            ],
            [
              118.7855026,
              31.9091667
            ],
            [
              118.7854388,
              31.9092487
            ],
            [
              118.7853284,
              31.9092782
            ],
            [
              118.7852208,
              31.909242
            ],
            [
              118.7851837,
              31.9092033
            ],
            [
              118.7851647,
              31.9091591
            ],
            [
              118.785179,
              31.9090671
            ],
            [
              118.7852555,
              31.9090007
            ],
            [
              118.7853635,
              31.9089865
            ],
            [
              118.785416,
              31.9090016
            ],
            [
              118.7854913,
              31.9090689
            ]
          ]
        ]
      },
      "id": "way/567787101"
    },
    {
      "type": "Feature",
      "properties": {
        "@id": "way/568405067",
        "building": "apartments"
      },
      "geometry": {
        "type": "Polygon",
        "coordinates": [
          [
            [
              118.7885192,
              31.9082869
            ],
            [
              118.7885167,
              31.9081552
            ],
            [
              118.7885696,
              31.9081545
            ],
            [
              118.7885695,
              31.908149
            ],
            [
              118.7886125,
              31.9081484
            ],
            [
              118.7886122,
              31.9081361
            ],
            [
              118.7887114,
              31.9081347
            ],
            [
              118.7887117,
              31.9081517
            ],
            [
              118.7887554,
              31.9081511
            ],
            [
              118.7887556,
              31.9081605
            ],
            [
              118.7888071,
              31.9081598
            ],
            [
              118.7888095,
              31.9082829
            ],
            [
              118.7885192,
              31.9082869
            ]
          ]
        ]
      },
      "id": "way/568405067"
    },
    {
      "type": "Feature",
      "properties": {
        "@id": "way/568409710",
        "building": "apartments",
        "building:levels": "6",
        "name": "21幢"
      },
      "geometry": {
        "type": "Polygon",
        "coordinates": [
          [
            [
              118.789387,
              31.9083897
            ],
            [
              118.7902601,
              31.9083935
            ],
            [
              118.7902621,
              31.9083757
            ],
            [
              118.7902672,
              31.9083655
            ],
            [
              118.7902835,
              31.9083638
            ],
            [
              118.7903011,
              31.9083652
            ],
            [
              118.7903087,
              31.9083691
            ],
            [
              118.790314,
              31.9083802
            ],
            [
              118.790312,
              31.9085555
            ],
            [
              118.7893829,
              31.9085479
            ],
            [
              118.789387,
              31.9083897
            ]
          ]
        ]
      },
      "id": "way/568409710"
    },
    {
      "type": "Feature",
      "properties": {
        "@id": "way/568409713",
        "building": "apartments",
        "building:levels": "6",
        "name": "20幢"
      },
      "geometry": {
        "type": "Polygon",
        "coordinates": [
          [
            [
              118.7894031,
              31.9088871
            ],
            [
              118.7894018,
              31.9087491
            ],
            [
              118.7902809,
              31.9087432
            ],
            [
              118.7902822,
              31.9088812
            ],
            [
              118.7894031,
              31.9088871
            ]
          ]
        ]
      },
      "id": "way/568409713"
    },
    {
      "type": "Feature",
      "properties": {
        "@id": "way/568409715",
        "building": "apartments",
        "building:levels": "6",
        "name": "19幢"
      },
      "geometry": {
        "type": "Polygon",
        "coordinates": [
          [
            [
              118.7896568,
              31.9092434
            ],
            [
              118.7896594,
              31.9091055
            ],
            [
              118.7902257,
              31.909113
            ],
            [
              118.7902262,
              31.9090846
            ],
            [
              118.7902849,
              31.9090853
            ],
            [
              118.7902818,
              31.9092517
            ],
            [
              118.7896568,
              31.9092434
            ]
          ]
        ]
      },
      "id": "way/568409715"
    },
    {
      "type": "Feature",
      "properties": {
        "@id": "way/568409718",
        "building": "apartments",
        "building:levels": "6",
        "name": "18幢"
      },
      "geometry": {
        "type": "Polygon",
        "coordinates": [
          [
            [
              118.7895697,
              31.9095799
            ],
            [
              118.7895683,
              31.9094535
            ],
            [
              118.7901939,
              31.9094485
            ],
            [
              118.7902296,
              31.9094736
            ],
            [
              118.7902444,
              31.9095003
            ],
            [
              118.7902472,
              31.9095216
            ],
            [
              118.7902489,
              31.9095383
            ],
            [
              118.7902509,
              31.9095667
            ],
            [
              118.790251,
              31.9095744
            ],
            [
              118.7895697,
              31.9095799
            ]
          ]
        ]
      },
      "id": "way/568409718"
    },
    {
      "type": "Feature",
      "properties": {
        "@id": "way/568409720",
        "building": "apartments",
        "building:levels": "6",
        "name": "17幢"
      },
      "geometry": {
        "type": "Polygon",
        "coordinates": [
          [
            [
              118.7896229,
              31.9098031
            ],
            [
              118.7902653,
              31.9098005
            ],
            [
              118.7902663,
              31.9099704
            ],
            [
              118.7896239,
              31.9099731
            ],
            [
              118.7896229,
              31.9098031
            ]
          ]
        ]
      },
      "id": "way/568409720"
    },
    {
      "type": "Feature",
      "properties": {
        "@id": "way/568409721",
        "building": "apartments",
        "building:levels": "6",
        "name": "16幢"
      },
      "geometry": {
        "type": "Polygon",
        "coordinates": [
          [
            [
              118.7892115,
              31.9103492
            ],
            [
              118.7892083,
              31.9101999
            ],
            [
              118.7902696,
              31.9101832
            ],
            [
              118.7902737,
              31.9103699
            ],
            [
              118.7902239,
              31.9103707
            ],
            [
              118.7902231,
              31.9103332
            ],
            [
              118.7892115,
              31.9103492
            ]
          ]
        ]
      },
      "id": "way/568409721"
    },
    {
      "type": "Feature",
      "properties": {
        "@id": "way/568409722",
        "building": "apartments",
        "building:levels": "6",
        "name": "15幢"
      },
      "geometry": {
        "type": "Polygon",
        "coordinates": [
          [
            [
              118.7893519,
              31.9106797
            ],
            [
              118.7893549,
              31.9105332
            ],
            [
              118.7902033,
              31.9105458
            ],
            [
              118.7902039,
              31.9105205
            ],
            [
              118.7902766,
              31.9105216
            ],
            [
              118.7902731,
              31.9106935
            ],
            [
              118.7893519,
              31.9106797
            ]
          ]
        ]
      },
      "id": "way/568409722"
    },
    {
      "type": "Feature",
      "properties": {
        "@id": "way/568409723",
        "building": "apartments",
        "building:levels": "6",
        "name": "28幢"
      },
      "geometry": {
        "type": "Polygon",
        "coordinates": [
          [
            [
              118.7891842,
              31.9099201
            ],
            [
              118.7891839,
              31.9097932
            ],
            [
              118.7894366,
              31.9097928
            ],
            [
              118.7894369,
              31.9099197
            ],
            [
              118.7891842,
              31.9099201
            ]
          ]
        ]
      },
      "id": "way/568409723"
    },
    {
      "type": "Feature",
      "properties": {
        "@id": "way/568409724",
        "building": "apartments",
        "building:levels": "6",
        "name": "30幢"
      },
      "geometry": {
        "type": "Polygon",
        "coordinates": [
          [
            [
              118.7891292,
              31.9095806
            ],
            [
              118.7891318,
              31.9094341
            ],
            [
              118.7893918,
              31.9094375
            ],
            [
              118.7893891,
              31.909584
            ],
            [
              118.7891292,
              31.9095806
            ]
          ]
        ]
      },
      "id": "way/568409724"
    },
    {
      "type": "Feature",
      "properties": {
        "@id": "way/568409725",
        "building": "apartments",
        "building:levels": "6",
        "name": "32幢"
      },
      "geometry": {
        "type": "Polygon",
        "coordinates": [
          [
            [
              118.7892248,
              31.9092462
            ],
            [
              118.7892248,
              31.9090926
            ],
            [
              118.7895005,
              31.9090926
            ],
            [
              118.7895005,
              31.9092462
            ],
            [
              118.7892248,
              31.9092462
            ]
          ]
        ]
      },
      "id": "way/568409725"
    },
    {
      "type": "Feature",
      "properties": {
        "@id": "way/568409726",
        "building": "apartments",
        "building:levels": "6",
        "name": "34幢"
      },
      "geometry": {
        "type": "Polygon",
        "coordinates": [
          [
            [
              118.7888488,
              31.908582
            ],
            [
              118.7888484,
              31.9084373
            ],
            [
              118.7891357,
              31.9084368
            ],
            [
              118.789136,
              31.9085815
            ],
            [
              118.7888488,
              31.908582
            ]
          ]
        ]
      },
      "id": "way/568409726"
    },
    {
      "type": "Feature",
      "properties": {
        "@id": "way/568409727",
        "building": "apartments",
        "building:levels": "6",
        "name": "33幢"
      },
      "geometry": {
        "type": "Polygon",
        "coordinates": [
          [
            [
              118.7890496,
              31.9089259
            ],
            [
              118.789048,
              31.9090855
            ],
            [
              118.7887621,
              31.9090834
            ],
            [
              118.7887638,
              31.9089238
            ],
            [
              118.7890496,
              31.9089259
            ]
          ]
        ]
      },
      "id": "way/568409727"
    },
    {
      "type": "Feature",
      "properties": {
        "@id": "way/568409728",
        "building": "apartments",
        "building:levels": "6",
        "name": "31幢"
      },
      "geometry": {
        "type": "Polygon",
        "coordinates": [
          [
            [
              118.7885763,
              31.9093996
            ],
            [
              118.788577,
              31.9092666
            ],
            [
              118.7888579,
              31.9092678
            ],
            [
              118.7888571,
              31.9094008
            ],
            [
              118.7885763,
              31.9093996
            ]
          ]
        ]
      },
      "id": "way/568409728"
    },
    {
      "type": "Feature",
      "properties": {
        "@id": "way/568409729",
        "building": "apartments",
        "building:levels": "6",
        "name": "29幢"
      },
      "geometry": {
        "type": "Polygon",
        "coordinates": [
          [
            [
              118.7885386,
              31.9097425
            ],
            [
              118.7885374,
              31.9096086
            ],
            [
              118.788812,
              31.9096068
            ],
            [
              118.7888132,
              31.9097408
            ],
            [
              118.7885386,
              31.9097425
            ]
          ]
        ]
      },
      "id": "way/568409729"
    },
    {
      "type": "Feature",
      "properties": {
        "@id": "way/568409730",
        "building": "apartments",
        "building:levels": "6",
        "name": "27幢"
      },
      "geometry": {
        "type": "Polygon",
        "coordinates": [
          [
            [
              118.7888068,
              31.9101198
            ],
            [
              118.7888051,
              31.909979
            ],
            [
              118.7890997,
              31.9099763
            ],
            [
              118.7891015,
              31.9101171
            ],
            [
              118.7888068,
              31.9101198
            ]
          ]
        ]
      },
      "id": "way/568409730"
    },
    {
      "type": "Feature",
      "properties": {
        "@id": "way/568409731",
        "building": "yes"
      },
      "geometry": {
        "type": "Polygon",
        "coordinates": [
          [
            [
              118.7866921,
              31.9093661
            ],
            [
              118.7866944,
              31.9088085
            ],
            [
              118.7869849,
              31.9088094
            ],
            [
              118.7869825,
              31.909367
            ],
            [
              118.7866921,
              31.9093661
            ]
          ]
        ]
      },
      "id": "way/568409731"
    },
    {
      "type": "Feature",
      "properties": {
        "@id": "way/568409732",
        "building": "apartments",
        "building:levels": "6",
        "name": "3幢"
      },
      "geometry": {
        "type": "Polygon",
        "coordinates": [
          [
            [
              118.7874628,
              31.908927
            ],
            [
              118.7874633,
              31.9087665
            ],
            [
              118.7880188,
              31.9087675
            ],
            [
              118.7880184,
              31.9089281
            ],
            [
              118.7874628,
              31.908927
            ]
          ]
        ]
      },
      "id": "way/568409732"
    },
    {
      "type": "Feature",
      "properties": {
        "@id": "way/568409733",
        "building": "apartments",
        "building:levels": "6",
        "name": "2幢"
      },
      "geometry": {
        "type": "Polygon",
        "coordinates": [
          [
            [
              118.7874936,
              31.9092605
            ],
            [
              118.78752,
              31.9092604
            ],
            [
              118.78752,
              31.9091749
            ],
            [
              118.7879916,
              31.9091746
            ],
            [
              118.7879917,
              31.9092013
            ],
            [
              118.7883618,
              31.9092011
            ],
            [
              118.788362,
              31.9093403
            ],
            [
              118.7880109,
              31.9093405
            ],
            [
              118.7880109,
              31.909311
            ],
            [
              118.7875701,
              31.9093113
            ],
            [
              118.7875701,
              31.909366
            ],
            [
              118.7874937,
              31.9093661
            ],
            [
              118.7874936,
              31.9092605
            ]
          ]
        ]
      },
      "id": "way/568409733"
    },
    {
      "type": "Feature",
      "properties": {
        "@id": "way/568409735",
        "building": "apartments",
        "building:levels": "6",
        "name": "1幢"
      },
      "geometry": {
        "type": "Polygon",
        "coordinates": [
          [
            [
              118.7875059,
              31.9096374
            ],
            [
              118.7875077,
              31.9094964
            ],
            [
              118.7875966,
              31.9094972
            ],
            [
              118.7875963,
              31.9095241
            ],
            [
              118.7883332,
              31.9095306
            ],
            [
              118.7883315,
              31.909673
            ],
            [
              118.7879484,
              31.9096696
            ],
            [
              118.7879487,
              31.9096412
            ],
            [
              118.7875059,
              31.9096374
            ]
          ]
        ]
      },
      "id": "way/568409735"
    },
    {
      "type": "Feature",
      "properties": {
        "@id": "way/568409737",
        "building": "yes"
      },
      "geometry": {
        "type": "Polygon",
        "coordinates": [
          [
            [
              118.7865443,
              31.9084518
            ],
            [
              118.7865016,
              31.9081411
            ],
            [
              118.7868479,
              31.9081068
            ],
            [
              118.7868906,
              31.9084175
            ],
            [
              118.7865443,
              31.9084518
            ]
          ]
        ]
      },
      "id": "way/568409737"
    },
    {
      "type": "Feature",
      "properties": {
        "@id": "way/568409738",
        "building": "yes"
      },
      "geometry": {
        "type": "Polygon",
        "coordinates": [
          [
            [
              118.7865011,
              31.9081354
            ],
            [
              118.7864282,
              31.9075679
            ],
            [
              118.7866126,
              31.9075508
            ],
            [
              118.7866163,
              31.9075795
            ],
            [
              118.7866528,
              31.9075761
            ],
            [
              118.7867161,
              31.9080685
            ],
            [
              118.7865707,
              31.908082
            ],
            [
              118.7865766,
              31.9081284
            ],
            [
              118.7865011,
              31.9081354
            ]
          ]
        ]
      },
      "id": "way/568409738"
    },
    {
      "type": "Feature",
      "properties": {
        "@id": "way/568409739",
        "building": "apartments",
        "name": "54幢"
      },
      "geometry": {
        "type": "Polygon",
        "coordinates": [
          [
            [
              118.7867972,
              31.9096931
            ],
            [
              118.7867969,
              31.9096305
            ],
            [
              118.7868368,
              31.9096304
            ],
            [
              118.7868364,
              31.909514
            ],
            [
              118.78714,
              31.9095132
            ],
            [
              118.7873528,
              31.9095145
            ],
            [
              118.7873525,
              31.9095525
            ],
            [
              118.787375,
              31.9095527
            ],
            [
              118.7873737,
              31.9096914
            ],
            [
              118.7867972,
              31.9096931
            ]
          ]
        ]
      },
      "id": "way/568409739"
    },
    {
      "type": "Feature",
      "properties": {
        "@id": "way/568409740",
        "building": "apartments",
        "name": "55幢"
      },
      "geometry": {
        "type": "Polygon",
        "coordinates": [
          [
            [
              118.78714,
              31.9095132
            ],
            [
              118.7871564,
              31.9087647
            ],
            [
              118.7873728,
              31.9087682
            ],
            [
              118.7873528,
              31.9095145
            ],
            [
              118.78714,
              31.9095132
            ]
          ]
        ]
      },
      "id": "way/568409740"
    },
    {
      "type": "Feature",
      "properties": {
        "@id": "way/570848506",
        "building": "apartments",
        "building:levels": "6",
        "name": "16舍"
      },
      "geometry": {
        "type": "Polygon",
        "coordinates": [
          [
            [
              118.7773004,
              31.9177166
            ],
            [
              118.7766018,
              31.9177158
            ],
            [
              118.7766018,
              31.9176558
            ],
            [
              118.7765465,
              31.9176557
            ],
            [
              118.7765467,
              31.9175361
            ],
            [
              118.7773369,
              31.9175371
            ],
            [
              118.7773367,
              31.9176549
            ],
            [
              118.7773005,
              31.9176549
            ],
            [
              118.7773004,
              31.9177166
            ]
          ]
        ]
      },
      "id": "way/570848506"
    },
    {
      "type": "Feature",
      "properties": {
        "@id": "way/678421277",
        "building": "apartments",
        "building:levels": "6",
        "name": "10舍"
      },
      "geometry": {
        "type": "Polygon",
        "coordinates": [
          [
            [
              118.7779478,
              31.9185059
            ],
            [
              118.7779525,
              31.9183449
            ],
            [
              118.7785826,
              31.9183583
            ],
            [
              118.77858,
              31.9184471
            ],
            [
              118.7785115,
              31.9184457
            ],
            [
              118.77851,
              31.9184971
            ],
            [
              118.7784689,
              31.9184962
            ],
            [
              118.7784581,
              31.9185167
            ],
            [
              118.7779478,
              31.9185059
            ]
          ]
        ]
      },
      "id": "way/678421277"
    },
    {
      "type": "Feature",
      "properties": {
        "@id": "way/685339951",
        "building": "university",
        "building:levels": "5",
        "name": "致用楼"
      },
      "geometry": {
        "type": "Polygon",
        "coordinates": [
          [
            [
              118.7797005,
              31.9172799
            ],
            [
              118.7797008,
              31.9171752
            ],
            [
              118.7797498,
              31.9171754
            ],
            [
              118.7797516,
              31.9169097
            ],
            [
              118.7797836,
              31.9169099
            ],
            [
              118.779785,
              31.916798
            ],
            [
              118.7796184,
              31.9167965
            ],
            [
              118.7796202,
              31.9166592
            ],
            [
              118.7797831,
              31.9166608
            ],
            [
              118.7797842,
              31.9165791
            ],
            [
              118.7797505,
              31.9165788
            ],
            [
              118.779755,
              31.9163077
            ],
            [
              118.7797042,
              31.916307
            ],
            [
              118.7797064,
              31.9161785
            ],
            [
              118.7804226,
              31.9161874
            ],
            [
              118.7804216,
              31.9162483
            ],
            [
              118.7804618,
              31.9162487
            ],
            [
              118.7804604,
              31.916353
            ],
            [
              118.7798732,
              31.9163476
            ],
            [
              118.7798714,
              31.9164986
            ],
            [
              118.7804516,
              31.9165035
            ],
            [
              118.7804504,
              31.916611
            ],
            [
              118.7803612,
              31.9166104
            ],
            [
              118.7803609,
              31.9166491
            ],
            [
              118.7800912,
              31.9166477
            ],
            [
              118.780091,
              31.9166788
            ],
            [
              118.7802222,
              31.9166792
            ],
            [
              118.7802218,
              31.9168045
            ],
            [
              118.7800672,
              31.9168042
            ],
            [
              118.7800671,
              31.9168632
            ],
            [
              118.7803206,
              31.9168635
            ],
            [
              118.7803205,
              31.9169008
            ],
            [
              118.7804255,
              31.9169009
            ],
            [
              118.7804255,
              31.9169486
            ],
            [
              118.7798413,
              31.9169482
            ],
            [
              118.779841,
              31.917173
            ],
            [
              118.7803898,
              31.9171735
            ],
            [
              118.7803897,
              31.917281
            ],
            [
              118.7797005,
              31.9172799
            ]
          ]
        ]
      },
      "id": "way/685339951"
    },
    {
      "type": "Feature",
      "properties": {
        "@id": "way/685783935",
        "building": "apartments",
        "building:levels": "6",
        "name": "9舍"
      },
      "geometry": {
        "type": "Polygon",
        "coordinates": [
          [
            [
              118.777936,
              31.9188845
            ],
            [
              118.7779387,
              31.9187183
            ],
            [
              118.778507,
              31.918725
            ],
            [
              118.778506,
              31.9187853
            ],
            [
              118.7785843,
              31.9187862
            ],
            [
              118.7785826,
              31.9188922
            ],
            [
              118.777936,
              31.9188845
            ]
          ]
        ]
      },
      "id": "way/685783935"
    },
    {
      "type": "Feature",
      "properties": {
        "@id": "way/685783937",
        "building": "apartments"
      },
      "geometry": {
        "type": "Polygon",
        "coordinates": [
          [
            [
              118.7784155,
              31.9186717
            ],
            [
              118.7784166,
              31.9185531
            ],
            [
              118.7786008,
              31.9185543
            ],
            [
              118.7785998,
              31.9186728
            ],
            [
              118.7784155,
              31.9186717
            ]
          ]
        ]
      },
      "id": "way/685783937"
    },
    {
      "type": "Feature",
      "properties": {
        "@id": "way/685783939",
        "building": "apartments",
        "building:levels": "6",
        "name": "11舍"
      },
      "geometry": {
        "type": "Polygon",
        "coordinates": [
          [
            [
              118.778589,
              31.9180121
            ],
            [
              118.7785863,
              31.9181209
            ],
            [
              118.778148,
              31.9181132
            ],
            [
              118.7781493,
              31.918058
            ],
            [
              118.7780794,
              31.9180567
            ],
            [
              118.7780822,
              31.9179418
            ],
            [
              118.7785209,
              31.9179495
            ],
            [
              118.7785194,
              31.9180109
            ],
            [
              118.778589,
              31.9180121
            ]
          ]
        ]
      },
      "id": "way/685783939"
    },
    {
      "type": "Feature",
      "properties": {
        "@id": "way/711933535",
        "building": "apartments",
        "building:levels": "6",
        "name": "14舍"
      },
      "geometry": {
        "type": "Polygon",
        "coordinates": [
          [
            [
              118.7776503,
              31.9177208
            ],
            [
              118.7776494,
              31.9177119
            ],
            [
              118.7776096,
              31.9177127
            ],
            [
              118.777602,
              31.9176733
            ],
            [
              118.7775166,
              31.9176733
            ],
            [
              118.7775252,
              31.9175622
            ],
            [
              118.7780154,
              31.9175582
            ],
            [
              118.7780126,
              31.9177208
            ],
            [
              118.7776503,
              31.9177208
            ]
          ]
        ]
      },
      "id": "way/711933535"
    },
    {
      "type": "Feature",
      "properties": {
        "@id": "way/711933536",
        "building": "apartments",
        "building:levels": "6",
        "name": "12舍"
      },
      "geometry": {
        "type": "Polygon",
        "coordinates": [
          [
            [
              118.7781078,
              31.9177174
            ],
            [
              118.7781114,
              31.9175657
            ],
            [
              118.7785945,
              31.9175717
            ],
            [
              118.7785998,
              31.9176783
            ],
            [
              118.7785113,
              31.9176753
            ],
            [
              118.7785166,
              31.9176423
            ],
            [
              118.7784724,
              31.9176423
            ],
            [
              118.7784635,
              31.9177249
            ],
            [
              118.7781078,
              31.9177174
            ]
          ]
        ]
      },
      "id": "way/711933536"
    },
    {
      "type": "Feature",
      "properties": {
        "@id": "way/711933537",
        "building": "apartments",
        "building:levels": "6",
        "name": "13舍"
      },
      "geometry": {
        "type": "Polygon",
        "coordinates": [
          [
            [
              118.7775239,
              31.9181064
            ],
            [
              118.777515,
              31.9179923
            ],
            [
              118.7775929,
              31.9180013
            ],
            [
              118.7776,
              31.9179622
            ],
            [
              118.777646,
              31.9179667
            ],
            [
              118.7776513,
              31.9179472
            ],
            [
              118.7780176,
              31.9179517
            ],
            [
              118.7780158,
              31.9180283
            ],
            [
              118.7780176,
              31.9180614
            ],
            [
              118.7779645,
              31.9180674
            ],
            [
              118.7779627,
              31.9181064
            ],
            [
              118.7775239,
              31.9181064
            ]
          ]
        ]
      },
      "id": "way/711933537"
    },
    {
      "type": "Feature",
      "properties": {
        "@id": "way/711933538",
        "building": "yes",
        "building:levels": "1",
        "height": "10"
      },
      "geometry": {
        "type": "Polygon",
        "coordinates": [
          [
            [
              118.7778624,
              31.9150023
            ],
            [
              118.7778797,
              31.9142776
            ],
            [
              118.7787888,
              31.9142932
            ],
            [
              118.7787716,
              31.9150179
            ],
            [
              118.7778624,
              31.9150023
            ]
          ]
        ]
      },
      "id": "way/711933538"
    },
    {
      "type": "Feature",
      "properties": {
        "@id": "way/711933539",
        "building": "yes",
        "building:levels": "12",
        "name": "厚学楼"
      },
      "geometry": {
        "type": "Polygon",
        "coordinates": [
          [
            [
              118.7769565,
              31.9135498
            ],
            [
              118.776957,
              31.913261
            ],
            [
              118.7775389,
              31.9132618
            ],
            [
              118.7775381,
              31.9136903
            ],
            [
              118.7772717,
              31.91369
            ],
            [
              118.777272,
              31.9135502
            ],
            [
              118.7769565,
              31.9135498
            ]
          ]
        ]
      },
      "id": "way/711933539"
    },
    {
      "type": "Feature",
      "properties": {
        "@id": "way/711933540",
        "building": "university",
        "building:levels": "10",
        "name": "博学楼B"
      },
      "geometry": {
        "type": "Polygon",
        "coordinates": [
          [
            [
              118.782652,
              31.9142551
            ],
            [
              118.7820599,
              31.9142455
            ],
            [
              118.7820615,
              31.9141741
            ],
            [
              118.7818088,
              31.91417
            ],
            [
              118.7818042,
              31.9143762
            ],
            [
              118.7825005,
              31.9143875
            ],
            [
              118.7824961,
              31.9145816
            ],
            [
              118.7824155,
              31.9145803
            ],
            [
              118.7824173,
              31.9145005
            ],
            [
              118.782249,
              31.9144978
            ],
            [
              118.7822473,
              31.9145754
            ],
            [
              118.7816675,
              31.9145661
            ],
            [
              118.7816691,
              31.9144952
            ],
            [
              118.7816036,
              31.9144942
            ],
            [
              118.7816137,
              31.9140451
            ],
            [
              118.7826564,
              31.914062
            ],
            [
              118.782652,
              31.9142551
            ]
          ]
        ]
      },
      "id": "way/711933540"
    },
    {
      "type": "Feature",
      "properties": {
        "@id": "way/711933544",
        "building": "yes",
        "building:levels": "20"
      },
      "geometry": {
        "type": "Polygon",
        "coordinates": [
          [
            [
              118.7826257,
              31.9145914
            ],
            [
              118.7826265,
              31.9144026
            ],
            [
              118.7831603,
              31.9144042
            ],
            [
              118.7831595,
              31.9145929
            ],
            [
              118.7826257,
              31.9145914
            ]
          ]
        ]
      },
      "id": "way/711933544"
    },
    {
      "type": "Feature",
      "properties": {
        "@id": "way/711933545",
        "building": "yes",
        "building:levels": "7"
      },
      "geometry": {
        "type": "Polygon",
        "coordinates": [
          [
            [
              118.7790496,
              31.9149682
            ],
            [
              118.7790518,
              31.9147952
            ],
            [
              118.7799129,
              31.9148031
            ],
            [
              118.7799107,
              31.9149761
            ],
            [
              118.7790496,
              31.9149682
            ]
          ]
        ]
      },
      "id": "way/711933545"
    },
    {
      "type": "Feature",
      "properties": {
        "@id": "way/711933546",
        "building": "yes",
        "building:levels": "5"
      },
      "geometry": {
        "type": "Polygon",
        "coordinates": [
          [
            [
              118.7791026,
              31.9153461
            ],
            [
              118.7791051,
              31.9151848
            ],
            [
              118.7796128,
              31.9151905
            ],
            [
              118.7796139,
              31.9152421
            ],
            [
              118.7797043,
              31.9152419
            ],
            [
              118.7796864,
              31.915292
            ],
            [
              118.7796452,
              31.9153412
            ],
            [
              118.7795759,
              31.9153866
            ],
            [
              118.7795061,
              31.9154092
            ],
            [
              118.7794468,
              31.9154171
            ],
            [
              118.7793794,
              31.9154112
            ],
            [
              118.7793209,
              31.9153902
            ],
            [
              118.7792468,
              31.9153477
            ],
            [
              118.7791026,
              31.9153461
            ]
          ]
        ]
      },
      "id": "way/711933546"
    },
    {
      "type": "Feature",
      "properties": {
        "@id": "way/711933547",
        "building": "apartments",
        "building:levels": "6",
        "name": "3舍"
      },
      "geometry": {
        "type": "Polygon",
        "coordinates": [
          [
            [
              118.7817386,
              31.9193272
            ],
            [
              118.7817379,
              31.9191884
            ],
            [
              118.7825678,
              31.919185
            ],
            [
              118.7825686,
              31.919324
            ],
            [
              118.7817386,
              31.9193272
            ]
          ]
        ]
      },
      "id": "way/711933547"
    },
    {
      "type": "Feature",
      "properties": {
        "@id": "way/711933548",
        "building": "apartments",
        "building:levels": "6",
        "name": "2舍"
      },
      "geometry": {
        "type": "Polygon",
        "coordinates": [
          [
            [
              118.7818581,
              31.9190013
            ],
            [
              118.7818571,
              31.9188303
            ],
            [
              118.7825936,
              31.9188269
            ],
            [
              118.7825947,
              31.9189981
            ],
            [
              118.7818581,
              31.9190013
            ]
          ]
        ]
      },
      "id": "way/711933548"
    },
    {
      "type": "Feature",
      "properties": {
        "@id": "way/711933549",
        "building": "apartments",
        "building:levels": "6",
        "name": "1舍"
      },
      "geometry": {
        "type": "Polygon",
        "coordinates": [
          [
            [
              118.7817016,
              31.9186278
            ],
            [
              118.7817,
              31.9185076
            ],
            [
              118.7825625,
              31.9184993
            ],
            [
              118.7825642,
              31.9186193
            ],
            [
              118.7817016,
              31.9186278
            ]
          ]
        ]
      },
      "id": "way/711933549"
    },
    {
      "type": "Feature",
      "properties": {
        "@id": "way/711933550",
        "building": "yes",
        "building:levels": "3",
        "height": "30",
        "leisure": "sports_hall",
        "name": "文体中心",
        "sport": "basketball;badminton"
      },
      "geometry": {
        "type": "Polygon",
        "coordinates": [
          [
            [
              118.784805,
              31.9181947
            ],
            [
              118.7848094,
              31.9168337
            ],
            [
              118.7856891,
              31.9168358
            ],
            [
              118.785685,
              31.9180695
            ],
            [
              118.7853417,
              31.9180687
            ],
            [
              118.7853413,
              31.9181959
            ],
            [
              118.784805,
              31.9181947
            ]
          ]
        ]
      },
      "id": "way/711933550"
    },
    {
      "type": "Feature",
      "properties": {
        "@id": "way/711933551",
        "building": "yes",
        "building:levels": "6"
      },
      "geometry": {
        "type": "Polygon",
        "coordinates": [
          [
            [
              118.7839966,
              31.9152873
            ],
            [
              118.784049,
              31.9151438
            ],
            [
              118.7843169,
              31.9152143
            ],
            [
              118.7842645,
              31.9153578
            ],
            [
              118.7839966,
              31.9152873
            ]
          ]
        ]
      },
      "id": "way/711933551"
    },
    {
      "type": "Feature",
      "properties": {
        "@id": "way/711933552",
        "building": "yes",
        "building:levels": "6"
      },
      "geometry": {
        "type": "Polygon",
        "coordinates": [
          [
            [
              118.7838182,
              31.9149529
            ],
            [
              118.7838684,
              31.9148251
            ],
            [
              118.7845172,
              31.9150087
            ],
            [
              118.7844671,
              31.9151364
            ],
            [
              118.7838182,
              31.9149529
            ]
          ]
        ]
      },
      "id": "way/711933552"
    },
    {
      "type": "Feature",
      "properties": {
        "@id": "way/711933553",
        "building": "yes",
        "building:levels": "6"
      },
      "geometry": {
        "type": "Polygon",
        "coordinates": [
          [
            [
              118.7837867,
              31.9146831
            ],
            [
              118.783843,
              31.9145504
            ],
            [
              118.7844756,
              31.9147438
            ],
            [
              118.7844192,
              31.9148766
            ],
            [
              118.7837867,
              31.9146831
            ]
          ]
        ]
      },
      "id": "way/711933553"
    },
    {
      "type": "Feature",
      "properties": {
        "@id": "way/711933554",
        "building": "yes",
        "building:levels": "6"
      },
      "geometry": {
        "type": "Polygon",
        "coordinates": [
          [
            [
              118.7838588,
              31.9144643
            ],
            [
              118.7839007,
              31.9143537
            ],
            [
              118.7844728,
              31.9145099
            ],
            [
              118.7844308,
              31.9146206
            ],
            [
              118.7838588,
              31.9144643
            ]
          ]
        ]
      },
      "id": "way/711933554"
    },
    {
      "type": "Feature",
      "properties": {
        "@id": "way/711933556",
        "building": "university",
        "building:levels": "5",
        "name": "致高楼B"
      },
      "geometry": {
        "type": "Polygon",
        "coordinates": [
          [
            [
              118.7815516,
              31.9178025
            ],
            [
              118.7815519,
              31.9177065
            ],
            [
              118.7814073,
              31.9177062
            ],
            [
              118.7814077,
              31.9176087
            ],
            [
              118.7815652,
              31.9176086
            ],
            [
              118.7815949,
              31.9176092
            ],
            [
              118.7816162,
              31.9176087
            ],
            [
              118.7822677,
              31.9176108
            ],
            [
              118.7822674,
              31.9176902
            ],
            [
              118.7823306,
              31.9176904
            ],
            [
              118.7823304,
              31.9177657
            ],
            [
              118.7821268,
              31.9177653
            ],
            [
              118.7821267,
              31.9178036
            ],
            [
              118.7815683,
              31.9178025
            ],
            [
              118.7815516,
              31.9178025
            ]
          ]
        ]
      },
      "id": "way/711933556"
    },
    {
      "type": "Feature",
      "properties": {
        "@id": "way/711933559",
        "building": "yes",
        "building:levels": "5",
        "name": "致远楼"
      },
      "geometry": {
        "type": "Polygon",
        "coordinates": [
          [
            [
              118.7810437,
              31.9166745
            ],
            [
              118.7810452,
              31.9165706
            ],
            [
              118.7815714,
              31.9165762
            ],
            [
              118.7815746,
              31.9163623
            ],
            [
              118.7811054,
              31.9163573
            ],
            [
              118.7811073,
              31.9162329
            ],
            [
              118.781601,
              31.9162382
            ],
            [
              118.7816018,
              31.9161863
            ],
            [
              118.7816492,
              31.9161868
            ],
            [
              118.7816472,
              31.9163027
            ],
            [
              118.7817516,
              31.9163046
            ],
            [
              118.781792,
              31.9163595
            ],
            [
              118.781808,
              31.9164251
            ],
            [
              118.7818236,
              31.9164892
            ],
            [
              118.7818143,
              31.9165609
            ],
            [
              118.7817888,
              31.916613
            ],
            [
              118.781712,
              31.9165136
            ],
            [
              118.781674,
              31.9165132
            ],
            [
              118.781673,
              31.9165811
            ],
            [
              118.7817141,
              31.9165815
            ],
            [
              118.7817126,
              31.9166815
            ],
            [
              118.7810437,
              31.9166745
            ]
          ]
        ]
      },
      "id": "way/711933559"
    },
    {
      "type": "Feature",
      "properties": {
        "@id": "way/711933560",
        "building": "yes",
        "building:levels": "5",
        "name": "行政楼"
      },
      "geometry": {
        "type": "Polygon",
        "coordinates": [
          [
            [
              118.7790393,
              31.9145521
            ],
            [
              118.7790431,
              31.9140003
            ],
            [
              118.7799921,
              31.9140049
            ],
            [
              118.7799883,
              31.9145568
            ],
            [
              118.7790393,
              31.9145521
            ]
          ]
        ]
      },
      "id": "way/711933560"
    },
    {
      "type": "Feature",
      "properties": {
        "@id": "way/885817063",
        "building": "apartments"
      },
      "geometry": {
        "type": "Polygon",
        "coordinates": [
          [
            [
              118.7945222,
              31.9149368
            ],
            [
              118.7945201,
              31.9147157
            ],
            [
              118.7949033,
              31.914713
            ],
            [
              118.7949055,
              31.9149341
            ],
            [
              118.7945222,
              31.9149368
            ]
          ]
        ]
      },
      "id": "way/885817063"
    },
    {
      "type": "Feature",
      "properties": {
        "@id": "way/885817064",
        "building": "apartments"
      },
      "geometry": {
        "type": "Polygon",
        "coordinates": [
          [
            [
              118.7941253,
              31.9146135
            ],
            [
              118.7941231,
              31.9143924
            ],
            [
              118.7945063,
              31.9143897
            ],
            [
              118.7945085,
              31.9146108
            ],
            [
              118.7941253,
              31.9146135
            ]
          ]
        ]
      },
      "id": "way/885817064"
    },
    {
      "type": "Feature",
      "properties": {
        "@id": "way/885817065",
        "building": "apartments"
      },
      "geometry": {
        "type": "Polygon",
        "coordinates": [
          [
            [
              118.7936049,
              31.914272
            ],
            [
              118.7936028,
              31.9140509
            ],
            [
              118.793986,
              31.9140482
            ],
            [
              118.7939882,
              31.9142692
            ],
            [
              118.7936049,
              31.914272
            ]
          ]
        ]
      },
      "id": "way/885817065"
    },
    {
      "type": "Feature",
      "properties": {
        "@id": "way/885817069",
        "building": "apartments"
      },
      "geometry": {
        "type": "Polygon",
        "coordinates": [
          [
            [
              118.7945554,
              31.9133489
            ],
            [
              118.7945573,
              31.9131445
            ],
            [
              118.79531,
              31.9131497
            ],
            [
              118.7953081,
              31.9133542
            ],
            [
              118.7945554,
              31.9133489
            ]
          ]
        ]
      },
      "id": "way/885817069"
    },
    {
      "type": "Feature",
      "properties": {
        "@id": "way/885817070",
        "building": "apartments"
      },
      "geometry": {
        "type": "Polygon",
        "coordinates": [
          [
            [
              118.7938839,
              31.9132155
            ],
            [
              118.7938817,
              31.9129944
            ],
            [
              118.794265,
              31.9129917
            ],
            [
              118.7942671,
              31.9132128
            ],
            [
              118.7938839,
              31.9132155
            ]
          ]
        ]
      },
      "id": "way/885817070"
    },
    {
      "type": "Feature",
      "properties": {
        "@id": "way/885817071",
        "building": "apartments"
      },
      "geometry": {
        "type": "Polygon",
        "coordinates": [
          [
            [
              118.7931911,
              31.9129229
            ],
            [
              118.793189,
              31.9127018
            ],
            [
              118.7935722,
              31.9126991
            ],
            [
              118.7935743,
              31.9129202
            ],
            [
              118.7931911,
              31.9129229
            ]
          ]
        ]
      },
      "id": "way/885817071"
    },
    {
      "type": "Feature",
      "properties": {
        "@id": "way/885817072",
        "building": "apartments"
      },
      "geometry": {
        "type": "Polygon",
        "coordinates": [
          [
            [
              118.7931066,
              31.9139929
            ],
            [
              118.7931045,
              31.9137718
            ],
            [
              118.7934877,
              31.9137691
            ],
            [
              118.7934899,
              31.9139902
            ],
            [
              118.7931066,
              31.9139929
            ]
          ]
        ]
      },
      "id": "way/885817072"
    },
    {
      "type": "Feature",
      "properties": {
        "@id": "way/885817073",
        "building": "apartments"
      },
      "geometry": {
        "type": "Polygon",
        "coordinates": [
          [
            [
              118.7925862,
              31.9137204
            ],
            [
              118.792584,
              31.9134993
            ],
            [
              118.7929673,
              31.9134966
            ],
            [
              118.7929694,
              31.9137177
            ],
            [
              118.7925862,
              31.9137204
            ]
          ]
        ]
      },
      "id": "way/885817073"
    },
    {
      "type": "Feature",
      "properties": {
        "@id": "way/885817074",
        "building": "apartments"
      },
      "geometry": {
        "type": "Polygon",
        "coordinates": [
          [
            [
              118.7919915,
              31.9133417
            ],
            [
              118.7919893,
              31.9131206
            ],
            [
              118.7923725,
              31.9131179
            ],
            [
              118.7923747,
              31.913339
            ],
            [
              118.7919915,
              31.9133417
            ]
          ]
        ]
      },
      "id": "way/885817074"
    },
    {
      "type": "Feature",
      "properties": {
        "@id": "way/885817075",
        "building": "apartments"
      },
      "geometry": {
        "type": "Polygon",
        "coordinates": [
          [
            [
              118.7927168,
              31.9125385
            ],
            [
              118.7927146,
              31.9123173
            ],
            [
              118.7930978,
              31.9123146
            ],
            [
              118.7931,
              31.9125357
            ],
            [
              118.7927168,
              31.9125385
            ]
          ]
        ]
      },
      "id": "way/885817075"
    },
    {
      "type": "Feature",
      "properties": {
        "@id": "way/885817076",
        "building": "apartments"
      },
      "geometry": {
        "type": "Polygon",
        "coordinates": [
          [
            [
              118.7921119,
              31.912527
            ],
            [
              118.7921097,
              31.9123059
            ],
            [
              118.7924929,
              31.9123032
            ],
            [
              118.7924951,
              31.9125242
            ],
            [
              118.7921119,
              31.912527
            ]
          ]
        ]
      },
      "id": "way/885817076"
    },
    {
      "type": "Feature",
      "properties": {
        "@id": "way/885817082",
        "building": "yes"
      },
      "geometry": {
        "type": "Polygon",
        "coordinates": [
          [
            [
              118.7948628,
              31.9118655
            ],
            [
              118.7948675,
              31.9112944
            ],
            [
              118.7953955,
              31.9112976
            ],
            [
              118.7953907,
              31.9118686
            ],
            [
              118.7948628,
              31.9118655
            ]
          ]
        ]
      },
      "id": "way/885817082"
    },
    {
      "type": "Feature",
      "properties": {
        "@id": "way/885817083",
        "building": "yes"
      },
      "geometry": {
        "type": "Polygon",
        "coordinates": [
          [
            [
              118.7938707,
              31.9118764
            ],
            [
              118.7938755,
              31.9113053
            ],
            [
              118.7944034,
              31.9113085
            ],
            [
              118.7943987,
              31.9118795
            ],
            [
              118.7938707,
              31.9118764
            ]
          ]
        ]
      },
      "id": "way/885817083"
    },
    {
      "type": "Feature",
      "properties": {
        "@id": "way/885817086",
        "building": "yes"
      },
      "geometry": {
        "type": "Polygon",
        "coordinates": [
          [
            [
              118.7921154,
              31.9104763
            ],
            [
              118.7921468,
              31.9100118
            ],
            [
              118.793233,
              31.9100649
            ],
            [
              118.7932015,
              31.9105292
            ],
            [
              118.7921154,
              31.9104763
            ]
          ]
        ]
      },
      "id": "way/885817086"
    },
    {
      "type": "Feature",
      "properties": {
        "@id": "way/885817087",
        "building": "yes"
      },
      "geometry": {
        "type": "Polygon",
        "coordinates": [
          [
            [
              118.7920943,
              31.9112169
            ],
            [
              118.7921258,
              31.9107524
            ],
            [
              118.7932119,
              31.9108055
            ],
            [
              118.7931805,
              31.9112698
            ],
            [
              118.7920943,
              31.9112169
            ]
          ]
        ]
      },
      "id": "way/885817087"
    },
    {
      "type": "Feature",
      "properties": {
        "@id": "way/885817088",
        "building": "yes"
      },
      "geometry": {
        "type": "Polygon",
        "coordinates": [
          [
            [
              118.7927474,
              31.9120554
            ],
            [
              118.7927457,
              31.9116472
            ],
            [
              118.7931717,
              31.9116459
            ],
            [
              118.7931734,
              31.9120541
            ],
            [
              118.7927474,
              31.9120554
            ]
          ]
        ]
      },
      "id": "way/885817088"
    },
    {
      "type": "Feature",
      "properties": {
        "@id": "way/885817089",
        "building": "yes"
      },
      "geometry": {
        "type": "Polygon",
        "coordinates": [
          [
            [
              118.7921427,
              31.9120682
            ],
            [
              118.7921411,
              31.9116601
            ],
            [
              118.7925671,
              31.9116588
            ],
            [
              118.7925688,
              31.912067
            ],
            [
              118.7921427,
              31.9120682
            ]
          ]
        ]
      },
      "id": "way/885817089"
    },
    {
      "type": "Feature",
      "properties": {
        "@id": "way/885817090",
        "building": "yes"
      },
      "geometry": {
        "type": "Polygon",
        "coordinates": [
          [
            [
              118.7922147,
              31.909621
            ],
            [
              118.7922501,
              31.9086189
            ],
            [
              118.7931035,
              31.9086406
            ],
            [
              118.7930683,
              31.9096427
            ],
            [
              118.7922147,
              31.909621
            ]
          ]
        ]
      },
      "id": "way/885817090"
    },
    {
      "type": "Feature",
      "properties": {
        "@id": "way/885817091",
        "building": "yes"
      },
      "geometry": {
        "type": "Polygon",
        "coordinates": [
          [
            [
              118.7940205,
              31.9091155
            ],
            [
              118.7940205,
              31.9084007
            ],
            [
              118.7953668,
              31.9084006
            ],
            [
              118.7953668,
              31.9091156
            ],
            [
              118.7940205,
              31.9091155
            ]
          ]
        ]
      },
      "id": "way/885817091"
    },
    {
      "type": "Feature",
      "properties": {
        "@id": "way/885852122",
        "building": "apartments"
      },
      "geometry": {
        "type": "Polygon",
        "coordinates": [
          [
            [
              118.7895811,
              31.9251404
            ],
            [
              118.7891628,
              31.9251376
            ],
            [
              118.7891618,
              31.9252408
            ],
            [
              118.7888807,
              31.9252389
            ],
            [
              118.7888823,
              31.9250687
            ],
            [
              118.789185,
              31.9250707
            ],
            [
              118.7891859,
              31.9249829
            ],
            [
              118.7895825,
              31.9249856
            ],
            [
              118.7895811,
              31.9251404
            ]
          ]
        ]
      },
      "id": "way/885852122"
    },
    {
      "type": "Feature",
      "properties": {
        "@id": "way/885852123",
        "building": "house"
      },
      "geometry": {
        "type": "Polygon",
        "coordinates": [
          [
            [
              118.7885553,
              31.9249763
            ],
            [
              118.788349,
              31.9249739
            ],
            [
              118.7883516,
              31.9248172
            ],
            [
              118.7885579,
              31.9248196
            ],
            [
              118.7885553,
              31.9249763
            ]
          ]
        ]
      },
      "id": "way/885852123"
    },
    {
      "type": "Feature",
      "properties": {
        "@id": "way/885852125",
        "building": "house"
      },
      "geometry": {
        "type": "Polygon",
        "coordinates": [
          [
            [
              118.7866898,
              31.9250472
            ],
            [
              118.7864633,
              31.9250432
            ],
            [
              118.7864661,
              31.9249279
            ],
            [
              118.7866926,
              31.9249318
            ],
            [
              118.7866898,
              31.9250472
            ]
          ]
        ]
      },
      "id": "way/885852125"
    },
    {
      "type": "Feature",
      "properties": {
        "@id": "way/885852126",
        "building": "apartments"
      },
      "geometry": {
        "type": "Polygon",
        "coordinates": [
          [
            [
              118.7881982,
              31.9214885
            ],
            [
              118.7882027,
              31.9213562
            ],
            [
              118.788787,
              31.9213706
            ],
            [
              118.7887824,
              31.9215028
            ],
            [
              118.7881982,
              31.9214885
            ]
          ]
        ]
      },
      "id": "way/885852126"
    },
    {
      "type": "Feature",
      "properties": {
        "@id": "way/885852127",
        "building": "apartments"
      },
      "geometry": {
        "type": "Polygon",
        "coordinates": [
          [
            [
              118.7890545,
              31.9214301
            ],
            [
              118.789059,
              31.9212978
            ],
            [
              118.7896433,
              31.9213122
            ],
            [
              118.7896387,
              31.9214444
            ],
            [
              118.7890545,
              31.9214301
            ]
          ]
        ]
      },
      "id": "way/885852127"
    },
    {
      "type": "Feature",
      "properties": {
        "@id": "way/885852128",
        "building": "apartments"
      },
      "geometry": {
        "type": "Polygon",
        "coordinates": [
          [
            [
              118.7890247,
              31.9218818
            ],
            [
              118.7890292,
              31.9217495
            ],
            [
              118.7896135,
              31.9217639
            ],
            [
              118.7896089,
              31.9218961
            ],
            [
              118.7890247,
              31.9218818
            ]
          ]
        ]
      },
      "id": "way/885852128"
    },
    {
      "type": "Feature",
      "properties": {
        "@id": "way/885852129",
        "building": "apartments"
      },
      "geometry": {
        "type": "Polygon",
        "coordinates": [
          [
            [
              118.7890673,
              31.9210109
            ],
            [
              118.7890718,
              31.9208786
            ],
            [
              118.7896561,
              31.920893
            ],
            [
              118.7896515,
              31.9210252
            ],
            [
              118.7890673,
              31.9210109
            ]
          ]
        ]
      },
      "id": "way/885852129"
    },
    {
      "type": "Feature",
      "properties": {
        "@id": "way/885852130",
        "building": "apartments"
      },
      "geometry": {
        "type": "Polygon",
        "coordinates": [
          [
            [
              118.7890034,
              31.9205592
            ],
            [
              118.7890079,
              31.9204269
            ],
            [
              118.7895922,
              31.9204413
            ],
            [
              118.7895876,
              31.9205735
            ],
            [
              118.7890034,
              31.9205592
            ]
          ]
        ]
      },
      "id": "way/885852130"
    },
    {
      "type": "Feature",
      "properties": {
        "@id": "way/885852131",
        "building": "apartments"
      },
      "geometry": {
        "type": "Polygon",
        "coordinates": [
          [
            [
              118.7882328,
              31.9205303
            ],
            [
              118.7882373,
              31.920398
            ],
            [
              118.7888216,
              31.9204124
            ],
            [
              118.788817,
              31.9205446
            ],
            [
              118.7882328,
              31.9205303
            ]
          ]
        ]
      },
      "id": "way/885852131"
    },
    {
      "type": "Feature",
      "properties": {
        "@id": "way/885852132",
        "building": "apartments"
      },
      "geometry": {
        "type": "Polygon",
        "coordinates": [
          [
            [
              118.7882115,
              31.9209856
            ],
            [
              118.788216,
              31.9208533
            ],
            [
              118.7888003,
              31.9208677
            ],
            [
              118.7887957,
              31.9209999
            ],
            [
              118.7882115,
              31.9209856
            ]
          ]
        ]
      },
      "id": "way/885852132"
    },
    {
      "type": "Feature",
      "properties": {
        "@id": "way/885852133",
        "building": "apartments"
      },
      "geometry": {
        "type": "Polygon",
        "coordinates": [
          [
            [
              118.7875558,
              31.9211844
            ],
            [
              118.7875603,
              31.9210521
            ],
            [
              118.7881446,
              31.9210665
            ],
            [
              118.78814,
              31.9211987
            ],
            [
              118.7875558,
              31.9211844
            ]
          ]
        ]
      },
      "id": "way/885852133"
    },
    {
      "type": "Feature",
      "properties": {
        "@id": "way/885852134",
        "building": "apartments"
      },
      "geometry": {
        "type": "Polygon",
        "coordinates": [
          [
            [
              118.7875771,
              31.9216614
            ],
            [
              118.7875816,
              31.9215291
            ],
            [
              118.7881659,
              31.9215435
            ],
            [
              118.7881613,
              31.9216757
            ],
            [
              118.7875771,
              31.9216614
            ]
          ]
        ]
      },
      "id": "way/885852134"
    },
    {
      "type": "Feature",
      "properties": {
        "@id": "way/885852135",
        "building": "apartments"
      },
      "geometry": {
        "type": "Polygon",
        "coordinates": [
          [
            [
              118.7869853,
              31.9214554
            ],
            [
              118.7869898,
              31.9213231
            ],
            [
              118.7875741,
              31.9213375
            ],
            [
              118.7875695,
              31.9214697
            ],
            [
              118.7869853,
              31.9214554
            ]
          ]
        ]
      },
      "id": "way/885852135"
    },
    {
      "type": "Feature",
      "properties": {
        "@id": "way/885852136",
        "building": "apartments"
      },
      "geometry": {
        "type": "Polygon",
        "coordinates": [
          [
            [
              118.7868703,
              31.9210181
            ],
            [
              118.7868748,
              31.9208858
            ],
            [
              118.7874591,
              31.9209002
            ],
            [
              118.7874545,
              31.9210324
            ],
            [
              118.7868703,
              31.9210181
            ]
          ]
        ]
      },
      "id": "way/885852136"
    },
    {
      "type": "Feature",
      "properties": {
        "@id": "way/885852137",
        "building": "apartments"
      },
      "geometry": {
        "type": "Polygon",
        "coordinates": [
          [
            [
              118.7867979,
              31.9205592
            ],
            [
              118.7868024,
              31.9204269
            ],
            [
              118.7873867,
              31.9204413
            ],
            [
              118.7873821,
              31.9205735
            ],
            [
              118.7867979,
              31.9205592
            ]
          ]
        ]
      },
      "id": "way/885852137"
    },
    {
      "type": "Feature",
      "properties": {
        "@id": "way/885852138",
        "building": "apartments"
      },
      "geometry": {
        "type": "Polygon",
        "coordinates": [
          [
            [
              118.7874664,
              31.9205592
            ],
            [
              118.7874709,
              31.9204269
            ],
            [
              118.7880552,
              31.9204413
            ],
            [
              118.7880506,
              31.9205735
            ],
            [
              118.7874664,
              31.9205592
            ]
          ]
        ]
      },
      "id": "way/885852138"
    },
    {
      "type": "Feature",
      "properties": {
        "@id": "way/885852139",
        "building": "apartments"
      },
      "geometry": {
        "type": "Polygon",
        "coordinates": [
          [
            [
              118.787472,
              31.9201488
            ],
            [
              118.7874765,
              31.9200165
            ],
            [
              118.7880608,
              31.9200309
            ],
            [
              118.7880562,
              31.9201631
            ],
            [
              118.787472,
              31.9201488
            ]
          ]
        ]
      },
      "id": "way/885852139"
    },
    {
      "type": "Feature",
      "properties": {
        "@id": "way/885852140",
        "building": "apartments"
      },
      "geometry": {
        "type": "Polygon",
        "coordinates": [
          [
            [
              118.7867822,
              31.920138
            ],
            [
              118.7867867,
              31.9200057
            ],
            [
              118.787371,
              31.9200201
            ],
            [
              118.7873664,
              31.9201523
            ],
            [
              118.7867822,
              31.920138
            ]
          ]
        ]
      },
      "id": "way/885852140"
    },
    {
      "type": "Feature",
      "properties": {
        "@id": "way/885852141",
        "building": "apartments"
      },
      "geometry": {
        "type": "Polygon",
        "coordinates": [
          [
            [
              118.7882484,
              31.9201621
            ],
            [
              118.78825,
              31.9200297
            ],
            [
              118.7889577,
              31.9200358
            ],
            [
              118.7889561,
              31.9201681
            ],
            [
              118.7882484,
              31.9201621
            ]
          ]
        ]
      },
      "id": "way/885852141"
    },
    {
      "type": "Feature",
      "properties": {
        "@id": "way/885852142",
        "building": "apartments"
      },
      "geometry": {
        "type": "Polygon",
        "coordinates": [
          [
            [
              118.7881192,
              31.9219594
            ],
            [
              118.7881237,
              31.9218271
            ],
            [
              118.788708,
              31.9218415
            ],
            [
              118.7887034,
              31.9219737
            ],
            [
              118.7881192,
              31.9219594
            ]
          ]
        ]
      },
      "id": "way/885852142"
    },
    {
      "type": "Feature",
      "properties": {
        "@id": "way/885852143",
        "building": "apartments"
      },
      "geometry": {
        "type": "Polygon",
        "coordinates": [
          [
            [
              118.7881107,
              31.9224581
            ],
            [
              118.7881152,
              31.9223258
            ],
            [
              118.7886995,
              31.9223402
            ],
            [
              118.7886949,
              31.9224724
            ],
            [
              118.7881107,
              31.9224581
            ]
          ]
        ]
      },
      "id": "way/885852143"
    },
    {
      "type": "Feature",
      "properties": {
        "@id": "way/885852144",
        "building": "apartments"
      },
      "geometry": {
        "type": "Polygon",
        "coordinates": [
          [
            [
              118.7890644,
              31.9224581
            ],
            [
              118.7890689,
              31.9223258
            ],
            [
              118.7896532,
              31.9223402
            ],
            [
              118.7896486,
              31.9224724
            ],
            [
              118.7890644,
              31.9224581
            ]
          ]
        ]
      },
      "id": "way/885852144"
    },
    {
      "type": "Feature",
      "properties": {
        "@id": "way/885852145",
        "building": "yes"
      },
      "geometry": {
        "type": "Polygon",
        "coordinates": [
          [
            [
              118.7878287,
              31.9221152
            ],
            [
              118.787401,
              31.9221092
            ],
            [
              118.7874026,
              31.9220248
            ],
            [
              118.7872895,
              31.9220233
            ],
            [
              118.7872342,
              31.92211
            ],
            [
              118.7867893,
              31.9221045
            ],
            [
              118.7867827,
              31.9224859
            ],
            [
              118.7865184,
              31.9224826
            ],
            [
              118.7865292,
              31.9218585
            ],
            [
              118.7872963,
              31.9218681
            ],
            [
              118.7872952,
              31.9219316
            ],
            [
              118.7874006,
              31.921933
            ],
            [
              118.7874015,
              31.9218875
            ],
            [
              118.787833,
              31.9218935
            ],
            [
              118.7878287,
              31.9221152
            ]
          ]
        ]
      },
      "id": "way/885852145"
    },
    {
      "type": "Feature",
      "properties": {
        "@id": "way/885852146",
        "building": "apartments"
      },
      "geometry": {
        "type": "Polygon",
        "coordinates": [
          [
            [
              118.7864682,
              31.9232394
            ],
            [
              118.7864687,
              31.9231036
            ],
            [
              118.7869262,
              31.9231049
            ],
            [
              118.7869257,
              31.9232407
            ],
            [
              118.7864682,
              31.9232394
            ]
          ]
        ]
      },
      "id": "way/885852146"
    },
    {
      "type": "Feature",
      "properties": {
        "@id": "way/885852147",
        "building": "apartments"
      },
      "geometry": {
        "type": "Polygon",
        "coordinates": [
          [
            [
              118.7864539,
              31.923553
            ],
            [
              118.7864544,
              31.9234172
            ],
            [
              118.7869119,
              31.9234184
            ],
            [
              118.7869113,
              31.9235543
            ],
            [
              118.7864539,
              31.923553
            ]
          ]
        ]
      },
      "id": "way/885852147"
    },
    {
      "type": "Feature",
      "properties": {
        "@id": "way/885852148",
        "building": "apartments"
      },
      "geometry": {
        "type": "Polygon",
        "coordinates": [
          [
            [
              118.786457,
              31.9238584
            ],
            [
              118.7864575,
              31.9237226
            ],
            [
              118.786915,
              31.9237238
            ],
            [
              118.7869145,
              31.9238597
            ],
            [
              118.786457,
              31.9238584
            ]
          ]
        ]
      },
      "id": "way/885852148"
    },
    {
      "type": "Feature",
      "properties": {
        "@id": "way/885852149",
        "building": "apartments"
      },
      "geometry": {
        "type": "Polygon",
        "coordinates": [
          [
            [
              118.7864503,
              31.9241595
            ],
            [
              118.7864508,
              31.9240237
            ],
            [
              118.7869082,
              31.924025
            ],
            [
              118.7869077,
              31.9241608
            ],
            [
              118.7864503,
              31.9241595
            ]
          ]
        ]
      },
      "id": "way/885852149"
    },
    {
      "type": "Feature",
      "properties": {
        "@id": "way/885852150",
        "building": "apartments"
      },
      "geometry": {
        "type": "Polygon",
        "coordinates": [
          [
            [
              118.7864561,
              31.9244401
            ],
            [
              118.7864566,
              31.9243043
            ],
            [
              118.786914,
              31.9243055
            ],
            [
              118.7869135,
              31.9244414
            ],
            [
              118.7864561,
              31.9244401
            ]
          ]
        ]
      },
      "id": "way/885852150"
    },
    {
      "type": "Feature",
      "properties": {
        "@id": "way/885852151",
        "building": "apartments"
      },
      "geometry": {
        "type": "Polygon",
        "coordinates": [
          [
            [
              118.7864569,
              31.9247599
            ],
            [
              118.7864575,
              31.9246242
            ],
            [
              118.7869149,
              31.9246254
            ],
            [
              118.7869144,
              31.9247613
            ],
            [
              118.7864569,
              31.9247599
            ]
          ]
        ]
      },
      "id": "way/885852151"
    },
    {
      "type": "Feature",
      "properties": {
        "@id": "way/885852152",
        "building": "house"
      },
      "geometry": {
        "type": "Polygon",
        "coordinates": [
          [
            [
              118.787254,
              31.9248449
            ],
            [
              118.7870477,
              31.9248425
            ],
            [
              118.7870502,
              31.9246858
            ],
            [
              118.7872565,
              31.9246882
            ],
            [
              118.787254,
              31.9248449
            ]
          ]
        ]
      },
      "id": "way/885852152"
    },
    {
      "type": "Feature",
      "properties": {
        "@id": "way/885852153",
        "building": "house"
      },
      "geometry": {
        "type": "Polygon",
        "coordinates": [
          [
            [
              118.7873987,
              31.92461
            ],
            [
              118.7871924,
              31.9246076
            ],
            [
              118.787195,
              31.9244509
            ],
            [
              118.7874012,
              31.9244533
            ],
            [
              118.7873987,
              31.92461
            ]
          ]
        ]
      },
      "id": "way/885852153"
    },
    {
      "type": "Feature",
      "properties": {
        "@id": "way/885852154",
        "building": "house"
      },
      "geometry": {
        "type": "Polygon",
        "coordinates": [
          [
            [
              118.787403,
              31.9243534
            ],
            [
              118.7871967,
              31.924351
            ],
            [
              118.7871992,
              31.9241943
            ],
            [
              118.7874055,
              31.9241967
            ],
            [
              118.787403,
              31.9243534
            ]
          ]
        ]
      },
      "id": "way/885852154"
    },
    {
      "type": "Feature",
      "properties": {
        "@id": "way/885852155",
        "building": "house"
      },
      "geometry": {
        "type": "Polygon",
        "coordinates": [
          [
            [
              118.7872937,
              31.9238622
            ],
            [
              118.7871023,
              31.9238378
            ],
            [
              118.7871237,
              31.9237169
            ],
            [
              118.7873151,
              31.9237413
            ],
            [
              118.7872937,
              31.9238622
            ]
          ]
        ]
      },
      "id": "way/885852155"
    },
    {
      "type": "Feature",
      "properties": {
        "@id": "way/885852156",
        "building": "house"
      },
      "geometry": {
        "type": "Polygon",
        "coordinates": [
          [
            [
              118.787301,
              31.9241116
            ],
            [
              118.7871095,
              31.9240872
            ],
            [
              118.7871309,
              31.9239663
            ],
            [
              118.7873223,
              31.9239907
            ],
            [
              118.787301,
              31.9241116
            ]
          ]
        ]
      },
      "id": "way/885852156"
    },
    {
      "type": "Feature",
      "properties": {
        "@id": "way/885852157",
        "building": "apartments"
      },
      "geometry": {
        "type": "Polygon",
        "coordinates": [
          [
            [
              118.7890371,
              31.9201773
            ],
            [
              118.7890416,
              31.920045
            ],
            [
              118.7896259,
              31.9200594
            ],
            [
              118.7896213,
              31.9201916
            ],
            [
              118.7890371,
              31.9201773
            ]
          ]
        ]
      },
      "id": "way/885852157"
    },
    {
      "type": "Feature",
      "properties": {
        "@id": "way/885852158",
        "building": "industrial"
      },
      "geometry": {
        "type": "Polygon",
        "coordinates": [
          [
            [
              118.7883793,
              31.9196715
            ],
            [
              118.7883793,
              31.9191384
            ],
            [
              118.7896767,
              31.9191383
            ],
            [
              118.7896767,
              31.9196716
            ],
            [
              118.7883793,
              31.9196715
            ]
          ]
        ]
      },
      "id": "way/885852158"
    },
    {
      "type": "Feature",
      "properties": {
        "@id": "way/885852159",
        "building": "industrial"
      },
      "geometry": {
        "type": "Polygon",
        "coordinates": [
          [
            [
              118.7884096,
              31.9190404
            ],
            [
              118.7884096,
              31.9185074
            ],
            [
              118.789707,
              31.9185073
            ],
            [
              118.789707,
              31.9190405
            ],
            [
              118.7884096,
              31.9190404
            ]
          ]
        ]
      },
      "id": "way/885852159"
    },
    {
      "type": "Feature",
      "properties": {
        "@id": "way/885852160",
        "building": "industrial"
      },
      "geometry": {
        "type": "Polygon",
        "coordinates": [
          [
            [
              118.787125,
              31.9196724
            ],
            [
              118.7871223,
              31.9194193
            ],
            [
              118.7880014,
              31.9194126
            ],
            [
              118.7880041,
              31.9196656
            ],
            [
              118.787125,
              31.9196724
            ]
          ]
        ]
      },
      "id": "way/885852160"
    },
    {
      "type": "Feature",
      "properties": {
        "@id": "way/885852161",
        "building": "industrial"
      },
      "geometry": {
        "type": "Polygon",
        "coordinates": [
          [
            [
              118.7871325,
              31.9193336
            ],
            [
              118.7871298,
              31.9190805
            ],
            [
              118.7880088,
              31.9190738
            ],
            [
              118.7880115,
              31.9193268
            ],
            [
              118.7871325,
              31.9193336
            ]
          ]
        ]
      },
      "id": "way/885852161"
    },
    {
      "type": "Feature",
      "properties": {
        "@id": "way/885852162",
        "building": "apartments"
      },
      "geometry": {
        "type": "Polygon",
        "coordinates": [
          [
            [
              118.7870839,
              31.9189773
            ],
            [
              118.7870876,
              31.9188467
            ],
            [
              118.7874888,
              31.9188549
            ],
            [
              118.7874851,
              31.9189854
            ],
            [
              118.7870839,
              31.9189773
            ]
          ]
        ]
      },
      "id": "way/885852162"
    },
    {
      "type": "Feature",
      "properties": {
        "@id": "way/885852163",
        "building": "apartments"
      },
      "geometry": {
        "type": "Polygon",
        "coordinates": [
          [
            [
              118.787608,
              31.9189826
            ],
            [
              118.7876117,
              31.9188521
            ],
            [
              118.7880129,
              31.9188603
            ],
            [
              118.7880092,
              31.9189908
            ],
            [
              118.787608,
              31.9189826
            ]
          ]
        ]
      },
      "id": "way/885852163"
    },
    {
      "type": "Feature",
      "properties": {
        "@id": "way/885852164",
        "building": "yes"
      },
      "geometry": {
        "type": "Polygon",
        "coordinates": [
          [
            [
              118.7866356,
              31.919624
            ],
            [
              118.7866214,
              31.919106
            ],
            [
              118.7868185,
              31.9191021
            ],
            [
              118.7868326,
              31.9196201
            ],
            [
              118.7866356,
              31.919624
            ]
          ]
        ]
      },
      "id": "way/885852164"
    },
    {
      "type": "Feature",
      "properties": {
        "@id": "way/885861135",
        "building": "yes"
      },
      "geometry": {
        "type": "Polygon",
        "coordinates": [
          [
            [
              118.7919466,
              31.9174725
            ],
            [
              118.7918624,
              31.9174723
            ],
            [
              118.7918629,
              31.9173401
            ],
            [
              118.7919874,
              31.9173404
            ],
            [
              118.7919872,
              31.9174108
            ],
            [
              118.7921251,
              31.9174112
            ],
            [
              118.7921249,
              31.9174808
            ],
            [
              118.7922102,
              31.917481
            ],
            [
              118.7922098,
              31.9175921
            ],
            [
              118.7920967,
              31.9175919
            ],
            [
              118.7920968,
              31.9175462
            ],
            [
              118.7919463,
              31.9175458
            ],
            [
              118.7919466,
              31.9174725
            ]
          ]
        ]
      },
      "id": "way/885861135"
    },
    {
      "type": "Feature",
      "properties": {
        "@id": "way/885861136",
        "building": "yes"
      },
      "geometry": {
        "type": "Polygon",
        "coordinates": [
          [
            [
              118.7923848,
              31.9176878
            ],
            [
              118.7923006,
              31.9176875
            ],
            [
              118.792301,
              31.9175554
            ],
            [
              118.7924256,
              31.9175557
            ],
            [
              118.7924253,
              31.9176261
            ],
            [
              118.7925632,
              31.9176265
            ],
            [
              118.792563,
              31.9176961
            ],
            [
              118.7926484,
              31.9176963
            ],
            [
              118.792648,
              31.9178074
            ],
            [
              118.7925348,
              31.9178072
            ],
            [
              118.792535,
              31.9177615
            ],
            [
              118.7923845,
              31.9177611
            ],
            [
              118.7923848,
              31.9176878
            ]
          ]
        ]
      },
      "id": "way/885861136"
    },
    {
      "type": "Feature",
      "properties": {
        "@id": "way/885861137",
        "building": "yes"
      },
      "geometry": {
        "type": "Polygon",
        "coordinates": [
          [
            [
              118.7927806,
              31.9178626
            ],
            [
              118.7926964,
              31.9178624
            ],
            [
              118.7926969,
              31.9177303
            ],
            [
              118.7928214,
              31.9177306
            ],
            [
              118.7928212,
              31.917801
            ],
            [
              118.7929591,
              31.9178013
            ],
            [
              118.7929589,
              31.917871
            ],
            [
              118.7930442,
              31.9178712
            ],
            [
              118.7930439,
              31.9179823
            ],
            [
              118.7929307,
              31.917982
            ],
            [
              118.7929309,
              31.9179363
            ],
            [
              118.7927804,
              31.9179359
            ],
            [
              118.7927806,
              31.9178626
            ]
          ]
        ]
      },
      "id": "way/885861137"
    },
    {
      "type": "Feature",
      "properties": {
        "@id": "way/885861138",
        "building": "yes"
      },
      "geometry": {
        "type": "Polygon",
        "coordinates": [
          [
            [
              118.7931609,
              31.9180552
            ],
            [
              118.7930767,
              31.918055
            ],
            [
              118.7930772,
              31.9179228
            ],
            [
              118.7932017,
              31.9179231
            ],
            [
              118.7932015,
              31.9179936
            ],
            [
              118.7933394,
              31.9179939
            ],
            [
              118.7933392,
              31.9180636
            ],
            [
              118.7934245,
              31.9180638
            ],
            [
              118.7934242,
              31.9181749
            ],
            [
              118.793311,
              31.9181746
            ],
            [
              118.7933112,
              31.9181289
            ],
            [
              118.7931607,
              31.9181285
            ],
            [
              118.7931609,
              31.9180552
            ]
          ]
        ]
      },
      "id": "way/885861138"
    },
    {
      "type": "Feature",
      "properties": {
        "@id": "way/885861139",
        "building": "yes"
      },
      "geometry": {
        "type": "Polygon",
        "coordinates": [
          [
            [
              118.7945804,
              31.9198532
            ],
            [
              118.7944479,
              31.9198513
            ],
            [
              118.7944506,
              31.9197193
            ],
            [
              118.7945711,
              31.919721
            ],
            [
              118.7945696,
              31.9197923
            ],
            [
              118.7947542,
              31.919795
            ],
            [
              118.794753,
              31.919858
            ],
            [
              118.7948897,
              31.91986
            ],
            [
              118.7948877,
              31.919959
            ],
            [
              118.7947267,
              31.9199566
            ],
            [
              118.7947278,
              31.9199027
            ],
            [
              118.7945795,
              31.9199006
            ],
            [
              118.7945804,
              31.9198532
            ]
          ]
        ]
      },
      "id": "way/885861139"
    },
    {
      "type": "Feature",
      "properties": {
        "@id": "way/885861140",
        "building": "yes"
      },
      "geometry": {
        "type": "Polygon",
        "coordinates": [
          [
            [
              118.7944427,
              31.9201059
            ],
            [
              118.7943102,
              31.920104
            ],
            [
              118.7943128,
              31.9199719
            ],
            [
              118.7944333,
              31.9199737
            ],
            [
              118.7944319,
              31.920045
            ],
            [
              118.7946165,
              31.9200477
            ],
            [
              118.7946152,
              31.9201107
            ],
            [
              118.7947519,
              31.9201127
            ],
            [
              118.7947499,
              31.9202116
            ],
            [
              118.794589,
              31.9202093
            ],
            [
              118.7945901,
              31.9201554
            ],
            [
              118.7944417,
              31.9201532
            ],
            [
              118.7944427,
              31.9201059
            ]
          ]
        ]
      },
      "id": "way/885861140"
    },
    {
      "type": "Feature",
      "properties": {
        "@id": "way/885861141",
        "building": "yes"
      },
      "geometry": {
        "type": "Polygon",
        "coordinates": [
          [
            [
              118.7950003,
              31.920362
            ],
            [
              118.7948678,
              31.9203601
            ],
            [
              118.7948705,
              31.9202281
            ],
            [
              118.794991,
              31.9202298
            ],
            [
              118.7949895,
              31.9203011
            ],
            [
              118.7951741,
              31.9203038
            ],
            [
              118.7951728,
              31.9203669
            ],
            [
              118.7953096,
              31.9203688
            ],
            [
              118.7953076,
              31.9204678
            ],
            [
              118.7951466,
              31.9204655
            ],
            [
              118.7951477,
              31.9204115
            ],
            [
              118.7949994,
              31.9204094
            ],
            [
              118.7950003,
              31.920362
            ]
          ]
        ]
      },
      "id": "way/885861141"
    },
    {
      "type": "Feature",
      "properties": {
        "@id": "way/885861143",
        "building": "yes"
      },
      "geometry": {
        "type": "Polygon",
        "coordinates": [
          [
            [
              118.7935969,
              31.9198438
            ],
            [
              118.7934644,
              31.9198419
            ],
            [
              118.793467,
              31.9197098
            ],
            [
              118.7935875,
              31.9197116
            ],
            [
              118.7935861,
              31.9197829
            ],
            [
              118.7937707,
              31.9197856
            ],
            [
              118.7937694,
              31.9198486
            ],
            [
              118.7939061,
              31.9198506
            ],
            [
              118.7939042,
              31.9199495
            ],
            [
              118.7937432,
              31.9199472
            ],
            [
              118.7937443,
              31.9198933
            ],
            [
              118.7935959,
              31.9198912
            ],
            [
              118.7935969,
              31.9198438
            ]
          ]
        ]
      },
      "id": "way/885861143"
    },
    {
      "type": "Feature",
      "properties": {
        "@id": "way/885861144",
        "building": "yes"
      },
      "geometry": {
        "type": "Polygon",
        "coordinates": [
          [
            [
              118.7937387,
              31.919578
            ],
            [
              118.7936062,
              31.9195761
            ],
            [
              118.7936089,
              31.9194441
            ],
            [
              118.7937294,
              31.9194458
            ],
            [
              118.793728,
              31.9195171
            ],
            [
              118.7939126,
              31.9195198
            ],
            [
              118.7939113,
              31.9195829
            ],
            [
              118.794048,
              31.9195848
            ],
            [
              118.794046,
              31.9196838
            ],
            [
              118.7938851,
              31.9196815
            ],
            [
              118.7938861,
              31.9196275
            ],
            [
              118.7937378,
              31.9196254
            ],
            [
              118.7937387,
              31.919578
            ]
          ]
        ]
      },
      "id": "way/885861144"
    },
    {
      "type": "Feature",
      "properties": {
        "@id": "way/885861145",
        "building": "yes"
      },
      "geometry": {
        "type": "Polygon",
        "coordinates": [
          [
            [
              118.7938895,
              31.9193226
            ],
            [
              118.793757,
              31.9193207
            ],
            [
              118.7937597,
              31.9191887
            ],
            [
              118.7938802,
              31.9191904
            ],
            [
              118.7938787,
              31.9192617
            ],
            [
              118.7940633,
              31.9192644
            ],
            [
              118.794062,
              31.9193274
            ],
            [
              118.7941988,
              31.9193294
            ],
            [
              118.7941968,
              31.9194284
            ],
            [
              118.7940358,
              31.919426
            ],
            [
              118.7940369,
              31.9193721
            ],
            [
              118.7938886,
              31.91937
            ],
            [
              118.7938895,
              31.9193226
            ]
          ]
        ]
      },
      "id": "way/885861145"
    },
    {
      "type": "Feature",
      "properties": {
        "@id": "way/885861146",
        "building": "yes"
      },
      "geometry": {
        "type": "Polygon",
        "coordinates": [
          [
            [
              118.7933519,
              31.9191652
            ],
            [
              118.7932194,
              31.9191633
            ],
            [
              118.793222,
              31.9190312
            ],
            [
              118.7933425,
              31.919033
            ],
            [
              118.7933411,
              31.9191043
            ],
            [
              118.7935257,
              31.919107
            ],
            [
              118.7935244,
              31.91917
            ],
            [
              118.7936611,
              31.919172
            ],
            [
              118.7936592,
              31.9192709
            ],
            [
              118.7934982,
              31.9192686
            ],
            [
              118.7934993,
              31.9192147
            ],
            [
              118.7933509,
              31.9192126
            ],
            [
              118.7933519,
              31.9191652
            ]
          ]
        ]
      },
      "id": "way/885861146"
    },
    {
      "type": "Feature",
      "properties": {
        "@id": "way/885861147",
        "building": "yes"
      },
      "geometry": {
        "type": "Polygon",
        "coordinates": [
          [
            [
              118.7931762,
              31.9194205
            ],
            [
              118.7930436,
              31.9194186
            ],
            [
              118.7930463,
              31.9192865
            ],
            [
              118.7931668,
              31.9192883
            ],
            [
              118.7931654,
              31.9193596
            ],
            [
              118.79335,
              31.9193623
            ],
            [
              118.7933487,
              31.9194253
            ],
            [
              118.7934854,
              31.9194273
            ],
            [
              118.7934834,
              31.9195262
            ],
            [
              118.7933225,
              31.9195239
            ],
            [
              118.7933236,
              31.91947
            ],
            [
              118.7931752,
              31.9194679
            ],
            [
              118.7931762,
              31.9194205
            ]
          ]
        ]
      },
      "id": "way/885861147"
    },
    {
      "type": "Feature",
      "properties": {
        "@id": "way/885861148",
        "building": "yes"
      },
      "geometry": {
        "type": "Polygon",
        "coordinates": [
          [
            [
              118.7930072,
              31.9196586
            ],
            [
              118.7928747,
              31.9196566
            ],
            [
              118.7928774,
              31.9195246
            ],
            [
              118.7929979,
              31.9195263
            ],
            [
              118.7929964,
              31.9195977
            ],
            [
              118.793181,
              31.9196004
            ],
            [
              118.7931797,
              31.9196634
            ],
            [
              118.7933164,
              31.9196654
            ],
            [
              118.7933145,
              31.9197643
            ],
            [
              118.7931535,
              31.919762
            ],
            [
              118.7931546,
              31.9197081
            ],
            [
              118.7930062,
              31.9197059
            ],
            [
              118.7930072,
              31.9196586
            ]
          ]
        ]
      },
      "id": "way/885861148"
    },
    {
      "type": "Feature",
      "properties": {
        "@id": "way/885861149",
        "building": "yes"
      },
      "geometry": {
        "type": "Polygon",
        "coordinates": [
          [
            [
              118.7929227,
              31.9199325
            ],
            [
              118.7927902,
              31.9199306
            ],
            [
              118.7927929,
              31.9197985
            ],
            [
              118.7929134,
              31.9198003
            ],
            [
              118.7929119,
              31.9198716
            ],
            [
              118.7930965,
              31.9198743
            ],
            [
              118.7930952,
              31.9199373
            ],
            [
              118.793232,
              31.9199393
            ],
            [
              118.79323,
              31.9200382
            ],
            [
              118.793069,
              31.9200359
            ],
            [
              118.7930701,
              31.919982
            ],
            [
              118.7929218,
              31.9199799
            ],
            [
              118.7929227,
              31.9199325
            ]
          ]
        ]
      },
      "id": "way/885861149"
    },
    {
      "type": "Feature",
      "properties": {
        "@id": "way/885861150",
        "building": "yes"
      },
      "geometry": {
        "type": "Polygon",
        "coordinates": [
          [
            [
              118.7934617,
              31.920106
            ],
            [
              118.7933292,
              31.9201041
            ],
            [
              118.7933319,
              31.919972
            ],
            [
              118.7934524,
              31.9199738
            ],
            [
              118.7934509,
              31.9200451
            ],
            [
              118.7936355,
              31.9200478
            ],
            [
              118.7936343,
              31.9201108
            ],
            [
              118.793771,
              31.9201128
            ],
            [
              118.793769,
              31.9202118
            ],
            [
              118.793608,
              31.9202094
            ],
            [
              118.7936091,
              31.9201555
            ],
            [
              118.7934608,
              31.9201534
            ],
            [
              118.7934617,
              31.920106
            ]
          ]
        ]
      },
      "id": "way/885861150"
    },
    {
      "type": "Feature",
      "properties": {
        "@id": "way/885861151",
        "building": "yes"
      },
      "geometry": {
        "type": "Polygon",
        "coordinates": [
          [
            [
              118.7934145,
              31.9203879
            ],
            [
              118.793282,
              31.9203859
            ],
            [
              118.7932847,
              31.9202539
            ],
            [
              118.7934052,
              31.9202556
            ],
            [
              118.7934037,
              31.920327
            ],
            [
              118.7935883,
              31.9203296
            ],
            [
              118.7935871,
              31.9203927
            ],
            [
              118.7937238,
              31.9203946
            ],
            [
              118.7937218,
              31.9204936
            ],
            [
              118.7935608,
              31.9204913
            ],
            [
              118.7935619,
              31.9204374
            ],
            [
              118.7934136,
              31.9204352
            ],
            [
              118.7934145,
              31.9203879
            ]
          ]
        ]
      },
      "id": "way/885861151"
    },
    {
      "type": "Feature",
      "properties": {
        "@id": "way/885861152",
        "building": "yes"
      },
      "geometry": {
        "type": "Polygon",
        "coordinates": [
          [
            [
              118.7928671,
              31.9202287
            ],
            [
              118.7927346,
              31.9202267
            ],
            [
              118.7927372,
              31.9200947
            ],
            [
              118.7928577,
              31.9200964
            ],
            [
              118.7928563,
              31.9201678
            ],
            [
              118.7930409,
              31.9201704
            ],
            [
              118.7930396,
              31.9202335
            ],
            [
              118.7931763,
              31.9202354
            ],
            [
              118.7931743,
              31.9203344
            ],
            [
              118.7930134,
              31.9203321
            ],
            [
              118.7930145,
              31.9202782
            ],
            [
              118.7928661,
              31.920276
            ],
            [
              118.7928671,
              31.9202287
            ]
          ]
        ]
      },
      "id": "way/885861152"
    },
    {
      "type": "Feature",
      "properties": {
        "@id": "way/885861153",
        "building": "yes"
      },
      "geometry": {
        "type": "Polygon",
        "coordinates": [
          [
            [
              118.7924154,
              31.9196093
            ],
            [
              118.7924195,
              31.9194965
            ],
            [
              118.7925902,
              31.9195037
            ],
            [
              118.7925889,
              31.9195667
            ],
            [
              118.7927257,
              31.9195687
            ],
            [
              118.7927237,
              31.9196677
            ],
            [
              118.7925627,
              31.9196653
            ],
            [
              118.7925638,
              31.9196114
            ],
            [
              118.7924154,
              31.9196093
            ]
          ]
        ]
      },
      "id": "way/885861153"
    },
    {
      "type": "Feature",
      "properties": {
        "@id": "way/885861154",
        "building": "yes"
      },
      "geometry": {
        "type": "Polygon",
        "coordinates": [
          [
            [
              118.7927578,
              31.919321
            ],
            [
              118.7926099,
              31.9193106
            ],
            [
              118.7926047,
              31.9193644
            ],
            [
              118.7924442,
              31.9193531
            ],
            [
              118.7924538,
              31.9192416
            ],
            [
              118.7925901,
              31.9192526
            ],
            [
              118.7925962,
              31.9192012
            ],
            [
              118.792767,
              31.9192084
            ],
            [
              118.7927578,
              31.919321
            ]
          ]
        ]
      },
      "id": "way/885861154"
    },
    {
      "type": "Feature",
      "properties": {
        "@id": "way/885861155",
        "building": "yes"
      },
      "geometry": {
        "type": "Polygon",
        "coordinates": [
          [
            [
              118.7929691,
              31.9190577
            ],
            [
              118.7926922,
              31.9190223
            ],
            [
              118.7926883,
              31.9190441
            ],
            [
              118.7924557,
              31.9190144
            ],
            [
              118.7924734,
              31.9189146
            ],
            [
              118.7926754,
              31.9189404
            ],
            [
              118.7926806,
              31.918911
            ],
            [
              118.7929882,
              31.9189504
            ],
            [
              118.7929691,
              31.9190577
            ]
          ]
        ]
      },
      "id": "way/885861155"
    },
    {
      "type": "Feature",
      "properties": {
        "@id": "way/885861156",
        "building": "apartments"
      },
      "geometry": {
        "type": "Polygon",
        "coordinates": [
          [
            [
              118.7922189,
              31.9199278
            ],
            [
              118.7922176,
              31.9198477
            ],
            [
              118.7924045,
              31.9198455
            ],
            [
              118.7924048,
              31.9198615
            ],
            [
              118.7925935,
              31.9198593
            ],
            [
              118.792595,
              31.9199517
            ],
            [
              118.7924078,
              31.919954
            ],
            [
              118.7924074,
              31.9199256
            ],
            [
              118.7922189,
              31.9199278
            ]
          ]
        ]
      },
      "id": "way/885861156"
    },
    {
      "type": "Feature",
      "properties": {
        "@id": "way/885861157",
        "building": "apartments"
      },
      "geometry": {
        "type": "Polygon",
        "coordinates": [
          [
            [
              118.7917294,
              31.9198787
            ],
            [
              118.7917281,
              31.9197986
            ],
            [
              118.791915,
              31.9197964
            ],
            [
              118.7919153,
              31.9198124
            ],
            [
              118.792104,
              31.9198102
            ],
            [
              118.7921056,
              31.9199026
            ],
            [
              118.7919184,
              31.9199049
            ],
            [
              118.7919179,
              31.9198765
            ],
            [
              118.7917294,
              31.9198787
            ]
          ]
        ]
      },
      "id": "way/885861157"
    },
    {
      "type": "Feature",
      "properties": {
        "@id": "way/885861158",
        "building": "apartments"
      },
      "geometry": {
        "type": "Polygon",
        "coordinates": [
          [
            [
              118.79177,
              31.9196435
            ],
            [
              118.7917687,
              31.9195634
            ],
            [
              118.7919556,
              31.9195612
            ],
            [
              118.7919558,
              31.9195772
            ],
            [
              118.7921446,
              31.9195749
            ],
            [
              118.7921461,
              31.9196674
            ],
            [
              118.7919589,
              31.9196697
            ],
            [
              118.7919584,
              31.9196413
            ],
            [
              118.79177,
              31.9196435
            ]
          ]
        ]
      },
      "id": "way/885861158"
    },
    {
      "type": "Feature",
      "properties": {
        "@id": "way/885861159",
        "building": "apartments"
      },
      "geometry": {
        "type": "Polygon",
        "coordinates": [
          [
            [
              118.7917903,
              31.9193796
            ],
            [
              118.7917889,
              31.9192995
            ],
            [
              118.7919759,
              31.9192973
            ],
            [
              118.7919761,
              31.9193133
            ],
            [
              118.7921649,
              31.9193111
            ],
            [
              118.7921664,
              31.9194036
            ],
            [
              118.7919792,
              31.9194058
            ],
            [
              118.7919787,
              31.9193774
            ],
            [
              118.7917903,
              31.9193796
            ]
          ]
        ]
      },
      "id": "way/885861159"
    },
    {
      "type": "Feature",
      "properties": {
        "@id": "way/885861160",
        "building": "apartments"
      },
      "geometry": {
        "type": "Polygon",
        "coordinates": [
          [
            [
              118.7917778,
              31.9191347
            ],
            [
              118.7917764,
              31.9190546
            ],
            [
              118.7919634,
              31.9190524
            ],
            [
              118.7919636,
              31.9190684
            ],
            [
              118.7921524,
              31.9190662
            ],
            [
              118.7921539,
              31.9191587
            ],
            [
              118.7919667,
              31.9191609
            ],
            [
              118.7919662,
              31.9191325
            ],
            [
              118.7917778,
              31.9191347
            ]
          ]
        ]
      },
      "id": "way/885861160"
    },
    {
      "type": "Feature",
      "properties": {
        "@id": "way/885861161",
        "building": "apartments"
      },
      "geometry": {
        "type": "Polygon",
        "coordinates": [
          [
            [
              118.7917831,
              31.9188888
            ],
            [
              118.7917818,
              31.9188087
            ],
            [
              118.7919687,
              31.9188065
            ],
            [
              118.791969,
              31.9188226
            ],
            [
              118.7921577,
              31.9188203
            ],
            [
              118.7921593,
              31.9189128
            ],
            [
              118.7919721,
              31.918915
            ],
            [
              118.7919716,
              31.9188866
            ],
            [
              118.7917831,
              31.9188888
            ]
          ]
        ]
      },
      "id": "way/885861161"
    },
    {
      "type": "Feature",
      "properties": {
        "@id": "way/885861162",
        "building": "apartments"
      },
      "geometry": {
        "type": "Polygon",
        "coordinates": [
          [
            [
              118.7918045,
              31.9185612
            ],
            [
              118.7918032,
              31.9184811
            ],
            [
              118.7919901,
              31.9184789
            ],
            [
              118.7919904,
              31.9184949
            ],
            [
              118.7921791,
              31.9184926
            ],
            [
              118.7921806,
              31.9185851
            ],
            [
              118.7919934,
              31.9185873
            ],
            [
              118.791993,
              31.9185589
            ],
            [
              118.7918045,
              31.9185612
            ]
          ]
        ]
      },
      "id": "way/885861162"
    },
    {
      "type": "Feature",
      "properties": {
        "@id": "way/885861163",
        "building": "apartments"
      },
      "geometry": {
        "type": "Polygon",
        "coordinates": [
          [
            [
              118.7918641,
              31.9183407
            ],
            [
              118.7918628,
              31.9182606
            ],
            [
              118.7920497,
              31.9182584
            ],
            [
              118.79205,
              31.9182744
            ],
            [
              118.7922387,
              31.9182722
            ],
            [
              118.7922402,
              31.9183647
            ],
            [
              118.792053,
              31.9183669
            ],
            [
              118.7920526,
              31.9183385
            ],
            [
              118.7918641,
              31.9183407
            ]
          ]
        ]
      },
      "id": "way/885861163"
    },
    {
      "type": "Feature",
      "properties": {
        "@id": "way/885861164",
        "building": "apartments"
      },
      "geometry": {
        "type": "Polygon",
        "coordinates": [
          [
            [
              118.7918428,
              31.9180588
            ],
            [
              118.7918415,
              31.9179787
            ],
            [
              118.7920284,
              31.9179765
            ],
            [
              118.7920287,
              31.9179925
            ],
            [
              118.7922174,
              31.9179903
            ],
            [
              118.7922189,
              31.9180828
            ],
            [
              118.7920317,
              31.918085
            ],
            [
              118.7920313,
              31.9180566
            ],
            [
              118.7918428,
              31.9180588
            ]
          ]
        ]
      },
      "id": "way/885861164"
    },
    {
      "type": "Feature",
      "properties": {
        "@id": "way/885861165",
        "building": "apartments"
      },
      "geometry": {
        "type": "Polygon",
        "coordinates": [
          [
            [
              118.7918189,
              31.9178135
            ],
            [
              118.7918176,
              31.9177334
            ],
            [
              118.7920045,
              31.9177311
            ],
            [
              118.7920047,
              31.9177472
            ],
            [
              118.7921935,
              31.9177449
            ],
            [
              118.792195,
              31.9178374
            ],
            [
              118.7920078,
              31.9178396
            ],
            [
              118.7920073,
              31.9178112
            ],
            [
              118.7918189,
              31.9178135
            ]
          ]
        ]
      },
      "id": "way/885861165"
    },
    {
      "type": "Feature",
      "properties": {
        "@id": "way/885861166",
        "building": "detached"
      },
      "geometry": {
        "type": "Polygon",
        "coordinates": [
          [
            [
              118.7923126,
              31.9185746
            ],
            [
              118.7923175,
              31.9184059
            ],
            [
              118.7924248,
              31.9184081
            ],
            [
              118.7924383,
              31.9184397
            ],
            [
              118.7925264,
              31.918441
            ],
            [
              118.7925245,
              31.91853
            ],
            [
              118.79256,
              31.9185401
            ],
            [
              118.792558,
              31.9186091
            ],
            [
              118.7924126,
              31.918606
            ],
            [
              118.7924134,
              31.9185768
            ],
            [
              118.7923126,
              31.9185746
            ]
          ]
        ]
      },
      "id": "way/885861166"
    },
    {
      "type": "Feature",
      "properties": {
        "@id": "way/885861167",
        "building": "detached"
      },
      "geometry": {
        "type": "Polygon",
        "coordinates": [
          [
            [
              118.7926441,
              31.9186488
            ],
            [
              118.792649,
              31.9184801
            ],
            [
              118.7927563,
              31.9184823
            ],
            [
              118.7927698,
              31.9185139
            ],
            [
              118.7928579,
              31.9185152
            ],
            [
              118.792856,
              31.9186042
            ],
            [
              118.7928915,
              31.9186143
            ],
            [
              118.7928895,
              31.9186833
            ],
            [
              118.7927441,
              31.9186802
            ],
            [
              118.7927449,
              31.9186509
            ],
            [
              118.7926441,
              31.9186488
            ]
          ]
        ]
      },
      "id": "way/885861167"
    },
    {
      "type": "Feature",
      "properties": {
        "@id": "way/885861168",
        "building": "detached"
      },
      "geometry": {
        "type": "Polygon",
        "coordinates": [
          [
            [
              118.7932891,
              31.9187615
            ],
            [
              118.7931883,
              31.9187594
            ],
            [
              118.7931875,
              31.9187887
            ],
            [
              118.7930421,
              31.9187857
            ],
            [
              118.793044,
              31.9187167
            ],
            [
              118.7930801,
              31.9187082
            ],
            [
              118.7930833,
              31.9186192
            ],
            [
              118.7931713,
              31.9186215
            ],
            [
              118.7931867,
              31.9185905
            ],
            [
              118.793294,
              31.9185928
            ],
            [
              118.7932891,
              31.9187615
            ]
          ]
        ]
      },
      "id": "way/885861168"
    },
    {
      "type": "Feature",
      "properties": {
        "@id": "way/885861169",
        "building": "detached"
      },
      "geometry": {
        "type": "Polygon",
        "coordinates": [
          [
            [
              118.7927117,
              31.9183548
            ],
            [
              118.7927166,
              31.9181861
            ],
            [
              118.7928239,
              31.9181883
            ],
            [
              118.7928374,
              31.9182199
            ],
            [
              118.7929255,
              31.9182212
            ],
            [
              118.7929236,
              31.9183102
            ],
            [
              118.7929591,
              31.9183202
            ],
            [
              118.7929571,
              31.9183892
            ],
            [
              118.7928117,
              31.9183862
            ],
            [
              118.7928125,
              31.9183569
            ],
            [
              118.7927117,
              31.9183548
            ]
          ]
        ]
      },
      "id": "way/885861169"
    },
    {
      "type": "Feature",
      "properties": {
        "@id": "way/885861170",
        "building": "detached"
      },
      "geometry": {
        "type": "Polygon",
        "coordinates": [
          [
            [
              118.7923518,
              31.9182257
            ],
            [
              118.7923567,
              31.918057
            ],
            [
              118.792464,
              31.9180592
            ],
            [
              118.7924775,
              31.9180908
            ],
            [
              118.7925656,
              31.9180921
            ],
            [
              118.7925637,
              31.9181811
            ],
            [
              118.7925992,
              31.9181912
            ],
            [
              118.7925971,
              31.9182602
            ],
            [
              118.7924518,
              31.9182571
            ],
            [
              118.7924526,
              31.9182278
            ],
            [
              118.7923518,
              31.9182257
            ]
          ]
        ]
      },
      "id": "way/885861170"
    },
    {
      "type": "Feature",
      "properties": {
        "@id": "way/885861171",
        "building": "detached"
      },
      "geometry": {
        "type": "Polygon",
        "coordinates": [
          [
            [
              118.7934637,
              31.9184912
            ],
            [
              118.7933629,
              31.9184891
            ],
            [
              118.793362,
              31.9185184
            ],
            [
              118.7932166,
              31.9185154
            ],
            [
              118.7932186,
              31.9184464
            ],
            [
              118.7932546,
              31.9184378
            ],
            [
              118.7932579,
              31.9183489
            ],
            [
              118.7933459,
              31.9183512
            ],
            [
              118.7933612,
              31.9183202
            ],
            [
              118.7934685,
              31.9183225
            ],
            [
              118.7934637,
              31.9184912
            ]
          ]
        ]
      },
      "id": "way/885861171"
    },
    {
      "type": "Feature",
      "properties": {
        "@id": "way/885868167",
        "building": "yes"
      },
      "geometry": {
        "type": "Polygon",
        "coordinates": [
          [
            [
              118.7936609,
              31.9210944
            ],
            [
              118.793663,
              31.9209419
            ],
            [
              118.7938429,
              31.9209437
            ],
            [
              118.7938408,
              31.9210962
            ],
            [
              118.7936609,
              31.9210944
            ]
          ]
        ]
      },
      "id": "way/885868167"
    },
    {
      "type": "Feature",
      "properties": {
        "@id": "way/885868168",
        "building": "yes"
      },
      "geometry": {
        "type": "Polygon",
        "coordinates": [
          [
            [
              118.7936379,
              31.9213673
            ],
            [
              118.79364,
              31.9212147
            ],
            [
              118.7938199,
              31.9212165
            ],
            [
              118.7938177,
              31.9213691
            ],
            [
              118.7936379,
              31.9213673
            ]
          ]
        ]
      },
      "id": "way/885868168"
    },
    {
      "type": "Feature",
      "properties": {
        "@id": "way/885868169",
        "building": "yes"
      },
      "geometry": {
        "type": "Polygon",
        "coordinates": [
          [
            [
              118.7936015,
              31.9216724
            ],
            [
              118.7936036,
              31.9215198
            ],
            [
              118.7937835,
              31.9215216
            ],
            [
              118.7937814,
              31.9216742
            ],
            [
              118.7936015,
              31.9216724
            ]
          ]
        ]
      },
      "id": "way/885868169"
    },
    {
      "type": "Feature",
      "properties": {
        "@id": "way/1002503481",
        "building": "university",
        "name": "勤学楼5号楼",
        "operator": "university",
        "operator:type": "university"
      },
      "geometry": {
        "type": "Polygon",
        "coordinates": [
          [
            [
              118.782027,
              31.91525
            ],
            [
              118.7825336,
              31.9152535
            ],
            [
              118.7825322,
              31.9153964
            ],
            [
              118.7819803,
              31.9153925
            ],
            [
              118.7819812,
              31.9153059
            ],
            [
              118.7820265,
              31.9153062
            ],
            [
              118.782027,
              31.91525
            ]
          ]
        ]
      },
      "id": "way/1002503481"
    },
    {
      "type": "Feature",
      "properties": {
        "@id": "way/1002503482",
        "building": "university",
        "name": "勤学楼4号楼",
        "operator": "university",
        "operator:type": "university"
      },
      "geometry": {
        "type": "Polygon",
        "coordinates": [
          [
            [
              118.7826575,
              31.9152762
            ],
            [
              118.7831959,
              31.9152766
            ],
            [
              118.7831958,
              31.9153282
            ],
            [
              118.7833086,
              31.9153282
            ],
            [
              118.7833085,
              31.9154311
            ],
            [
              118.7826574,
              31.9154307
            ],
            [
              118.7826575,
              31.9152762
            ]
          ]
        ]
      },
      "id": "way/1002503482"
    },
    {
      "type": "Feature",
      "properties": {
        "@id": "way/1002503483",
        "building": "yes",
        "name": "勤学楼3号楼",
        "operator": "university",
        "operator:type": "university"
      },
      "geometry": {
        "type": "Polygon",
        "coordinates": [
          [
            [
              118.783201,
              31.9152749
            ],
            [
              118.7832024,
              31.915206
            ],
            [
              118.7831297,
              31.9152049
            ],
            [
              118.7831328,
              31.9150502
            ],
            [
              118.7831616,
              31.9150506
            ],
            [
              118.783163,
              31.9149799
            ],
            [
              118.7831463,
              31.9149797
            ],
            [
              118.7831475,
              31.9149244
            ],
            [
              118.7832228,
              31.9149256
            ],
            [
              118.7832238,
              31.914874
            ],
            [
              118.7833106,
              31.9148753
            ],
            [
              118.7833031,
              31.915243
            ],
            [
              118.7832673,
              31.9152425
            ],
            [
              118.7832666,
              31.9152759
            ],
            [
              118.783201,
              31.9152749
            ]
          ]
        ]
      },
      "id": "way/1002503483"
    },
    {
      "type": "Feature",
      "properties": {
        "@id": "way/1002503484",
        "building": "university",
        "name": "勤学楼2号楼",
        "operator": "university",
        "operator:type": "university"
      },
      "geometry": {
        "type": "Polygon",
        "coordinates": [
          [
            [
              118.7824205,
              31.915031
            ],
            [
              118.7824214,
              31.9149131
            ],
            [
              118.7824606,
              31.9149133
            ],
            [
              118.7824612,
              31.9148354
            ],
            [
              118.7830985,
              31.914839
            ],
            [
              118.7830979,
              31.9149242
            ],
            [
              118.7831475,
              31.9149244
            ],
            [
              118.7831466,
              31.915035
            ],
            [
              118.7824205,
              31.915031
            ]
          ]
        ]
      },
      "id": "way/1002503484"
    },
    {
      "type": "Feature",
      "properties": {
        "@id": "way/1002503485",
        "building": "university",
        "name": "勤学楼1号楼",
        "operator": "university",
        "operator:type": "university"
      },
      "geometry": {
        "type": "Polygon",
        "coordinates": [
          [
            [
              118.7816464,
              31.9149969
            ],
            [
              118.7816475,
              31.9149154
            ],
            [
              118.781697,
              31.9149159
            ],
            [
              118.7816979,
              31.914858
            ],
            [
              118.782281,
              31.914864
            ],
            [
              118.7822791,
              31.9150033
            ],
            [
              118.7816464,
              31.9149969
            ]
          ]
        ]
      },
      "id": "way/1002503485"
    },
    {
      "type": "Feature",
      "properties": {
        "@id": "way/1002503486",
        "building": "university",
        "name": "勤学楼",
        "operator": "university",
        "operator:type": "university"
      },
      "geometry": {
        "type": "Polygon",
        "coordinates": [
          [
            [
              118.781925,
              31.9151768
            ],
            [
              118.7819253,
              31.9150305
            ],
            [
              118.7821467,
              31.9150308
            ],
            [
              118.7821464,
              31.9151771
            ],
            [
              118.781925,
              31.9151768
            ]
          ]
        ]
      },
      "id": "way/1002503486"
    },
    {
      "type": "Feature",
      "properties": {
        "@id": "way/1002859677",
        "amenity": "library",
        "building": "yes",
        "internet_access": "yes",
        "name": "逸夫图书馆"
      },
      "geometry": {
        "type": "Polygon",
        "coordinates": [
          [
            [
              118.7796572,
              31.9159672
            ],
            [
              118.7796591,
              31.9158042
            ],
            [
              118.7804384,
              31.9152107
            ],
            [
              118.7807697,
              31.9152079
            ],
            [
              118.7811619,
              31.9152046
            ],
            [
              118.781861,
              31.9158063
            ],
            [
              118.7818589,
              31.9159858
            ],
            [
              118.7807344,
              31.9159763
            ],
            [
              118.7796572,
              31.9159672
            ]
          ]
        ]
      },
      "id": "way/1002859677"
    },
    {
      "type": "Feature",
      "properties": {
        "@id": "way/1115777314",
        "building": "yes"
      },
      "geometry": {
        "type": "Polygon",
        "coordinates": [
          [
            [
              118.7758139,
              31.9102251
            ],
            [
              118.7751433,
              31.9101431
            ],
            [
              118.7752357,
              31.9095986
            ],
            [
              118.7759062,
              31.9096806
            ],
            [
              118.7758139,
              31.9102251
            ]
          ]
        ]
      },
      "id": "way/1115777314"
    },
    {
      "type": "Feature",
      "properties": {
        "@id": "way/1115777315",
        "building": "yes"
      },
      "geometry": {
        "type": "Polygon",
        "coordinates": [
          [
            [
              118.7741482,
              31.9085243
            ],
            [
              118.7741889,
              31.9083136
            ],
            [
              118.7748756,
              31.9084092
            ],
            [
              118.7748349,
              31.9086199
            ],
            [
              118.7741482,
              31.9085243
            ]
          ]
        ]
      },
      "id": "way/1115777315"
    },
    {
      "type": "Feature",
      "properties": {
        "@id": "way/1115777316",
        "building": "yes"
      },
      "geometry": {
        "type": "Polygon",
        "coordinates": [
          [
            [
              118.7724398,
              31.9089584
            ],
            [
              118.7725023,
              31.908656
            ],
            [
              118.7737124,
              31.9088363
            ],
            [
              118.7736498,
              31.9091388
            ],
            [
              118.7724398,
              31.9089584
            ]
          ]
        ]
      },
      "id": "way/1115777316"
    },
    {
      "type": "Feature",
      "properties": {
        "@id": "way/1193879541",
        "building": "residential",
        "building:levels": "18",
        "name": "51栋"
      },
      "geometry": {
        "type": "Polygon",
        "coordinates": [
          [
            [
              118.7898647,
              31.9121667
            ],
            [
              118.7898677,
              31.9120803
            ],
            [
              118.7900007,
              31.9120837
            ],
            [
              118.7900021,
              31.912046
            ],
            [
              118.7900975,
              31.9120484
            ],
            [
              118.790096,
              31.9120894
            ],
            [
              118.7902055,
              31.9120922
            ],
            [
              118.7902033,
              31.9121532
            ],
            [
              118.7901901,
              31.9121529
            ],
            [
              118.7901894,
              31.9121716
            ],
            [
              118.7901465,
              31.9121705
            ],
            [
              118.7901459,
              31.9121853
            ],
            [
              118.7900969,
              31.912184
            ],
            [
              118.7900962,
              31.9122028
            ],
            [
              118.7899985,
              31.9122004
            ],
            [
              118.7899996,
              31.9121687
            ],
            [
              118.7899416,
              31.9121672
            ],
            [
              118.7899407,
              31.9121935
            ],
            [
              118.7898904,
              31.9121923
            ],
            [
              118.7898913,
              31.9121674
            ],
            [
              118.7898647,
              31.9121667
            ]
          ]
        ]
      },
      "id": "way/1193879541"
    },
    {
      "type": "Feature",
      "properties": {
        "@id": "way/1193879542",
        "building": "residential",
        "name": "52栋"
      },
      "geometry": {
        "type": "Polygon",
        "coordinates": [
          [
            [
              118.7893635,
              31.911908
            ],
            [
              118.789366,
              31.9118367
            ],
            [
              118.7894842,
              31.9118397
            ],
            [
              118.7894858,
              31.9117969
            ],
            [
              118.789632,
              31.9118006
            ],
            [
              118.7896311,
              31.911826
            ],
            [
              118.7897086,
              31.9118279
            ],
            [
              118.7897061,
              31.9119004
            ],
            [
              118.7896876,
              31.9118999
            ],
            [
              118.7896868,
              31.9119218
            ],
            [
              118.7896412,
              31.9119207
            ],
            [
              118.7896408,
              31.9119338
            ],
            [
              118.7896046,
              31.9119329
            ],
            [
              118.7896039,
              31.9119547
            ],
            [
              118.7894875,
              31.9119518
            ],
            [
              118.7894884,
              31.9119268
            ],
            [
              118.7894308,
              31.9119253
            ],
            [
              118.7894314,
              31.9119097
            ],
            [
              118.7893635,
              31.911908
            ]
          ]
        ]
      },
      "id": "way/1193879542"
    },
    {
      "type": "Feature",
      "properties": {
        "@id": "way/1193879543",
        "building": "residential",
        "name": "50栋"
      },
      "geometry": {
        "type": "Polygon",
        "coordinates": [
          [
            [
              118.7898636,
              31.9116668
            ],
            [
              118.7898649,
              31.9115957
            ],
            [
              118.7900216,
              31.9115977
            ],
            [
              118.7900224,
              31.9115533
            ],
            [
              118.7901236,
              31.9115546
            ],
            [
              118.790123,
              31.9115886
            ],
            [
              118.7902104,
              31.9115897
            ],
            [
              118.7902094,
              31.9116479
            ],
            [
              118.7902,
              31.9116478
            ],
            [
              118.7901995,
              31.9116754
            ],
            [
              118.790161,
              31.9116749
            ],
            [
              118.7901608,
              31.9116864
            ],
            [
              118.7900932,
              31.9116855
            ],
            [
              118.790093,
              31.9116951
            ],
            [
              118.7899671,
              31.9116935
            ],
            [
              118.7899676,
              31.9116682
            ],
            [
              118.7898636,
              31.9116668
            ]
          ]
        ]
      },
      "id": "way/1193879543"
    },
    {
      "type": "Feature",
      "properties": {
        "@id": "way/1193879544",
        "building": "residential",
        "name": "62栋"
      },
      "geometry": {
        "type": "Polygon",
        "coordinates": [
          [
            [
              118.7888753,
              31.9116514
            ],
            [
              118.788875,
              31.9115456
            ],
            [
              118.7890273,
              31.9115453
            ],
            [
              118.7890272,
              31.9115262
            ],
            [
              118.789137,
              31.911526
            ],
            [
              118.7891371,
              31.9115586
            ],
            [
              118.7892503,
              31.9115584
            ],
            [
              118.7892505,
              31.9116476
            ],
            [
              118.7891504,
              31.9116477
            ],
            [
              118.7891505,
              31.9116801
            ],
            [
              118.7889755,
              31.9116804
            ],
            [
              118.7889754,
              31.9116512
            ],
            [
              118.7888753,
              31.9116514
            ]
          ]
        ]
      },
      "id": "way/1193879544"
    },
    {
      "type": "Feature",
      "properties": {
        "@id": "way/1193879545",
        "building": "residential",
        "name": "63栋"
      },
      "geometry": {
        "type": "Polygon",
        "coordinates": [
          [
            [
              118.7883921,
              31.9113761
            ],
            [
              118.7883918,
              31.9112703
            ],
            [
              118.7885441,
              31.91127
            ],
            [
              118.788544,
              31.9112509
            ],
            [
              118.7886538,
              31.9112507
            ],
            [
              118.7886539,
              31.9112833
            ],
            [
              118.7887671,
              31.9112831
            ],
            [
              118.7887673,
              31.9113722
            ],
            [
              118.7886672,
              31.9113724
            ],
            [
              118.7886673,
              31.9114048
            ],
            [
              118.7884923,
              31.9114051
            ],
            [
              118.7884922,
              31.9113759
            ],
            [
              118.7883921,
              31.9113761
            ]
          ]
        ]
      },
      "id": "way/1193879545"
    },
    {
      "type": "Feature",
      "properties": {
        "@id": "way/1193879546",
        "building": "residential",
        "name": "64栋"
      },
      "geometry": {
        "type": "Polygon",
        "coordinates": [
          [
            [
              118.7878095,
              31.9110064
            ],
            [
              118.7878092,
              31.9109006
            ],
            [
              118.7879615,
              31.9109003
            ],
            [
              118.7879614,
              31.9108812
            ],
            [
              118.7880712,
              31.910881
            ],
            [
              118.7880712,
              31.9109136
            ],
            [
              118.7881844,
              31.9109133
            ],
            [
              118.7881847,
              31.9110025
            ],
            [
              118.7880846,
              31.9110027
            ],
            [
              118.7880847,
              31.911035
            ],
            [
              118.7879097,
              31.9110354
            ],
            [
              118.7879096,
              31.9110062
            ],
            [
              118.7878095,
              31.9110064
            ]
          ]
        ]
      },
      "id": "way/1193879546"
    },
    {
      "type": "Feature",
      "properties": {
        "@id": "way/1193879547",
        "building": "residential",
        "name": "65栋"
      },
      "geometry": {
        "type": "Polygon",
        "coordinates": [
          [
            [
              118.7872778,
              31.9107149
            ],
            [
              118.7872748,
              31.9106504
            ],
            [
              118.787405,
              31.9106461
            ],
            [
              118.7874027,
              31.9105954
            ],
            [
              118.7875245,
              31.9105913
            ],
            [
              118.7875265,
              31.9106356
            ],
            [
              118.7876498,
              31.9106315
            ],
            [
              118.7876542,
              31.9107272
            ],
            [
              118.7875861,
              31.9107294
            ],
            [
              118.7875794,
              31.9107454
            ],
            [
              118.7875209,
              31.9107473
            ],
            [
              118.7875203,
              31.9107342
            ],
            [
              118.7875068,
              31.9107347
            ],
            [
              118.7875078,
              31.9107547
            ],
            [
              118.7874058,
              31.9107581
            ],
            [
              118.7874045,
              31.9107302
            ],
            [
              118.787343,
              31.9107322
            ],
            [
              118.7873421,
              31.9107128
            ],
            [
              118.7872778,
              31.9107149
            ]
          ]
        ]
      },
      "id": "way/1193879547"
    },
    {
      "type": "Feature",
      "properties": {
        "@id": "way/1193879548",
        "building": "residential",
        "name": "49栋"
      },
      "geometry": {
        "type": "Polygon",
        "coordinates": [
          [
            [
              118.7895287,
              31.9111731
            ],
            [
              118.7895358,
              31.9110804
            ],
            [
              118.7896738,
              31.9110881
            ],
            [
              118.7896784,
              31.9110281
            ],
            [
              118.7898389,
              31.911037
            ],
            [
              118.7898371,
              31.91106
            ],
            [
              118.7900249,
              31.9110705
            ],
            [
              118.7900274,
              31.9110381
            ],
            [
              118.79014,
              31.9110444
            ],
            [
              118.790138,
              31.9110706
            ],
            [
              118.7902533,
              31.9110771
            ],
            [
              118.7902458,
              31.9111737
            ],
            [
              118.7901466,
              31.9111681
            ],
            [
              118.7901423,
              31.9112227
            ],
            [
              118.7899867,
              31.911214
            ],
            [
              118.7899895,
              31.9111778
            ],
            [
              118.7897756,
              31.9111658
            ],
            [
              118.7897715,
              31.9112177
            ],
            [
              118.7896328,
              31.91121
            ],
            [
              118.7896352,
              31.911179
            ],
            [
              118.7895287,
              31.9111731
            ]
          ]
        ]
      },
      "id": "way/1193879548"
    },
    {
      "type": "Feature",
      "properties": {
        "@id": "way/1193879549",
        "building": "residential",
        "name": "48栋"
      },
      "geometry": {
        "type": "Polygon",
        "coordinates": [
          [
            [
              118.7890556,
              31.9109863
            ],
            [
              118.7890553,
              31.9108805
            ],
            [
              118.7892076,
              31.9108802
            ],
            [
              118.7892075,
              31.9108611
            ],
            [
              118.7893173,
              31.9108609
            ],
            [
              118.7893174,
              31.9108935
            ],
            [
              118.7894306,
              31.9108933
            ],
            [
              118.7894308,
              31.9109824
            ],
            [
              118.7893307,
              31.9109826
            ],
            [
              118.7893308,
              31.911015
            ],
            [
              118.7891558,
              31.9110153
            ],
            [
              118.7891557,
              31.9109861
            ],
            [
              118.7890556,
              31.9109863
            ]
          ]
        ]
      },
      "id": "way/1193879549"
    },
    {
      "type": "Feature",
      "properties": {
        "@id": "way/1193879550",
        "building": "residential",
        "name": "47栋"
      },
      "geometry": {
        "type": "Polygon",
        "coordinates": [
          [
            [
              118.7885811,
              31.9106999
            ],
            [
              118.7885809,
              31.9105941
            ],
            [
              118.7887331,
              31.9105938
            ],
            [
              118.7887331,
              31.9105747
            ],
            [
              118.7888428,
              31.9105745
            ],
            [
              118.7888429,
              31.9106071
            ],
            [
              118.7889561,
              31.9106069
            ],
            [
              118.7889563,
              31.9106961
            ],
            [
              118.7888562,
              31.9106962
            ],
            [
              118.7888563,
              31.9107286
            ],
            [
              118.7886813,
              31.910729
            ],
            [
              118.7886812,
              31.9106997
            ],
            [
              118.7885811,
              31.9106999
            ]
          ]
        ]
      },
      "id": "way/1193879550"
    },
    {
      "type": "Feature",
      "properties": {
        "@id": "way/1193879551",
        "building": "residential",
        "name": "46栋"
      },
      "geometry": {
        "type": "Polygon",
        "coordinates": [
          [
            [
              118.7882235,
              31.9103301
            ],
            [
              118.7882232,
              31.9102243
            ],
            [
              118.7883754,
              31.910224
            ],
            [
              118.7883754,
              31.9102049
            ],
            [
              118.7884851,
              31.9102047
            ],
            [
              118.7884852,
              31.9102373
            ],
            [
              118.7885984,
              31.9102371
            ],
            [
              118.7885987,
              31.9103262
            ],
            [
              118.7884985,
              31.9103264
            ],
            [
              118.7884986,
              31.9103588
            ],
            [
              118.7883237,
              31.9103591
            ],
            [
              118.7883236,
              31.9103299
            ],
            [
              118.7882235,
              31.9103301
            ]
          ]
        ]
      },
      "id": "way/1193879551"
    },
    {
      "type": "Feature",
      "properties": {
        "@id": "way/1193879552",
        "building": "residential",
        "name": "45栋"
      },
      "geometry": {
        "type": "Polygon",
        "coordinates": [
          [
            [
              118.7877643,
              31.9100474
            ],
            [
              118.787764,
              31.9099417
            ],
            [
              118.7879162,
              31.9099414
            ],
            [
              118.7879162,
              31.9099223
            ],
            [
              118.7880259,
              31.9099221
            ],
            [
              118.788026,
              31.9099546
            ],
            [
              118.7881392,
              31.9099544
            ],
            [
              118.7881394,
              31.9100436
            ],
            [
              118.7880393,
              31.9100438
            ],
            [
              118.7880394,
              31.9100761
            ],
            [
              118.7878645,
              31.9100765
            ],
            [
              118.7878644,
              31.9100473
            ],
            [
              118.7877643,
              31.9100474
            ]
          ]
        ]
      },
      "id": "way/1193879552"
    },
    {
      "type": "Feature",
      "properties": {
        "@id": "way/1193879553",
        "building": "residential",
        "name": "44栋"
      },
      "geometry": {
        "type": "Polygon",
        "coordinates": [
          [
            [
              118.7869425,
              31.9100168
            ],
            [
              118.786942,
              31.9099535
            ],
            [
              118.7869596,
              31.9099534
            ],
            [
              118.7869592,
              31.9099118
            ],
            [
              118.7875716,
              31.9099081
            ],
            [
              118.7875725,
              31.910014
            ],
            [
              118.7874908,
              31.9100145
            ],
            [
              118.7874909,
              31.9100379
            ],
            [
              118.7874527,
              31.9100381
            ],
            [
              118.7874526,
              31.9100156
            ],
            [
              118.7872664,
              31.9100167
            ],
            [
              118.7872667,
              31.9100511
            ],
            [
              118.7872174,
              31.9100514
            ],
            [
              118.787217,
              31.9100105
            ],
            [
              118.7870414,
              31.9100115
            ],
            [
              118.7870417,
              31.9100457
            ],
            [
              118.7869924,
              31.910046
            ],
            [
              118.7869921,
              31.9100165
            ],
            [
              118.7869425,
              31.9100168
            ]
          ]
        ]
      },
      "id": "way/1193879553"
    },
    {
      "type": "Feature",
      "properties": {
        "@id": "way/1194650890",
        "building": "yes",
        "name": "雍福龙庭销售中心"
      },
      "geometry": {
        "type": "Polygon",
        "coordinates": [
          [
            [
              118.7870033,
              31.9104776
            ],
            [
              118.7868451,
              31.9104769
            ],
            [
              118.7868454,
              31.9104214
            ],
            [
              118.7867989,
              31.9104212
            ],
            [
              118.7867992,
              31.9103797
            ],
            [
              118.7867503,
              31.9103795
            ],
            [
              118.7867504,
              31.9103603
            ],
            [
              118.7867101,
              31.9103602
            ],
            [
              118.7867108,
              31.9102276
            ],
            [
              118.7867538,
              31.9102278
            ],
            [
              118.7867539,
              31.9102089
            ],
            [
              118.7868009,
              31.9102091
            ],
            [
              118.7868024,
              31.9099325
            ],
            [
              118.7869349,
              31.909933
            ],
            [
              118.7869334,
              31.9102163
            ],
            [
              118.7868642,
              31.910216
            ],
            [
              118.7868632,
              31.9103871
            ],
            [
              118.7869093,
              31.9103873
            ],
            [
              118.7869094,
              31.9103706
            ],
            [
              118.7870039,
              31.910371
            ],
            [
              118.7870033,
              31.9104776
            ]
          ]
        ]
      },
      "id": "way/1194650890"
    },
    {
      "type": "Feature",
      "properties": {
        "@id": "way/1224921830",
        "building": "apartments",
        "name": "24舍"
      },
      "geometry": {
        "type": "Polygon",
        "coordinates": [
          [
            [
              118.783944,
              31.9184467
            ],
            [
              118.7847244,
              31.9184421
            ],
            [
              118.7847262,
              31.918666
            ],
            [
              118.7840716,
              31.9186697
            ],
            [
              118.7840154,
              31.91867
            ],
            [
              118.7839458,
              31.9186704
            ],
            [
              118.783944,
              31.9184467
            ]
          ]
        ]
      },
      "id": "way/1224921830"
    },
    {
      "type": "Feature",
      "properties": {
        "@id": "way/1224921831",
        "building": "apartments",
        "name": "25舍"
      },
      "geometry": {
        "type": "Polygon",
        "coordinates": [
          [
            [
              118.7839369,
              31.9189213
            ],
            [
              118.7840219,
              31.9189208
            ],
            [
              118.7840626,
              31.9189206
            ],
            [
              118.7847173,
              31.9189168
            ],
            [
              118.7847191,
              31.9191406
            ],
            [
              118.7839387,
              31.919145
            ],
            [
              118.7839369,
              31.9189213
            ]
          ]
        ]
      },
      "id": "way/1224921831"
    },
    {
      "type": "Feature",
      "properties": {
        "@id": "way/1224921832",
        "building": "apartments",
        "name": "23舍"
      },
      "geometry": {
        "type": "Polygon",
        "coordinates": [
          [
            [
              118.7828185,
              31.9189273
            ],
            [
              118.7834612,
              31.9189236
            ],
            [
              118.7835016,
              31.9189233
            ],
            [
              118.7835989,
              31.9189228
            ],
            [
              118.7836007,
              31.9191466
            ],
            [
              118.7828203,
              31.9191511
            ],
            [
              118.7828185,
              31.9189273
            ]
          ]
        ]
      },
      "id": "way/1224921832"
    },
    {
      "type": "Feature",
      "properties": {
        "@id": "way/1224921833",
        "building": "apartments",
        "name": "22舍"
      },
      "geometry": {
        "type": "Polygon",
        "coordinates": [
          [
            [
              118.782815,
              31.9184617
            ],
            [
              118.7835954,
              31.9184571
            ],
            [
              118.7835972,
              31.918681
            ],
            [
              118.7835042,
              31.9186815
            ],
            [
              118.7834482,
              31.9186818
            ],
            [
              118.7828168,
              31.9186854
            ],
            [
              118.782815,
              31.9184617
            ]
          ]
        ]
      },
      "id": "way/1224921833"
    },
    {
      "type": "Feature",
      "properties": {
        "@id": "way/1224921836",
        "building": "apartments",
        "name": "26舍"
      },
      "geometry": {
        "type": "Polygon",
        "coordinates": [
          [
            [
              118.7837758,
              31.9195706
            ],
            [
              118.7837754,
              31.9193229
            ],
            [
              118.7847249,
              31.9193217
            ],
            [
              118.7847253,
              31.9195695
            ],
            [
              118.7837758,
              31.9195706
            ]
          ]
        ]
      },
      "id": "way/1224921836"
    },
    {
      "type": "Feature",
      "properties": {
        "@id": "way/1224921837",
        "amenity": "fast_food",
        "building": "yes",
        "fast_food": "cafeteria",
        "name": "university canteen"
      },
      "geometry": {
        "type": "Polygon",
        "coordinates": [
          [
            [
              118.7828399,
              31.9196205
            ],
            [
              118.7828363,
              31.9192731
            ],
            [
              118.7834411,
              31.9192685
            ],
            [
              118.7834423,
              31.9193917
            ],
            [
              118.783348,
              31.9193924
            ],
            [
              118.7833489,
              31.9194821
            ],
            [
              118.7834684,
              31.9194812
            ],
            [
              118.7834698,
              31.9196158
            ],
            [
              118.7828399,
              31.9196205
            ]
          ]
        ]
      },
      "id": "way/1224921837"
    },
    {
      "type": "Feature",
      "properties": {
        "@id": "way/1224921838",
        "building": "yes"
      },
      "geometry": {
        "type": "Polygon",
        "coordinates": [
          [
            [
              118.7828532,
              31.9140784
            ],
            [
              118.7828999,
              31.9140512
            ],
            [
              118.7829544,
              31.914038
            ],
            [
              118.783011,
              31.9140404
            ],
            [
              118.7830637,
              31.9140579
            ],
            [
              118.7831083,
              31.9140902
            ],
            [
              118.7831378,
              31.9141331
            ],
            [
              118.783149,
              31.9141819
            ],
            [
              118.7831406,
              31.9142311
            ],
            [
              118.7831135,
              31.9142751
            ],
            [
              118.7830708,
              31.9143092
            ],
            [
              118.7830173,
              31.9143293
            ],
            [
              118.7829589,
              31.9143333
            ],
            [
              118.7829022,
              31.9143207
            ],
            [
              118.7828551,
              31.914294
            ],
            [
              118.7828205,
              31.914256
            ],
            [
              118.782802,
              31.9142106
            ],
            [
              118.7828016,
              31.9141625
            ],
            [
              118.7828193,
              31.9141168
            ],
            [
              118.7828532,
              31.9140784
            ]
          ]
        ]
      },
      "id": "way/1224921838"
    },
    {
      "type": "Feature",
      "properties": {
        "@id": "way/1224921839",
        "building": "yes"
      },
      "geometry": {
        "type": "Polygon",
        "coordinates": [
          [
            [
              118.7845235,
              31.9160743
            ],
            [
              118.7844867,
              31.9160944
            ],
            [
              118.7843975,
              31.9159768
            ],
            [
              118.7844344,
              31.9159567
            ],
            [
              118.7845235,
              31.9160743
            ]
          ]
        ]
      },
      "id": "way/1224921839"
    },
    {
      "type": "Feature",
      "properties": {
        "@id": "way/1224921840",
        "building": "yes"
      },
      "geometry": {
        "type": "Polygon",
        "coordinates": [
          [
            [
              118.7805008,
              31.9137182
            ],
            [
              118.7805033,
              31.9135939
            ],
            [
              118.7806045,
              31.9135954
            ],
            [
              118.7807489,
              31.9135437
            ],
            [
              118.7808855,
              31.9135995
            ],
            [
              118.7809934,
              31.9136011
            ],
            [
              118.7809908,
              31.9137256
            ],
            [
              118.7808829,
              31.913724
            ],
            [
              118.7807431,
              31.9137219
            ],
            [
              118.7806019,
              31.9137198
            ],
            [
              118.7805008,
              31.9137182
            ]
          ]
        ]
      },
      "id": "way/1224921840"
    },
    {
      "type": "Feature",
      "properties": {
        "@id": "way/1224921843",
        "building": "yes",
        "layer": "1"
      },
      "geometry": {
        "type": "Polygon",
        "coordinates": [
          [
            [
              118.7806019,
              31.9137198
            ],
            [
              118.7806045,
              31.9135954
            ],
            [
              118.7808855,
              31.9135995
            ],
            [
              118.7808829,
              31.913724
            ],
            [
              118.7806019,
              31.9137198
            ]
          ]
        ]
      },
      "id": "way/1224921843"
    },
    {
      "type": "Feature",
      "properties": {
        "@id": "way/1224921848",
        "building": "yes"
      },
      "geometry": {
        "type": "Polygon",
        "coordinates": [
          [
            [
              118.7840219,
              31.9189208
            ],
            [
              118.7840217,
              31.9188883
            ],
            [
              118.7839983,
              31.9188884
            ],
            [
              118.7839975,
              31.9187387
            ],
            [
              118.7840158,
              31.9187386
            ],
            [
              118.7840154,
              31.91867
            ],
            [
              118.7840716,
              31.9186697
            ],
            [
              118.784072,
              31.9187331
            ],
            [
              118.784106,
              31.918733
            ],
            [
              118.7841069,
              31.9188866
            ],
            [
              118.7840624,
              31.9188867
            ],
            [
              118.7840626,
              31.9189206
            ],
            [
              118.7840219,
              31.9189208
            ]
          ]
        ]
      },
      "id": "way/1224921848"
    },
    {
      "type": "Feature",
      "properties": {
        "@id": "way/1224921849",
        "building": "yes"
      },
      "geometry": {
        "type": "Polygon",
        "coordinates": [
          [
            [
              118.7835016,
              31.9189233
            ],
            [
              118.7834612,
              31.9189236
            ],
            [
              118.783461,
              31.9188992
            ],
            [
              118.7834164,
              31.9188996
            ],
            [
              118.7834149,
              31.918746
            ],
            [
              118.7834488,
              31.9187458
            ],
            [
              118.7834482,
              31.9186818
            ],
            [
              118.7835042,
              31.9186815
            ],
            [
              118.783505,
              31.9187517
            ],
            [
              118.7835233,
              31.9187515
            ],
            [
              118.7835248,
              31.918901
            ],
            [
              118.7835014,
              31.9189012
            ],
            [
              118.7835016,
              31.9189233
            ]
          ]
        ]
      },
      "id": "way/1224921849"
    },
    {
      "type": "Feature",
      "properties": {
        "@id": "way/1255207832",
        "building": "apartments",
        "building:levels": "30",
        "name": "17舍"
      },
      "geometry": {
        "type": "Polygon",
        "coordinates": [
          [
            [
              118.7764612,
              31.9173431
            ],
            [
              118.7764613,
              31.917145
            ],
            [
              118.776994,
              31.9171453
            ],
            [
              118.7769938,
              31.9173433
            ],
            [
              118.7764612,
              31.9173431
            ]
          ]
        ]
      },
      "id": "way/1255207832"
    },
    {
      "type": "Feature",
      "properties": {
        "@id": "way/1255207833",
        "building": "apartments",
        "building:levels": "30",
        "name": "19舍"
      },
      "geometry": {
        "type": "Polygon",
        "coordinates": [
          [
            [
              118.7763271,
              31.9163936
            ],
            [
              118.7763272,
              31.9161955
            ],
            [
              118.7768599,
              31.9161958
            ],
            [
              118.7768598,
              31.9163938
            ],
            [
              118.7763271,
              31.9163936
            ]
          ]
        ]
      },
      "id": "way/1255207833"
    },
    {
      "type": "Feature",
      "properties": {
        "@id": "way/1255256132",
        "amenity": "fast_food",
        "building": "yes",
        "fast_food": "cafeteria",
        "name": "六食堂"
      },
      "geometry": {
        "type": "Polygon",
        "coordinates": [
          [
            [
              118.7791,
              31.9191741
            ],
            [
              118.779102,
              31.9190227
            ],
            [
              118.7792778,
              31.9190242
            ],
            [
              118.7793649,
              31.9187819
            ],
            [
              118.7794985,
              31.9187819
            ],
            [
              118.7796988,
              31.9189938
            ],
            [
              118.7796953,
              31.9191821
            ],
            [
              118.7791,
              31.9191741
            ]
          ]
        ]
      },
      "id": "way/1255256132"
    },
    {
      "type": "Feature",
      "properties": {
        "@id": "way/1255256133",
        "building": "apartments",
        "name": "15舍"
      },
      "geometry": {
        "type": "Polygon",
        "coordinates": [
          [
            [
              118.7767395,
              31.9180732
            ],
            [
              118.7767403,
              31.9179389
            ],
            [
              118.777253,
              31.9179409
            ],
            [
              118.7772522,
              31.9180753
            ],
            [
              118.7767395,
              31.9180732
            ]
          ]
        ]
      },
      "id": "way/1255256133"
    },
    {
      "type": "Feature",
      "properties": {
        "@id": "way/1255256134",
        "building": "yes",
        "building:levels": "4"
      },
      "geometry": {
        "type": "Polygon",
        "coordinates": [
          [
            [
              118.7771051,
              31.9173554
            ],
            [
              118.7770991,
              31.9170285
            ],
            [
              118.7776244,
              31.9170216
            ],
            [
              118.7776304,
              31.9173485
            ],
            [
              118.7771051,
              31.9173554
            ]
          ]
        ]
      },
      "id": "way/1255256134"
    },
    {
      "type": "Feature",
      "properties": {
        "@id": "way/1255256135",
        "building": "apartments",
        "building:levels": "30",
        "name": "20舍"
      },
      "geometry": {
        "type": "Polygon",
        "coordinates": [
          [
            [
              118.7770953,
              31.9168971
            ],
            [
              118.7770954,
              31.9166991
            ],
            [
              118.7776281,
              31.9166994
            ],
            [
              118.7776279,
              31.9168973
            ],
            [
              118.7770953,
              31.9168971
            ]
          ]
        ]
      },
      "id": "way/1255256135"
    },
    {
      "type": "Feature",
      "properties": {
        "@id": "way/1255256136",
        "building": "apartments",
        "building:levels": "30",
        "name": "21舍"
      },
      "geometry": {
        "type": "Polygon",
        "coordinates": [
          [
            [
              118.7771043,
              31.9163812
            ],
            [
              118.7771044,
              31.9161832
            ],
            [
              118.7776371,
              31.9161835
            ],
            [
              118.7776369,
              31.9163814
            ],
            [
              118.7771043,
              31.9163812
            ]
          ]
        ]
      },
      "id": "way/1255256136"
    },
    {
      "type": "Feature",
      "properties": {
        "@id": "way/1255256139",
        "building": "yes"
      },
      "geometry": {
        "type": "Polygon",
        "coordinates": [
          [
            [
              118.7787825,
              31.9193355
            ],
            [
              118.7787878,
              31.9189086
            ],
            [
              118.7788845,
              31.918909
            ],
            [
              118.7790289,
              31.9189138
            ],
            [
              118.779027,
              31.9189551
            ],
            [
              118.7790201,
              31.9190219
            ],
            [
              118.779102,
              31.9190227
            ],
            [
              118.7791,
              31.9191741
            ],
            [
              118.7790138,
              31.9193001
            ],
            [
              118.7790133,
              31.9193376
            ],
            [
              118.7787825,
              31.9193355
            ]
          ]
        ]
      },
      "id": "way/1255256139"
    },
    {
      "type": "Feature",
      "properties": {
        "@id": "way/1255256140",
        "building": "yes",
        "name": "思源楼"
      },
      "geometry": {
        "type": "Polygon",
        "coordinates": [
          [
            [
              118.7788845,
              31.918909
            ],
            [
              118.778889,
              31.9188123
            ],
            [
              118.7787912,
              31.918809
            ],
            [
              118.7788025,
              31.918565
            ],
            [
              118.7789544,
              31.91857
            ],
            [
              118.7789523,
              31.9186152
            ],
            [
              118.7792702,
              31.9186257
            ],
            [
              118.7791502,
              31.9189592
            ],
            [
              118.779027,
              31.9189551
            ],
            [
              118.7790289,
              31.9189138
            ],
            [
              118.7788845,
              31.918909
            ]
          ]
        ]
      },
      "id": "way/1255256140"
    },
    {
      "type": "Feature",
      "properties": {
        "@id": "way/1255256141",
        "building": "yes"
      },
      "geometry": {
        "type": "Polygon",
        "coordinates": [
          [
            [
              118.7791209,
              31.9194103
            ],
            [
              118.7791223,
              31.9192758
            ],
            [
              118.7797187,
              31.9192803
            ],
            [
              118.7797173,
              31.9194148
            ],
            [
              118.7791209,
              31.9194103
            ]
          ]
        ]
      },
      "id": "way/1255256141"
    },
    {
      "type": "Feature",
      "properties": {
        "@id": "way/1255256142",
        "building": "apartments",
        "name": "舍"
      },
      "geometry": {
        "type": "Polygon",
        "coordinates": [
          [
            [
              118.7801255,
              31.9195408
            ],
            [
              118.7806169,
              31.9195364
            ],
            [
              118.780619,
              31.9197029
            ],
            [
              118.7801275,
              31.9197073
            ],
            [
              118.7801255,
              31.9195408
            ]
          ]
        ]
      },
      "id": "way/1255256142"
    },
    {
      "type": "Feature",
      "properties": {
        "@id": "way/1255256143",
        "building": "yes",
        "name": "8舍"
      },
      "geometry": {
        "type": "Polygon",
        "coordinates": [
          [
            [
              118.779515,
              31.9196998
            ],
            [
              118.779513,
              31.9195551
            ],
            [
              118.7800172,
              31.9195499
            ],
            [
              118.7800192,
              31.9196947
            ],
            [
              118.779515,
              31.9196998
            ]
          ]
        ]
      },
      "id": "way/1255256143"
    },
    {
      "type": "Feature",
      "properties": {
        "@id": "way/1255256144",
        "building": "apartments",
        "name": "6舍"
      },
      "geometry": {
        "type": "Polygon",
        "coordinates": [
          [
            [
              118.7808464,
              31.919551
            ],
            [
              118.7813379,
              31.9195466
            ],
            [
              118.78134,
              31.9197131
            ],
            [
              118.7808485,
              31.9197175
            ],
            [
              118.7808464,
              31.919551
            ]
          ]
        ]
      },
      "id": "way/1255256144"
    },
    {
      "type": "Feature",
      "properties": {
        "@id": "way/1255256145",
        "building": "apartments",
        "name": "5舍"
      },
      "geometry": {
        "type": "Polygon",
        "coordinates": [
          [
            [
              118.7814556,
              31.9195575
            ],
            [
              118.781947,
              31.9195531
            ],
            [
              118.7819491,
              31.9197196
            ],
            [
              118.7814576,
              31.919724
            ],
            [
              118.7814556,
              31.9195575
            ]
          ]
        ]
      },
      "id": "way/1255256145"
    },
    {
      "type": "Feature",
      "properties": {
        "@id": "way/1255256146",
        "building": "apartments",
        "name": "4舍"
      },
      "geometry": {
        "type": "Polygon",
        "coordinates": [
          [
            [
              118.7820749,
              31.9195348
            ],
            [
              118.7825664,
              31.9195303
            ],
            [
              118.7825684,
              31.9196969
            ],
            [
              118.782077,
              31.9197012
            ],
            [
              118.7820749,
              31.9195348
            ]
          ]
        ]
      },
      "id": "way/1255256146"
    },
    {
      "type": "Feature",
      "properties": {
        "@id": "way/1255256147",
        "building": "yes"
      },
      "geometry": {
        "type": "Polygon",
        "coordinates": [
          [
            [
              118.7792227,
              31.9196802
            ],
            [
              118.7792217,
              31.9195675
            ],
            [
              118.7794315,
              31.9195661
            ],
            [
              118.7794325,
              31.9196789
            ],
            [
              118.7792227,
              31.9196802
            ]
          ]
        ]
      },
      "id": "way/1255256147"
    },
    {
      "type": "Feature",
      "properties": {
        "@id": "way/1266733889",
        "building": "yes"
      },
      "geometry": {
        "type": "Polygon",
        "coordinates": [
          [
            [
              118.7771686,
              31.9184606
            ],
            [
              118.7771672,
              31.9183266
            ],
            [
              118.7774694,
              31.9183243
            ],
            [
              118.7776605,
              31.9184624
            ],
            [
              118.7777987,
              31.9184934
            ],
            [
              118.7777973,
              31.9187975
            ],
            [
              118.7776828,
              31.9187971
            ],
            [
              118.7771686,
              31.9184606
            ]
          ]
        ]
      },
      "id": "way/1266733889"
    },
    {
      "type": "Feature",
      "properties": {
        "@id": "way/1224921835",
        "building": "yes",
        "layer": "1",
        "@relations": [
          {
            "role": "inner",
            "rel": 17394617,
            "reltags": {
              "building": "yes",
              "type": "multipolygon"
            }
          }
        ]
      },
      "geometry": {
        "type": "Polygon",
        "coordinates": [
          [
            [
              118.7831505,
              31.9170806
            ],
            [
              118.7831278,
              31.917004
            ],
            [
              118.7831095,
              31.9169318
            ],
            [
              118.7830982,
              31.9168585
            ],
            [
              118.7830917,
              31.9167844
            ],
            [
              118.7830926,
              31.9167086
            ],
            [
              118.783095,
              31.9166731
            ],
            [
              118.7830974,
              31.9166386
            ],
            [
              118.7831088,
              31.9165655
            ],
            [
              118.783124,
              31.9165059
            ],
            [
              118.7831505,
              31.9164254
            ],
            [
              118.7832017,
              31.9164238
            ],
            [
              118.783343,
              31.9164211
            ],
            [
              118.7833542,
              31.9170845
            ],
            [
              118.7832187,
              31.917082
            ],
            [
              118.7831505,
              31.9170806
            ]
          ]
        ]
      },
      "id": "way/1224921835"
    }
  ]
}