{"type":"FeatureCollection","metadata":{"source":"OpenStreetMap via Overpass API","license":"Open Database License (ODbL)","dataset":"jiangning","label":"南京市江宁区","layer":"waterways","relationId":2147642,"divisionCode":"320115","generatedAt":"2026-05-01T03:47:40.308Z","clippedToBoundary":"320115","clippedAt":"2026-05-05T07:51:36.561Z"},"features":[{"type":"Feature","properties":{"osm_id":62379072,"dataset":"jiangning","kind":"waterway","name":"麒麟 灌排","highway":"","waterway":"stream","bridge":"","tunnel":"","layer":0,"width_m":6,"z_offset_m":0},"geometry":{"type":"LineString","coordinates":[[118.926508,32.0353924],[118.9264146,32.0354479],[118.9262605,32.0354518],[118.9260911,32.035418],[118.9258831,32.0352605],[118.9252966,32.0345847],[118.9249901,32.0343346],[118.9249172,32.0340426],[118.9245048,32.0335004],[118.9241029,32.0330842],[118.9236345,32.0326333],[118.922948,32.0320741],[118.9225725,32.03172],[118.9218156,32.0311182],[118.9207184,32.030322],[118.9201992,32.0298826],[118.9196359,32.0294197],[118.9194763,32.0292292],[118.9189997,32.028445],[118.9185547,32.0278865],[118.9176682,32.0272181],[118.9173817,32.0270286],[118.9166499,32.0271674],[118.9160049,32.0275622],[118.9155687,32.0278368],[118.9151769,32.0279817],[118.914599,32.0281252],[118.9142504,32.0280843],[118.9136046,32.027664],[118.91241,32.0266086],[118.9112354,32.0257381],[118.9109061,32.0254716],[118.9098342,32.0247572],[118.9093399,32.024414],[118.9087767,32.0238893],[118.9074072,32.0228647],[118.9042927,32.0207102]]}},{"type":"Feature","properties":{"osm_id":92364169,"dataset":"jiangning","kind":"waterway","name":"牛首山河","highway":"","waterway":"river","bridge":"","tunnel":"","layer":0,"width_m":18,"z_offset_m":0},"geometry":{"type":"LineString","coordinates":[[118.7722814,31.8933429],[118.7724212,31.8932459],[118.7725808,31.8932337],[118.7728668,31.8933976],[118.7731977,31.8935874],[118.7737221,31.8938863],[118.7742302,31.894018],[118.7744333,31.8940669],[118.774608,31.8940985],[118.7748232,31.8941825],[118.7749978,31.8943148],[118.7751138,31.8944132],[118.7752667,31.8946682],[118.7755172,31.8950717],[118.7764665,31.8963751],[118.77804,31.8984158],[118.778537,31.8990741],[118.7790381,31.8997806],[118.7800891,31.9011937],[118.7808413,31.9022321],[118.7815571,31.9033838],[118.7822893,31.9041963],[118.7824584,31.904482],[118.7825949,31.9047815],[118.7828192,31.9053943],[118.782968,31.9061158],[118.7830894,31.9067044],[118.7831636,31.907048],[118.7832986,31.907543],[118.7833413,31.9077906],[118.7833698,31.9080441],[118.78342,31.9083391],[118.7834913,31.9086402],[118.7837968,31.9091822],[118.7845005,31.9103512],[118.7852301,31.9112255],[118.7886633,31.9127009],[118.7988342,31.918675],[118.802482,31.9206238],[118.8083614,31.9211338],[118.8092412,31.9206785],[118.8096844,31.9206703],[118.8102283,31.9206602],[118.8117947,31.9218805],[118.819219,31.9240478],[118.8216437,31.9248673],[118.8256349,31.9263061],[118.8259642,31.926418],[118.8286096,31.9273166],[118.8316217,31.9300778]]}},{"type":"Feature","properties":{"osm_id":96857955,"dataset":"jiangning","kind":"waterway","name":"","highway":"","waterway":"river","bridge":"","tunnel":"","layer":0,"width_m":18,"z_offset_m":0},"geometry":{"type":"LineString","coordinates":[[118.7653972,31.8117162],[118.7659646,31.8118582],[118.7667209,31.8113712],[118.7668982,31.8113663],[118.7669537,31.8114971],[118.7669922,31.8118094],[118.7670372,31.8118846],[118.7671247,31.8120309],[118.7673298,31.8122289],[118.7686352,31.8124138],[118.7701945,31.8124394],[118.7706719,31.8125319],[118.7711554,31.8126962],[118.7715301,31.8127681],[118.7735245,31.8127373],[118.7738327,31.8126243],[118.7745573,31.812133],[118.7751951,31.8122713],[118.7755909,31.8123012],[118.7760175,31.8124133],[118.777359,31.8122825],[118.7781339,31.81177],[118.7782914,31.8116658],[118.779281,31.8117107],[118.7795669,31.8118901],[118.7797912,31.8123722],[118.7801298,31.8127609],[118.7804421,31.812873],[118.7813305,31.8129478],[118.7827184,31.8133367],[118.7841561,31.8137888],[118.7850097,31.8140526],[118.7853384,31.8144526],[118.7856324,31.814861],[118.7851839,31.8159623],[118.7852611,31.8171511],[118.7857246,31.8175523],[118.7866366,31.8180993],[118.7877376,31.8182257],[118.7881662,31.8186459],[118.7884432,31.8188001],[118.7892437,31.8197038],[118.7899304,31.8202872],[118.7905312,31.8206154],[118.7934473,31.8211405],[118.7964535,31.8214906],[118.7988117,31.8219427],[118.799795,31.8220693],[118.8001769,31.8219966]]}},{"type":"Feature","properties":{"osm_id":143179279,"dataset":"jiangning","kind":"waterway","name":"","highway":"","waterway":"stream","bridge":"","tunnel":"","layer":0,"width_m":6,"z_offset_m":0},"geometry":{"type":"LineString","coordinates":[[118.8936249,31.739881],[118.8905692,31.7419959],[118.8890276,31.7430806]]}},{"type":"Feature","properties":{"osm_id":143179280,"dataset":"jiangning","kind":"waterway","name":"","highway":"","waterway":"canal","bridge":"","tunnel":"","layer":0,"width_m":12,"z_offset_m":0},"geometry":{"type":"LineString","coordinates":[[118.8884833,31.7427484],[118.8886753,31.7427923],[118.8887734,31.7427468],[118.8889771,31.7425598],[118.8893693,31.742085],[118.8899961,31.7411708],[118.8903644,31.7410611],[118.8904987,31.7409623],[118.8914122,31.7396456],[118.8917222,31.7390896]]}},{"type":"Feature","properties":{"osm_id":143931209,"dataset":"jiangning","kind":"waterway","name":"","highway":"","waterway":"stream","bridge":"","tunnel":"","layer":0,"width_m":6,"z_offset_m":0},"geometry":{"type":"LineString","coordinates":[[118.7620671,31.8090503],[118.7622,31.8089938],[118.762617,31.8090863],[118.7627621,31.8085624],[118.7633241,31.8085316],[118.7638378,31.8084289],[118.7650465,31.8086497],[118.7669503,31.8088654],[118.7684491,31.8096717],[118.7697243,31.8094458],[118.7714165,31.8093174],[118.7718939,31.8097026],[118.7721055,31.8100467],[118.7721656,31.8107039],[118.7724214,31.8110938],[118.7725769,31.8112382],[118.7729818,31.8115823],[118.7731413,31.8116363],[118.7733276,31.8116627],[118.7738207,31.8117371],[118.7745573,31.812133]]}},{"type":"Feature","properties":{"osm_id":143931210,"dataset":"jiangning","kind":"waterway","name":"秣陵新河","highway":"","waterway":"river","bridge":"","tunnel":"","layer":0,"width_m":18,"z_offset_m":0},"geometry":{"type":"LineString","coordinates":[[118.8001769,31.8219966],[118.8007012,31.8229821],[118.8019918,31.824745],[118.8032982,31.8257365],[118.8048406,31.8268855],[118.8067923,31.8292622],[118.8075636,31.829876],[118.8095467,31.8306315],[118.8105855,31.8313083],[118.8118447,31.8328193],[118.8125759,31.8333032],[118.8143965,31.8336385],[118.8165008,31.8339427],[118.8174085,31.8342419],[118.8181357,31.8349691],[118.8181718,31.8360109],[118.8184395,31.8402483],[118.8184081,31.8419954],[118.8181405,31.8436008],[118.818471,31.8448285],[118.8189432,31.8458044],[118.819258,31.8470793],[118.8195098,31.8496605],[118.8193839,31.850054],[118.8204235,31.8533364],[118.8212841,31.8546308],[118.8233136,31.8563817],[118.8235611,31.8565953],[118.8267993,31.8587743],[118.8284378,31.8596562],[118.8294956,31.8608592],[118.83093,31.8621231],[118.8328484,31.8638285],[118.8358963,31.8663258],[118.8366494,31.8674373],[118.8377072,31.8688839],[118.8376355,31.8713657],[118.8376175,31.87435],[118.838012,31.8755071]]}},{"type":"Feature","properties":{"osm_id":154408816,"dataset":"jiangning","kind":"waterway","name":"横溪河","highway":"","waterway":"river","bridge":"","tunnel":"","layer":0,"width_m":18,"z_offset_m":0},"geometry":{"type":"LineString","coordinates":[[118.7633588,31.7031372],[118.7637213,31.7034954],[118.7637988,31.7036406],[118.7638425,31.7038907],[118.7638963,31.7040291],[118.7640245,31.7040973],[118.7641478,31.7041199],[118.7642654,31.7041328],[118.7643831,31.7041167],[118.7644949,31.7040247],[118.7648448,31.7035758],[118.7650019,31.703548],[118.7654203,31.703621],[118.7656271,31.7036045],[118.7659856,31.703489],[118.7661374,31.7034518],[118.7662606,31.7034648],[118.7665608,31.7035771],[118.7667765,31.703915],[118.7669131,31.7041699],[118.7670323,31.7043558],[118.7672432,31.7044344],[118.7677297,31.7045064],[118.7679012,31.704541],[118.7680717,31.7046459],[118.7682198,31.7048363],[118.7682692,31.7049412],[118.7682546,31.7050584],[118.7680548,31.7053559],[118.7680207,31.7054672],[118.7680433,31.7055678],[118.7681876,31.7056189],[118.768567,31.7057471],[118.7687114,31.7060901],[118.7687999,31.7062361],[118.7688939,31.7063114],[118.7690574,31.7063593],[118.7692398,31.706332],[118.7694088,31.7062772],[118.7695751,31.7062681],[118.7697678,31.7063458],[118.7703341,31.7067929],[118.7706399,31.7072128],[118.7707851,31.7073478],[118.7709939,31.7073725],[118.7711918,31.7073841],[118.771334,31.7074456],[118.7715804,31.708247],[118.7726388,31.7084516],[118.7736801,31.7081899],[118.7740339,31.7082947],[118.7750531,31.7091871],[118.7753806,31.7092865],[118.7773756,31.7092604],[118.7793245,31.7091168],[118.7800611,31.7093257],[118.7809589,31.7098601],[118.7824703,31.7107878],[118.7889923,31.7148869],[118.7939796,31.7180851],[118.7983531,31.7208133],[118.8020054,31.7231629],[118.8052265,31.725121],[118.80776,31.726661],[118.8139597,31.7291018],[118.8181017,31.7305271],[118.8197597,31.7313069],[118.8199925,31.7315987],[118.8199829,31.7338224],[118.8199081,31.7353004],[118.8198626,31.736094],[118.8200111,31.7368605],[118.8200211,31.7378963],[118.8203659,31.7396736],[118.8204861,31.7399063],[118.8206416,31.7401663],[118.8210773,31.7407255],[118.8214248,31.7411609],[118.8217896,31.7415167],[118.8221276,31.7415806],[118.8224885,31.7415379],[118.823188,31.7411988],[118.823694,31.7411563],[118.8244434,31.7413956],[118.8255779,31.7418624],[118.8289043,31.7426866],[118.8298329,31.7434476],[118.8329733,31.7455438],[118.8338006,31.7455726],[118.8345435,31.7450844],[118.8351344,31.7452854],[118.83635,31.7459028],[118.8392034,31.747396],[118.841075,31.7478555],[118.8422923,31.7481543],[118.8474259,31.7492406],[118.8527028,31.7503269],[118.8577767,31.7513218],[118.863531,31.7524588],[118.8677454,31.753276],[118.8715917,31.7540732],[118.8788719,31.7554663],[118.8789835,31.7554895],[118.8829015,31.7563052],[118.8850436,31.7567396],[118.8862716,31.7572826],[118.8873911,31.7579569],[118.8876549,31.7581156],[118.887831,31.7583036],[118.8882679,31.7588625],[118.8900768,31.7617129],[118.8903554,31.7620185]]}},{"type":"Feature","properties":{"osm_id":154408817,"dataset":"jiangning","kind":"waterway","name":"横溪河","highway":"","waterway":"drain","bridge":"","tunnel":"","layer":0,"width_m":4,"z_offset_m":0},"geometry":{"type":"LineString","coordinates":[[118.8011835,31.6721491],[118.8014571,31.6735139],[118.8014571,31.6740126],[118.8010773,31.6744374],[118.8008711,31.675093],[118.800882,31.6759426],[118.8012184,31.6764228],[118.8015222,31.6770415],[118.8014137,31.6773462],[118.8010014,31.6775863],[118.8011424,31.6779465],[118.8009688,31.6781958],[118.8008386,31.6784913],[118.8009254,31.6788884],[118.8007409,31.6793409],[118.800882,31.6797656],[118.8006216,31.6798303],[118.8003177,31.6797472],[118.8002201,31.6794886],[118.7996667,31.6794794],[118.7994931,31.6799873],[118.7994549,31.6801366],[118.7994441,31.6802279],[118.799538,31.6803717],[118.7996078,31.6804471],[118.799758,31.6805338],[118.7997204,31.6806205],[118.7996694,31.6807278],[118.7995863,31.6809104],[118.7994227,31.6809561],[118.7992993,31.6810223],[118.7993181,31.6811638],[118.7994522,31.6812779],[118.7994415,31.6813692],[118.7994763,31.6815016],[118.7996158,31.6814719],[118.7996051,31.6816134],[118.7995234,31.6818869],[118.7993944,31.6821774],[118.7994589,31.6823969],[118.7995006,31.6825066],[118.799493,31.6826906],[118.7995863,31.6831427],[118.7994924,31.6833207],[118.7993878,31.6833938],[118.799243,31.6833983],[118.7990338,31.6833983],[118.7988633,31.6832458],[118.7988064,31.6830618],[118.7987268,31.6828811],[118.7986357,31.6828036],[118.7984688,31.6828423],[118.7983209,31.6828165],[118.7981047,31.682752],[118.797953,31.6828101],[118.7978885,31.6828714],[118.7977709,31.6830005],[118.7974485,31.6833717],[118.7974083,31.6836334],[118.7974352,31.6840899],[118.7974942,31.6843729],[118.7976015,31.6845145],[118.7976175,31.6847336],[118.7975693,31.6849572],[118.7974244,31.6850714],[118.7972581,31.6850896],[118.7970328,31.6849846],[118.79677,31.6848112],[118.7963355,31.6847062],[118.796078,31.6848249],[118.7958634,31.6850805],[118.7958258,31.6852768],[118.7960981,31.6855311],[118.7960829,31.6856667],[118.7959805,31.6858701],[118.7958819,31.6860379],[118.7956998,31.686422],[118.7956088,31.686648],[118.7954343,31.6867061],[118.7952062,31.6866827],[118.7948602,31.6864545],[118.7947234,31.6863313],[118.7945974,31.6862879],[118.7945223,31.6863267],[118.7945062,31.6864134],[118.7943935,31.6864842],[118.7943614,31.68658],[118.794376,31.6868642],[118.7945315,31.6871483],[118.794577,31.6872871],[118.794357,31.6874872],[118.7941901,31.6875743],[118.7942053,31.6879487],[118.7941294,31.6880682],[118.794008,31.688136],[118.7939587,31.6883038],[118.7939435,31.6883845],[118.7938563,31.6884587],[118.7937046,31.6885749],[118.7935984,31.6886524],[118.7935073,31.6886653],[118.7934087,31.688775],[118.7932797,31.688859],[118.7930901,31.6890139],[118.7929914,31.6891527],[118.7929344,31.6897434],[118.7928915,31.6898689],[118.7928244,31.6899716],[118.792626,31.6900629],[118.7923106,31.6905212],[118.7920305,31.6907772],[118.7917596,31.6909187],[118.7916389,31.6910283],[118.7916255,31.691115],[118.7916657,31.6912109],[118.7918025,31.6913296],[118.7918857,31.6914368],[118.7919125,31.6918568],[118.79195,31.6920462],[118.7920493,31.692142],[118.7920359,31.6922744],[118.7919232,31.6923634],[118.7918293,31.6924136],[118.7916684,31.6924319],[118.7916014,31.6923954],[118.7915209,31.6923908],[118.7913707,31.6923748],[118.7911937,31.6923474],[118.7909308,31.692336],[118.7904614,31.6925611],[118.7899569,31.692887],[118.7893778,31.6932672],[118.7891149,31.6933562],[118.7885648,31.6932873],[118.7884775,31.6931065],[118.7884206,31.693042],[118.7883372,31.6930742],[118.7882272,31.693042],[118.7880906,31.6929419],[118.7879654,31.6929355],[118.787882,31.6930258],[118.7878365,31.6931356],[118.7878402,31.6933357],[118.7878896,31.6934712],[118.7879009,31.6936649],[118.7877644,31.6937649],[118.787624,31.6940812],[118.7874116,31.6941361],[118.7871575,31.694107],[118.7870057,31.6940619],[118.7867781,31.6939295],[118.786524,31.6937391],[118.7863192,31.6936649],[118.7861447,31.6937456],[118.7858602,31.6939844],[118.7856781,31.6942071],[118.7856667,31.6943878],[118.7858109,31.6945654],[118.7859285,31.694688],[118.7859778,31.694801],[118.7859285,31.6948784],[118.7857919,31.6949172],[118.785553,31.6949218],[118.7853491,31.694972],[118.7851238,31.6950359],[118.7848931,31.6950952],[118.784641,31.6952002],[118.7844908,31.6954375],[118.7845927,31.6956156],[118.7847483,31.6957297],[118.784802,31.6958301],[118.784759,31.6959077],[118.7846518,31.6959761],[118.7845445,31.6960537],[118.7843245,31.6961907],[118.7842548,31.6963139],[118.784396,31.6965857],[118.7844377,31.6967052],[118.7844074,31.6968827],[118.7842898,31.6970505],[118.7842367,31.6971828],[118.7842026,31.6974023],[118.7843726,31.6977307],[118.7839819,31.6981277],[118.7840687,31.6984508],[118.7849694,31.6991063],[118.7851104,31.6993371],[118.7849694,31.6995679],[118.7841989,31.6999741],[118.7839928,31.700168],[118.7839385,31.7004449],[118.7838626,31.7008604],[118.7836238,31.7012297],[118.7832115,31.7016267],[118.7815079,31.7031315],[118.7806181,31.7039162],[118.7804675,31.7041231],[118.7803089,31.7044621],[118.7802492,31.7049963],[118.7803656,31.7057843],[118.780477,31.7061687],[118.7809762,31.7093997],[118.7809589,31.7098601]]}},{"type":"Feature","properties":{"osm_id":154408819,"dataset":"jiangning","kind":"waterway","name":"","highway":"","waterway":"stream","bridge":"","tunnel":"","layer":0,"width_m":6,"z_offset_m":0},"geometry":{"type":"LineString","coordinates":[[118.7882921,31.7186349],[118.7889214,31.7185611],[118.7897787,31.718718],[118.7905165,31.7189857],[118.7906901,31.7194749],[118.7910157,31.7198902],[118.7917535,31.7203425],[118.7926867,31.7206287],[118.7934246,31.7203056],[118.7940757,31.7204994],[118.7943903,31.7210256],[118.7950306,31.7213948],[118.7957901,31.7216993],[118.7959746,31.721967],[118.7961157,31.7227331],[118.7958769,31.7232407],[118.7958227,31.7237115],[118.795942,31.7240437],[118.7962784,31.7241545],[118.796821,31.7241545],[118.7971248,31.7243114],[118.7971465,31.7245883],[118.7968318,31.724856],[118.7965389,31.7251329],[118.7961482,31.7260097],[118.7963001,31.7263881],[118.7966257,31.726628],[118.7975154,31.7267665],[118.7986657,31.7269419],[118.7993059,31.7268219],[118.8003042,31.7264619],[118.801042,31.7264342],[118.8016822,31.7261666]]}},{"type":"Feature","properties":{"osm_id":154408822,"dataset":"jiangning","kind":"waterway","name":"","highway":"","waterway":"stream","bridge":"","tunnel":"","layer":0,"width_m":6,"z_offset_m":0},"geometry":{"type":"LineString","coordinates":[[118.8052265,31.725121],[118.8042431,31.7261204],[118.8007599,31.7296922],[118.799078,31.7314088]]}},{"type":"Feature","properties":{"osm_id":154409250,"dataset":"jiangning","kind":"waterway","name":"","highway":"","waterway":"stream","bridge":"","tunnel":"","layer":0,"width_m":6,"z_offset_m":0},"geometry":{"type":"LineString","coordinates":[[118.7843263,31.7275128],[118.7849785,31.7277608],[118.7871115,31.7302734],[118.7883868,31.7318195]]}},{"type":"Feature","properties":{"osm_id":154409255,"dataset":"jiangning","kind":"waterway","name":"","highway":"","waterway":"stream","bridge":"","tunnel":"","layer":0,"width_m":6,"z_offset_m":0},"geometry":{"type":"LineString","coordinates":[[118.7887302,31.7326318],[118.7891371,31.7325901],[118.7902497,31.7325574],[118.7925132,31.7334711],[118.7951987,31.7345282],[118.7960043,31.7348676],[118.7966719,31.7350633]]}},{"type":"Feature","properties":{"osm_id":158317195,"dataset":"jiangning","kind":"waterway","name":"","highway":"","waterway":"stream","bridge":"","tunnel":"","layer":0,"width_m":6,"z_offset_m":0},"geometry":{"type":"LineString","coordinates":[[119.049029,32.0589547],[119.0495709,32.0587843],[119.0501717,32.0587206],[119.050625,32.0587092],[119.0506954,32.0586918],[119.0509426,32.0584286],[119.0513672,32.0582621],[119.0522354,32.0582084],[119.0532374,32.0581353],[119.0545486,32.0580795],[119.0547144,32.0581057],[119.0549836,32.0582182],[119.0551378,32.0582237],[119.0552464,32.0582046],[119.0554422,32.058058],[119.0563294,32.0572255],[119.0565585,32.0570877],[119.0568316,32.0570271],[119.0570233,32.0569275],[119.0571937,32.0568793],[119.0576577,32.0568657],[119.0579007,32.0568334],[119.0580976,32.0567529],[119.0590609,32.0556948]]}},{"type":"Feature","properties":{"osm_id":160043806,"dataset":"jiangning","kind":"waterway","name":"","highway":"","waterway":"drain","bridge":"","tunnel":"","layer":0,"width_m":4,"z_offset_m":0},"geometry":{"type":"LineString","coordinates":[[118.8874181,31.6848133],[118.8871736,31.6850214],[118.8866066,31.6854637],[118.8862045,31.6857843],[118.8856032,31.6862714]]}},{"type":"Feature","properties":{"osm_id":160050879,"dataset":"jiangning","kind":"waterway","name":"","highway":"","waterway":"drain","bridge":"","tunnel":"","layer":0,"width_m":4,"z_offset_m":0},"geometry":{"type":"LineString","coordinates":[[118.893637,31.6689833],[118.8936724,31.6691147],[118.8936145,31.669279],[118.8934344,31.6698183],[118.8933314,31.6701522],[118.8931417,31.6706449]]}},{"type":"Feature","properties":{"osm_id":160051379,"dataset":"jiangning","kind":"waterway","name":"溧水河","highway":"","waterway":"river","bridge":"","tunnel":"","layer":0,"width_m":18,"z_offset_m":0},"geometry":{"type":"LineString","coordinates":[[118.9183867,31.6898095],[118.9140889,31.6910445],[118.9128899,31.6906747],[118.9122755,31.6920137],[118.9123804,31.6932507],[118.9121556,31.6940031],[118.9086186,31.6961582],[118.9055461,31.6983005],[118.9036727,31.700583],[118.8981617,31.7019018],[118.8923423,31.7036815],[118.8904539,31.7042553],[118.8894797,31.7047781],[118.8881957,31.7056246],[118.8876894,31.7063262],[118.886471,31.7083517],[118.8857478,31.709789],[118.8852682,31.7110385],[118.8853132,31.711727],[118.885538,31.7128362],[118.885871,31.7136644],[118.8861801,31.7143716],[118.886323,31.7146503],[118.8865478,31.7150888],[118.8866466,31.715592],[118.8868273,31.7167064],[118.8869577,31.7178087],[118.886922,31.7196057],[118.8876864,31.7211865],[118.8880011,31.7221171],[118.888136,31.7234047],[118.8888554,31.7250747],[118.8894998,31.726426],[118.8905339,31.727841],[118.8908637,31.7280067],[118.8921226,31.7324173],[118.8926935,31.7339999],[118.8933515,31.7350446],[118.8938162,31.7357824],[118.8946116,31.736699]]}},{"type":"Feature","properties":{"osm_id":160519138,"dataset":"jiangning","kind":"waterway","name":"上坝河","highway":"","waterway":"river","bridge":"","tunnel":"","layer":0,"width_m":18,"z_offset_m":0},"geometry":{"type":"LineString","coordinates":[[118.9042615,32.0197938],[118.9037218,32.0201979],[118.903569,32.0202728],[118.9026295,32.0207329],[118.9000713,32.0217969],[118.8982021,32.0226954],[118.8976283,32.0229333],[118.8966285,32.0231851],[118.8956898,32.0234477]]}},{"type":"Feature","properties":{"osm_id":165359364,"dataset":"jiangning","kind":"waterway","name":"","highway":"","waterway":"stream","bridge":"","tunnel":"","layer":0,"width_m":6,"z_offset_m":0},"geometry":{"type":"LineString","coordinates":[[118.9845266,31.8073897],[118.9805159,31.8072873],[118.9745902,31.8071528],[118.9721102,31.8071155],[118.9689274,31.8070379],[118.9651907,31.8069293],[118.9615149,31.8068],[118.9576991,31.8066966],[118.9539441,31.8066294],[118.9511333,31.8065499],[118.9483452,31.8064949],[118.9448519,31.8063708],[118.941803,31.8062932],[118.938328,31.8061742],[118.9349686,31.8060811],[118.932017,31.8060191],[118.9292297,31.8059312],[118.9269354,31.8058639],[118.9251035,31.8058019],[118.9136862,31.8054627],[118.9136219,31.8061374],[118.9111435,31.8062742],[118.9103067,31.8067392],[118.910017,31.807113],[118.9094843,31.8079064]]}},{"type":"Feature","properties":{"osm_id":165385686,"dataset":"jiangning","kind":"waterway","name":"高阳河","highway":"","waterway":"river","bridge":"","tunnel":"","layer":0,"width_m":18,"z_offset_m":0},"geometry":{"type":"LineString","coordinates":[[119.0061644,31.7955529],[119.0058645,31.795587],[119.0053811,31.795547],[119.0036424,31.7951152],[119.0012204,31.7954445],[119.0008289,31.7969589],[119.001401,31.7999436],[119.0009498,31.8010207]]}},{"type":"Feature","properties":{"osm_id":165385686,"dataset":"jiangning","kind":"waterway","name":"高阳河","highway":"","waterway":"river","bridge":"","tunnel":"","layer":0,"width_m":18,"z_offset_m":0},"geometry":{"type":"LineString","coordinates":[[118.9957747,31.8034133],[118.9942602,31.803461],[118.9929888,31.8035404],[118.9927458,31.8043349],[118.9912687,31.8060192],[118.9898664,31.8072586],[118.9884267,31.8093719],[118.987174,31.8117552],[118.9869683,31.8132646],[118.9868375,31.814901],[118.9857717,31.8146945],[118.9846312,31.8145833],[118.9845751,31.8152824],[118.9840142,31.8159179],[118.9831915,31.817316],[118.9825184,31.8175225],[118.9820697,31.8188094],[118.9766662,31.8222251],[118.9755257,31.8226223],[118.9750022,31.8231306]]}},{"type":"Feature","properties":{"osm_id":165385686,"dataset":"jiangning","kind":"waterway","name":"高阳河","highway":"","waterway":"river","bridge":"","tunnel":"","layer":0,"width_m":18,"z_offset_m":0},"geometry":{"type":"LineString","coordinates":[[118.9704027,31.8254342],[118.9680656,31.8261967],[118.9662706,31.8258949],[118.9656162,31.8280236],[118.9649618,31.8283572],[118.9618955,31.8270387],[118.9608859,31.8262761],[118.9598762,31.825736],[118.9575204,31.8264032],[118.954398,31.8266574],[118.9530331,31.826022],[118.9500415,31.8237343],[118.9494993,31.8230194],[118.9447502,31.8214784],[118.9419799,31.8226821],[118.9355855,31.8237307],[118.9307616,31.8214747],[118.9263117,31.8208393],[118.9166266,31.8144843],[118.9121767,31.8113384],[118.9094843,31.8079064],[118.9040621,31.807239],[118.898453,31.8078746],[118.8934934,31.8100058]]}},{"type":"Feature","properties":{"osm_id":165488002,"dataset":"jiangning","kind":"waterway","name":"江宁河","highway":"","waterway":"river","bridge":"","tunnel":"","layer":0,"width_m":18,"z_offset_m":0},"geometry":{"type":"LineString","coordinates":[[118.6250793,31.8078281],[118.6249613,31.8083367],[118.6250042,31.8088108],[118.6246201,31.808984],[118.624148,31.8090205],[118.6237167,31.8092119],[118.6234592,31.8095037],[118.6229442,31.809759],[118.6227297,31.8100507],[118.6224743,31.8103334],[118.622131,31.8108439],[118.6220001,31.8113636],[118.6214873,31.8115733],[118.6208843,31.8120201],[118.6204981,31.812713],[118.6200689,31.81326],[118.6196848,31.8136156],[118.6188244,31.8136247],[118.619084,31.8143814],[118.6194252,31.8149011],[118.6189553,31.8151837],[118.6186119,31.8156942],[118.6186098,31.8162139],[118.6187836,31.8168247],[118.6191269,31.8172623],[118.6197277,31.8175905],[118.6204573,31.8181375],[118.6206719,31.818721],[118.6206268,31.8192771],[118.6201547,31.8200793],[118.6194702,31.8203619],[118.6194252,31.8206263],[118.6191677,31.8211003],[118.6194273,31.8217111],[118.6194252,31.8221213],[118.6192986,31.8227321],[118.6192127,31.8234614],[118.6191677,31.8242727],[118.6191248,31.8251843],[118.6189531,31.8257677],[118.6183974,31.826415],[118.6187814,31.8273721],[118.6191269,31.8280922],[118.6189553,31.8286392],[118.6186098,31.8291223],[118.6181806,31.8294869],[118.6176227,31.8298515],[118.6172386,31.8303893],[118.6169382,31.8310092],[118.6168503,31.8314194],[118.6164232,31.8322124],[118.6160074,31.8326813],[118.6156079,31.8328687],[118.6152025,31.8329234],[118.6140755,31.8327732],[118.6134606,31.832845],[118.6129565,31.8330737],[118.612748,31.8336096],[118.6127903,31.8338383],[118.6129407,31.8341567],[118.6134923,31.8346768],[118.613809,31.8352665],[118.6138908,31.836002],[118.6136533,31.8365894],[118.6135458,31.8369613],[118.6135458,31.8373988],[118.6138483,31.8378272],[118.6142775,31.838447],[118.6148963,31.839605],[118.6149808,31.8399436],[118.6148277,31.8402216],[118.6145084,31.840327],[118.6141283,31.8403247],[118.6135899,31.8401947],[118.6133128,31.8401924],[118.6130331,31.840309],[118.6125587,31.8407165],[118.6121621,31.8409592],[118.6114153,31.8412686],[118.6111936,31.8414995],[118.6110906,31.8417775],[118.6110933,31.8419726],[118.6111698,31.842208],[118.6113123,31.84243],[118.6116237,31.8427707],[118.6117927,31.8430263],[118.6118745,31.8433088],[118.6118903,31.8436092],[118.6118402,31.8438334],[118.6116924,31.8441025],[118.6110722,31.8445778],[118.6107159,31.8448916],[118.6103833,31.845349],[118.6103385,31.8455777],[118.6103754,31.8458377],[118.6105364,31.8461314],[118.6109877,31.8466044],[118.6111909,31.8469878],[118.6117455,31.8485818],[118.6118481,31.8490593],[118.6118956,31.8496691],[118.6119642,31.8512428],[118.6120117,31.8516284],[118.6122228,31.8523637],[118.6125818,31.8535921],[118.6126926,31.8544036],[118.6126038,31.8551069],[118.6123871,31.8558086],[118.6121725,31.856246],[118.6120459,31.8566743],[118.6123463,31.8572575],[118.6123012,31.8579227],[118.6124729,31.8583966],[118.612475,31.8588613],[118.6122175,31.8596997],[118.611915,31.86062],[118.6117884,31.8610848],[118.6120459,31.8615951],[118.6124729,31.8620416],[118.6125609,31.8625427],[118.61299,31.8629801],[118.6133333,31.8633446],[118.613932,31.8638275],[118.6142346,31.8642558],[118.6143204,31.8646567],[118.6143204,31.8652035],[118.6138912,31.8654221],[118.6132454,31.8658686],[118.6128162,31.8663789],[118.6123034,31.8668436],[118.6117026,31.8675361],[118.6112283,31.8679461],[118.6097692,31.8684563],[118.6089989,31.8684837],[118.608014,31.8684472],[118.6071557,31.8684472],[118.6059078,31.8680172],[118.6047882,31.86803],[118.604438,31.8680343],[118.6038344,31.8680245],[118.6031599,31.8680851],[118.6028169,31.8682377],[118.6021562,31.8684716],[118.60096,31.8685365],[118.6006261,31.868577],[118.6003529,31.8686543],[118.6001432,31.8688078],[118.5999736,31.8691053],[118.5996991,31.869921],[118.5994738,31.8708891],[118.5991262,31.8722831],[118.5985683,31.8731214],[118.5976654,31.873819],[118.5961786,31.8762753],[118.5948,31.8773542],[118.5922329,31.8809278],[118.591502,31.8815549],[118.5883604,31.8877524],[118.588204,31.8883492],[118.5905324,31.893305],[118.5925492,31.8985735],[118.5932591,31.9022345],[118.5892636,31.9075452],[118.5869556,31.9101706]]}},{"type":"Feature","properties":{"osm_id":165488003,"dataset":"jiangning","kind":"waterway","name":"","highway":"","waterway":"stream","bridge":"","tunnel":"","layer":0,"width_m":6,"z_offset_m":0},"geometry":{"type":"LineString","coordinates":[[118.6117225,31.8814613],[118.6108033,31.8816048],[118.6060862,31.8799922],[118.602991,31.8788961],[118.5999566,31.8778918],[118.5965505,31.8767498]]}},{"type":"Feature","properties":{"osm_id":165488370,"dataset":"jiangning","kind":"waterway","name":"","highway":"","waterway":"river","bridge":"","tunnel":"","layer":0,"width_m":18,"z_offset_m":0},"geometry":{"type":"LineString","coordinates":[[118.4906387,31.7798757],[118.4944582,31.7821376],[118.498106,31.7841804],[118.5017108,31.7861868],[118.5057846,31.7887702],[118.5087489,31.7910749],[118.5162774,31.7989652],[118.5181871,31.8024666],[118.521159,31.8076638],[118.5245386,31.8140641],[118.5271135,31.8210657],[118.5298601,31.8296711],[118.531008,31.8319408],[118.5335111,31.8400504],[118.5356998,31.8495289],[118.5369443,31.8572933],[118.5402488,31.8641458],[118.5426521,31.8689932],[118.5462537,31.874581],[118.5511461,31.8799017],[118.5556951,31.8842017],[118.5671106,31.8936757],[118.5726896,31.8978293],[118.5813585,31.9046788],[118.5869556,31.9101706],[118.5882089,31.9114003],[118.5901561,31.9138957]]}},{"type":"Feature","properties":{"osm_id":166126345,"dataset":"jiangning","kind":"waterway","name":"","highway":"","waterway":"stream","bridge":"","tunnel":"","layer":0,"width_m":6,"z_offset_m":0},"geometry":{"type":"LineString","coordinates":[[118.8773618,31.9484837],[118.8747223,31.9483281],[118.8745309,31.9484228],[118.8742996,31.9493769],[118.873853,31.950128],[118.8732868,31.9507708],[118.8724974,31.9513459],[118.8712055,31.9521376],[118.8705755,31.9524218],[118.8701391,31.9525696],[118.8697123,31.9526628],[118.8686505,31.9528108],[118.8685244,31.9528518],[118.8684413,31.9529315],[118.868409,31.9530438],[118.8683506,31.9537412],[118.8682677,31.9547673],[118.8682391,31.9549696],[118.8681596,31.9551321],[118.8679694,31.9552732],[118.8668963,31.9559196],[118.8667161,31.9560146],[118.8665988,31.9560215],[118.8663684,31.9560006],[118.865307,31.9558343],[118.8645923,31.955808],[118.8640532,31.9557853],[118.8634014,31.9557011],[118.8632056,31.9556988],[118.8627596,31.9556991],[118.8620976,31.9557404],[118.8612476,31.9558194],[118.8606262,31.9559298],[118.8593835,31.9563019],[118.8585399,31.9564978],[118.8582247,31.9565067],[118.8562641,31.9563246],[118.8558456,31.9562268],[118.8555857,31.9561296],[118.8550463,31.9556663],[118.854324,31.9546229],[118.853009,31.9528115],[118.8525628,31.9519057],[118.8522294,31.9514202],[118.851513,31.9505569],[118.8513008,31.9500454],[118.8510827,31.9497585],[118.850822,31.949487],[118.8492833,31.9479275],[118.8481862,31.9471235],[118.8476519,31.9470449],[118.8449092,31.9472505],[118.8435699,31.9474197],[118.8427721,31.9476494]]}},{"type":"Feature","properties":{"osm_id":166128103,"dataset":"jiangning","kind":"waterway","name":"外港河","highway":"","waterway":"river","bridge":"","tunnel":"","layer":0,"width_m":18,"z_offset_m":0},"geometry":{"type":"LineString","coordinates":[[118.8427721,31.9476494],[118.8419956,31.9485984],[118.8411193,31.9497288],[118.8396376,31.9502789],[118.8388468,31.950708],[118.8376286,31.9510345],[118.8356696,31.9510163],[118.8340596,31.9497772],[118.8303267,31.9483446],[118.8257241,31.9465537],[118.8252266,31.9463601]]}},{"type":"Feature","properties":{"osm_id":166195966,"dataset":"jiangning","kind":"waterway","name":"江宁河","highway":"","waterway":"stream","bridge":"","tunnel":"","layer":0,"width_m":6,"z_offset_m":0},"geometry":{"type":"LineString","coordinates":[[118.6239259,31.7739228],[118.6247917,31.7740757],[118.6250471,31.7744862],[118.62509,31.7748145],[118.625178,31.7751337],[118.6250471,31.7753982],[118.6247917,31.7758634],[118.6246608,31.7761279],[118.6250042,31.7763468],[118.6249613,31.7767846],[118.6247467,31.7770765],[118.6242338,31.7773227],[118.6242338,31.7775781],[118.624663,31.7780524],[118.6250492,31.7783442],[118.6254784,31.7785996],[118.6253926,31.7789644],[118.625178,31.7793657],[118.6254355,31.7797305],[118.62565,31.7804601],[118.6260341,31.7810894],[118.6261221,31.7815181],[118.6264204,31.7821839],[118.6265084,31.782649],[118.6266371,31.7830868],[118.6269375,31.783634],[118.6271929,31.7840443],[118.6270233,31.7843635],[118.6268924,31.7847375],[118.627107,31.7852117],[118.6272379,31.7856768],[118.6271929,31.7859413],[118.6267637,31.7863061],[118.6267208,31.7866344],[118.6266371,31.787063],[118.626592,31.7874734],[118.6264204,31.788057],[118.6262916,31.7886407],[118.6259912,31.7890784],[118.6259934,31.7895435],[118.6262079,31.7900542],[118.6263345,31.7906105],[118.6263094,31.7911556],[118.6263419,31.7917869],[118.6262736,31.7921511],[118.6262113,31.7922103],[118.6261311,31.792228],[118.6252195,31.7920559],[118.6251247,31.7920574],[118.6250013,31.7921053],[118.6248222,31.7921949],[118.6246955,31.7922968],[118.6246338,31.7924153],[118.6245495,31.7926519],[118.6244872,31.7931286],[118.6244171,31.7936186],[118.6245106,31.7940226],[118.6248066,31.7944398],[118.6249624,31.7947907],[118.6250481,31.7954198],[118.6248066,31.7959826],[118.6245963,31.7969659],[118.6244794,31.7975851],[118.6244404,31.7986379],[118.6245261,31.7991477],[118.6249001,31.7997106],[118.6249157,31.8002072],[118.6247521,31.8008229],[118.6247521,31.8016241],[118.6246586,31.8023922],[118.6245028,31.8029616],[118.6241366,31.8036568],[118.6237471,31.8040872],[118.6234977,31.8046103],[118.6236068,31.8050936],[118.624347,31.8059014],[118.6246352,31.8065171],[118.6250793,31.8078281]]}},{"type":"Feature","properties":{"osm_id":166195967,"dataset":"jiangning","kind":"waterway","name":"","highway":"","waterway":"ditch","bridge":"","tunnel":"","layer":0,"width_m":3,"z_offset_m":0},"geometry":{"type":"LineString","coordinates":[[118.6484253,31.7871428],[118.6306736,31.7945043],[118.6291739,31.7951002],[118.6274482,31.7958154],[118.6272086,31.7959103],[118.6261354,31.7963352],[118.6245963,31.7969659]]}},{"type":"Feature","properties":{"osm_id":167204408,"dataset":"jiangning","kind":"waterway","name":"七乡河","highway":"","waterway":"river","bridge":"","tunnel":"","layer":0,"width_m":18,"z_offset_m":0},"geometry":{"type":"LineString","coordinates":[[119.0582656,32.0883989],[119.055448,32.0875662],[119.0525038,32.0867626],[119.0489287,32.0857659],[119.043745,32.084302],[119.0403266,32.0833049],[119.0398316,32.0832099],[119.0388789,32.0833523],[119.0379916,32.0834948],[119.0358807,32.0840487],[119.0335878,32.0845908],[119.0304498,32.0851069],[119.0304122,32.0851131],[119.0299078,32.085216],[119.0292587,32.0854415],[119.028773,32.0858174],[119.0283994,32.0863634],[119.0283013,32.086763],[119.0281332,32.0871508],[119.0274794,32.0881755],[119.0272263,32.0889012],[119.0264055,32.0901843],[119.026011,32.0906101],[119.025012,32.0911546],[119.0243746,32.0914967],[119.0239643,32.0915678],[119.0237097,32.0915664],[119.0233746,32.0914968],[119.0223649,32.0910091],[119.0209615,32.0903159],[119.0205311,32.0901827],[119.019824,32.090092],[119.019121,32.0901563],[119.0186373,32.0901084],[119.0177634,32.0898608],[119.0163496,32.0894454],[119.015591,32.0893192],[119.0143731,32.0892687],[119.0140675,32.0891007],[119.0132085,32.0874295],[119.0128563,32.0870012],[119.0090532,32.0857116],[119.0085448,32.0855017],[119.0079518,32.0852043],[119.0067615,32.0846366],[119.0052856,32.0840073]]}},{"type":"Feature","properties":{"osm_id":167212156,"dataset":"jiangning","kind":"waterway","name":"汤水河","highway":"","waterway":"river","bridge":"","tunnel":"","layer":0,"width_m":18,"z_offset_m":0},"geometry":{"type":"LineString","coordinates":[[119.081288,31.9363348],[119.0833586,31.9342792],[119.0834157,31.9332731],[119.0846156,31.9308972],[119.0849853,31.9279687],[119.0843692,31.9246741],[119.083599,31.9226606],[119.0800252,31.9186074],[119.0800868,31.9167508],[119.0815656,31.9149986],[119.0819661,31.9133773],[119.081658,31.9107621],[119.0797787,31.9080945],[119.0782972,31.9067787],[119.0776479,31.9066386],[119.0769814,31.9066682],[119.0755281,31.9070893],[119.0736956,31.9066409],[119.0719474,31.905632],[119.0714761,31.9045026],[119.0653709,31.896267],[119.0617547,31.8914038],[119.0594682,31.8879431],[119.0571173,31.8850963],[119.049511,31.875512]]}},{"type":"Feature","properties":{"osm_id":167236750,"dataset":"jiangning","kind":"waterway","name":"","highway":"","waterway":"stream","bridge":"","tunnel":"","layer":0,"width_m":6,"z_offset_m":0},"geometry":{"type":"LineString","coordinates":[[118.9245488,32.047048],[118.9244928,32.0459738],[118.9244421,32.0458747],[118.9243711,32.0458247],[118.924252,32.0458084],[118.9219099,32.0459019],[118.921328,32.0459042],[118.9209538,32.0459063]]}},{"type":"Feature","properties":{"osm_id":167237583,"dataset":"jiangning","kind":"waterway","name":"九乡河","highway":"","waterway":"drain","bridge":"","tunnel":"","layer":0,"width_m":4,"z_offset_m":0},"geometry":{"type":"LineString","coordinates":[[118.96142,32.0209267],[118.9643749,32.0229865],[118.9669309,32.0248627],[118.9689047,32.026318],[118.9706419,32.0275634],[118.970966,32.0277933],[118.971357,32.0280005],[118.9738919,32.0292511],[118.9758016,32.0301652],[118.9777059,32.0310293],[118.9778969,32.0311564],[118.9779881,32.0312837],[118.9782048,32.0316086],[118.9785969,32.0318726],[118.9788584,32.0319204],[118.9791999,32.0319656],[118.9805169,32.0325596],[118.9821691,32.0332963],[118.9839046,32.0341031],[118.9854897,32.0348015],[118.9868094,32.0353882],[118.9876087,32.035752],[118.9878921,32.0359211],[118.9881397,32.0361931],[118.9884696,32.0364387],[118.9891563,32.0369389],[118.9900441,32.0374937],[118.9912028,32.0381849],[118.9921362,32.0387488],[118.9928067,32.0391489],[118.993075,32.0394104],[118.9933115,32.0396307],[118.9935739,32.0398037],[118.9938877,32.0400125],[118.9939574,32.0405422],[118.9940996,32.0410133],[118.9943571,32.0417045],[118.9944215,32.0427049],[118.9945153,32.0433069],[118.9944858,32.0437871],[118.9942498,32.0451058],[118.9943437,32.0458624],[118.9942605,32.0464062],[118.9939601,32.0468427],[118.9935739,32.0474429],[118.9929597,32.0483086],[118.9925091,32.0489725],[118.9920933,32.0494617],[118.9918787,32.0500073],[118.9916856,32.0506621],[118.9912323,32.0513732],[118.9902372,32.052699],[118.9900226,32.0536174],[118.9898483,32.0542012],[118.989615,32.0547086],[118.9893333,32.0553924],[118.9892582,32.0560198],[118.9894932,32.0566281],[118.9895028,32.0569052],[118.9895116,32.057159],[118.9899141,32.0576402],[118.9899241,32.0580981],[118.9897054,32.0585838],[118.9893793,32.0588465],[118.9892582,32.0590862],[118.9891286,32.0593671],[118.9888992,32.0595735],[118.9886301,32.0597519],[118.9878343,32.0600103],[118.9869951,32.0600781],[118.9869331,32.0600831],[118.9851092,32.060665],[118.9841651,32.0607195],[118.9810001,32.060149],[118.98042,32.059942],[118.9800666,32.0601013],[118.9793156,32.060956],[118.9762472,32.062138],[118.9703249,32.0643929],[118.952895,32.0710577],[118.9520987,32.0713622],[118.9516363,32.071539],[118.9508424,32.0720845],[118.9501128,32.07303],[118.949748,32.073721],[118.9491653,32.0820513]]}},{"type":"Feature","properties":{"osm_id":172744202,"dataset":"jiangning","kind":"waterway","name":"","highway":"","waterway":"drain","bridge":"","tunnel":"","layer":0,"width_m":4,"z_offset_m":0},"geometry":{"type":"LineString","coordinates":[[118.8752208,31.9885185],[118.8707524,31.9922706],[118.8703371,31.9926193],[118.864966,31.9969907],[118.8644127,31.997441]]}},{"type":"Feature","properties":{"osm_id":189541214,"dataset":"jiangning","kind":"waterway","name":"","highway":"","waterway":"river","bridge":"","tunnel":"","layer":-1,"width_m":18,"z_offset_m":0},"geometry":{"type":"LineString","coordinates":[[118.8094265,31.9190039],[118.8094788,31.9196276]]}},{"type":"Feature","properties":{"osm_id":189541215,"dataset":"jiangning","kind":"waterway","name":"","highway":"","waterway":"river","bridge":"","tunnel":"","layer":0,"width_m":18,"z_offset_m":0},"geometry":{"type":"LineString","coordinates":[[118.8094788,31.9196276],[118.8094857,31.9197104],[118.8096844,31.9206703]]}},{"type":"Feature","properties":{"osm_id":189541221,"dataset":"jiangning","kind":"waterway","name":"","highway":"","waterway":"river","bridge":"","tunnel":"","layer":0,"width_m":18,"z_offset_m":0},"geometry":{"type":"LineString","coordinates":[[118.8318145,31.9623911],[118.8312578,31.9624582],[118.83035,31.9624716],[118.8282339,31.9624018],[118.8220811,31.9622898]]}},{"type":"Feature","properties":{"osm_id":189575044,"dataset":"jiangning","kind":"waterway","name":"","highway":"","waterway":"river","bridge":"","tunnel":"","layer":0,"width_m":18,"z_offset_m":0},"geometry":{"type":"LineString","coordinates":[[118.8376019,31.8855626],[118.8368838,31.8858289],[118.8368699,31.8864722],[118.8368924,31.8890791],[118.8364373,31.8921031],[118.8363098,31.8971234],[118.8362807,31.8975052],[118.8360832,31.9031053],[118.8356908,31.9082201],[118.8352519,31.9128913],[118.834782,31.9171708],[118.8346563,31.9181559],[118.8346749,31.9183964],[118.8347799,31.9187027],[118.8350944,31.919296],[118.8358427,31.9198882]]}},{"type":"Feature","properties":{"osm_id":189575046,"dataset":"jiangning","kind":"waterway","name":"","highway":"","waterway":"river","bridge":"","tunnel":"","layer":0,"width_m":18,"z_offset_m":0},"geometry":{"type":"LineString","coordinates":[[118.8454089,31.8821865],[118.8449322,31.8828336],[118.8439081,31.883254],[118.8421057,31.8832531],[118.8404726,31.8830165],[118.8396621,31.8830133],[118.8391283,31.8832658],[118.8387109,31.8840091],[118.8383178,31.8844875],[118.8377448,31.8852615],[118.8376019,31.8855626],[118.8388329,31.8862353],[118.8407684,31.8872672],[118.8435818,31.8883756],[118.8462938,31.8892547],[118.8471941,31.8897229],[118.8478355,31.8906592],[118.8478355,31.8912421],[118.8482141,31.8915053],[118.8488215,31.8917401]]}},{"type":"Feature","properties":{"osm_id":255992687,"dataset":"jiangning","kind":"waterway","name":"句容河","highway":"","waterway":"river","bridge":"","tunnel":"","layer":0,"width_m":18,"z_offset_m":0},"geometry":{"type":"LineString","coordinates":[[119.1115694,31.8940307],[119.1107507,31.8917381],[119.1097022,31.8905032],[119.1080468,31.889377],[119.1037424,31.8878758],[119.103089,31.8875242],[119.1026276,31.8871234],[119.1023004,31.8866952],[119.1017243,31.885551],[119.1008145,31.8834794],[119.100278,31.8826231],[119.0997285,31.8820001],[119.0979417,31.8802211],[119.0973871,31.8771864],[119.0973871,31.8741516],[119.0960932,31.8716399],[119.0950135,31.8675972],[119.09178,31.8660931],[119.0898699,31.8635289],[119.0880214,31.8622206]]}},{"type":"Feature","properties":{"osm_id":255992688,"dataset":"jiangning","kind":"waterway","name":"句容河","highway":"","waterway":"river","bridge":"","tunnel":"","layer":0,"width_m":18,"z_offset_m":0},"geometry":{"type":"LineString","coordinates":[[119.0637444,31.8720586],[119.0535777,31.8732621],[119.0512978,31.8751458],[119.049511,31.875512],[119.0432881,31.8725834],[119.0340456,31.8712229],[119.0234321,31.8715278],[119.0195043,31.8725467],[119.0173963,31.8720815],[119.0095796,31.8655943],[119.0082283,31.8651004],[119.0042232,31.8668273],[118.9953053,31.8689401],[118.9889006,31.8684961],[118.9865684,31.8675899],[118.9826615,31.8655212],[118.9805106,31.8643823],[118.9763598,31.8618416],[118.9725456,31.8602853],[118.9708629,31.8591102],[118.9695541,31.8575221],[118.9678339,31.8546636],[118.9670181,31.8541813],[118.96648,31.854067],[118.966069,31.8540491],[118.9656782,31.8540121],[118.9652978,31.8539186],[118.9639367,31.8530901],[118.96215,31.8518684],[118.9600559,31.8508838],[118.9578123,31.8505979],[118.9553442,31.8511696],[118.9527266,31.8511696],[118.9499221,31.8500261],[118.9476253,31.8489945],[118.9461295,31.8473904],[118.9445964,31.8453574],[118.9431941,31.8442615],[118.9408757,31.8431656],[118.9385011,31.8427526],[118.9344064,31.8430226],[118.9319571,31.8433879],[118.9292647,31.8427367],[118.9273202,31.8419743],[118.9249083,31.8421967],[118.9223119,31.8435229],[118.9200097,31.8439121],[118.9180075,31.8449554],[118.9171334,31.8457322],[118.9158402,31.8466439],[118.9081744,31.8503127],[118.8988258,31.8555059],[118.874851,31.8695094],[118.8746762,31.8696229],[118.8706302,31.8689678],[118.8680514,31.8675124],[118.8661138,31.8667327],[118.863049,31.8664796],[118.8601402,31.8674762]]}},{"type":"Feature","properties":{"osm_id":288310960,"dataset":"jiangning","kind":"waterway","name":"","highway":"","waterway":"stream","bridge":"","tunnel":"","layer":0,"width_m":6,"z_offset_m":0},"geometry":{"type":"LineString","coordinates":[[118.952895,32.0958147],[118.9529224,32.0954145],[118.953035,32.0942266],[118.9530879,32.0929515],[118.9532017,32.0921917],[118.9531926,32.0918463],[118.9529758,32.0908294],[118.9529107,32.090423],[118.9530173,32.0898199],[118.9529587,32.0887013],[118.9529497,32.087935],[118.9528973,32.0869564]]}},{"type":"Feature","properties":{"osm_id":300162248,"dataset":"jiangning","kind":"waterway","name":"","highway":"","waterway":"drain","bridge":"","tunnel":"culvert","layer":-1,"width_m":4,"z_offset_m":0},"geometry":{"type":"LineString","coordinates":[[118.8085364,31.8892003],[118.8087909,31.8892032]]}},{"type":"Feature","properties":{"osm_id":300162255,"dataset":"jiangning","kind":"waterway","name":"","highway":"","waterway":"drain","bridge":"","tunnel":"","layer":0,"width_m":4,"z_offset_m":0},"geometry":{"type":"LineString","coordinates":[[118.8073041,31.8879735],[118.807962,31.8880021],[118.8079461,31.8882222]]}},{"type":"Feature","properties":{"osm_id":300163624,"dataset":"jiangning","kind":"waterway","name":"","highway":"","waterway":"drain","bridge":"","tunnel":"","layer":0,"width_m":4,"z_offset_m":0},"geometry":{"type":"LineString","coordinates":[[118.8087909,31.8892032],[118.8088791,31.8892522],[118.8089583,31.8893336],[118.8090067,31.8894002]]}},{"type":"Feature","properties":{"osm_id":300163635,"dataset":"jiangning","kind":"waterway","name":"","highway":"","waterway":"drain","bridge":"","tunnel":"","layer":0,"width_m":4,"z_offset_m":0},"geometry":{"type":"LineString","coordinates":[[118.8160421,31.8896773],[118.8160056,31.8896145],[118.8159256,31.8894474],[118.8159333,31.8892618],[118.8159963,31.8891201],[118.8160335,31.8889001]]}},{"type":"Feature","properties":{"osm_id":300165440,"dataset":"jiangning","kind":"waterway","name":"护校沟","highway":"","waterway":"drain","bridge":"","tunnel":"","layer":0,"width_m":4,"z_offset_m":0},"geometry":{"type":"LineString","coordinates":[[118.8069756,31.888513],[118.8068696,31.8886144],[118.8066904,31.8887196],[118.8065067,31.8888408],[118.806385,31.8889248],[118.8063438,31.8890125],[118.8063226,31.889144],[118.8060989,31.8918984],[118.8060024,31.8930462],[118.8058588,31.8946221],[118.8058664,31.8946821],[118.8058885,31.8947308],[118.8059254,31.8947755],[118.805986,31.8948186],[118.8060616,31.8948439],[118.8094409,31.895082],[118.8096125,31.8950931]]}},{"type":"Feature","properties":{"osm_id":313448649,"dataset":"jiangning","kind":"waterway","name":"","highway":"","waterway":"river","bridge":"","tunnel":"","layer":0,"width_m":18,"z_offset_m":0},"geometry":{"type":"LineString","coordinates":[[118.8782662,31.9795773],[118.8777244,31.9791792],[118.8767588,31.9782873],[118.8759461,31.97745],[118.8748544,31.9762282],[118.8746694,31.9760622],[118.8745111,31.975978],[118.8732263,31.9755912],[118.8730761,31.975598],[118.8729528,31.9756663],[118.8726309,31.9759529],[118.8724941,31.9760371],[118.8723385,31.9760713],[118.8722071,31.976044],[118.872124,31.9759916],[118.8717511,31.9757004],[118.8714668,31.9755343],[118.8709674,31.9752948],[118.8705262,31.9751114],[118.8698554,31.9749898],[118.8693002,31.9749898],[118.8675839,31.9747465],[118.8672924,31.9747818],[118.8657565,31.9753901],[118.8632722,31.9762456],[118.8602281,31.9773444],[118.8591953,31.9777017],[118.8583504,31.9780598],[118.8575028,31.9783005],[118.8571398,31.9784853],[118.8568375,31.9786111],[118.8564241,31.9785168],[118.8560228,31.9785761],[118.8556015,31.9788484],[118.8548237,31.9793157],[118.8544428,31.9795091],[118.8542663,31.9797425],[118.8541835,31.9800068],[118.8539628,31.9809418],[118.8537421,31.9814297],[118.8536151,31.9820651],[118.8534826,31.9824531],[118.8532579,31.9827412],[118.8526653,31.9832054],[118.8520634,31.9836422],[118.8514012,31.9841755],[118.850699,31.9845669],[118.8500301,31.9851569],[118.8490336,31.9859795],[118.8479033,31.9866262],[118.8471542,31.9871708],[118.8465322,31.9875452]]}},{"type":"Feature","properties":{"osm_id":346884306,"dataset":"jiangning","kind":"waterway","name":"","highway":"","waterway":"stream","bridge":"","tunnel":"","layer":0,"width_m":6,"z_offset_m":0},"geometry":{"type":"LineString","coordinates":[[118.8255814,31.8967494],[118.8258191,31.8967671],[118.8274404,31.8968826],[118.8303223,31.8971031],[118.8311781,31.8971627]]}},{"type":"Feature","properties":{"osm_id":346884310,"dataset":"jiangning","kind":"waterway","name":"","highway":"","waterway":"canal","bridge":"","tunnel":"","layer":0,"width_m":12,"z_offset_m":0},"geometry":{"type":"LineString","coordinates":[[118.546544,31.7461977],[118.5460388,31.7472898],[118.5439792,31.747765],[118.5431354,31.7477867],[118.5421575,31.7480372],[118.5405145,31.7480502],[118.5379439,31.7466178]]}},{"type":"Feature","properties":{"osm_id":346884318,"dataset":"jiangning","kind":"waterway","name":"","highway":"","waterway":"stream","bridge":"","tunnel":"","layer":0,"width_m":6,"z_offset_m":0},"geometry":{"type":"LineString","coordinates":[[118.8385628,31.8976439],[118.8365375,31.8975258],[118.8362807,31.8975052]]}},{"type":"Feature","properties":{"osm_id":346884320,"dataset":"jiangning","kind":"waterway","name":"","highway":"","waterway":"stream","bridge":"","tunnel":"","layer":0,"width_m":6,"z_offset_m":0},"geometry":{"type":"LineString","coordinates":[[118.7995447,31.8948211],[118.7997078,31.8948334],[118.8050905,31.8952489]]}},{"type":"Feature","properties":{"osm_id":346884322,"dataset":"jiangning","kind":"waterway","name":"","highway":"","waterway":"stream","bridge":"","tunnel":"","layer":0,"width_m":6,"z_offset_m":0},"geometry":{"type":"LineString","coordinates":[[118.825915,31.8893764],[118.825831,31.8926975],[118.8258191,31.8967671],[118.8258171,31.897461],[118.8255888,31.9046661],[118.8255721,31.9049604],[118.8255054,31.9061352],[118.8250478,31.9119596],[118.8247026,31.9177729],[118.8243638,31.9220528],[118.8242155,31.9246068],[118.8261098,31.9251868],[118.8259642,31.926418]]}},{"type":"Feature","properties":{"osm_id":346884324,"dataset":"jiangning","kind":"waterway","name":"","highway":"","waterway":"stream","bridge":"","tunnel":"","layer":0,"width_m":6,"z_offset_m":0},"geometry":{"type":"LineString","coordinates":[[118.8258401,31.8890303],[118.8259236,31.8890351],[118.830562,31.8893029],[118.8310877,31.8883367],[118.8313536,31.8880531],[118.8321081,31.8874965],[118.8340874,31.8865988],[118.8359234,31.8859267],[118.8368838,31.8858289]]}},{"type":"Feature","properties":{"osm_id":377238254,"dataset":"jiangning","kind":"waterway","name":"","highway":"","waterway":"canal","bridge":"","tunnel":"","layer":0,"width_m":12,"z_offset_m":0},"geometry":{"type":"LineString","coordinates":[[118.8166254,31.9416522],[118.8197357,31.9417505]]}},{"type":"Feature","properties":{"osm_id":377238255,"dataset":"jiangning","kind":"waterway","name":"","highway":"","waterway":"canal","bridge":"","tunnel":"","layer":0,"width_m":12,"z_offset_m":0},"geometry":{"type":"LineString","coordinates":[[118.8241469,31.9353153],[118.8238549,31.9317143],[118.8237854,31.9308566]]}},{"type":"Feature","properties":{"osm_id":377238256,"dataset":"jiangning","kind":"waterway","name":"","highway":"","waterway":"canal","bridge":"","tunnel":"","layer":0,"width_m":12,"z_offset_m":0},"geometry":{"type":"LineString","coordinates":[[118.8166095,31.9319973],[118.8238549,31.9317143]]}},{"type":"Feature","properties":{"osm_id":377238259,"dataset":"jiangning","kind":"waterway","name":"","highway":"","waterway":"canal","bridge":"","tunnel":"","layer":0,"width_m":12,"z_offset_m":0},"geometry":{"type":"LineString","coordinates":[[118.8020169,31.9568149],[118.8019813,31.9550835],[118.8017527,31.9439573]]}},{"type":"Feature","properties":{"osm_id":377238260,"dataset":"jiangning","kind":"waterway","name":"","highway":"","waterway":"canal","bridge":"","tunnel":"","layer":0,"width_m":12,"z_offset_m":0},"geometry":{"type":"LineString","coordinates":[[118.7952009,31.9611789],[118.795542,31.9603782],[118.7963317,31.9583598]]}},{"type":"Feature","properties":{"osm_id":377238261,"dataset":"jiangning","kind":"waterway","name":"","highway":"","waterway":"canal","bridge":"","tunnel":"","layer":0,"width_m":12,"z_offset_m":0},"geometry":{"type":"LineString","coordinates":[[118.8046934,31.9603993],[118.8022984,31.9604072]]}},{"type":"Feature","properties":{"osm_id":377238263,"dataset":"jiangning","kind":"waterway","name":"","highway":"","waterway":"canal","bridge":"","tunnel":"","layer":0,"width_m":12,"z_offset_m":0},"geometry":{"type":"LineString","coordinates":[[118.795542,31.9603782],[118.7963131,31.9604466]]}},{"type":"Feature","properties":{"osm_id":377238555,"dataset":"jiangning","kind":"waterway","name":"","highway":"","waterway":"canal","bridge":"","tunnel":"","layer":0,"width_m":12,"z_offset_m":0},"geometry":{"type":"LineString","coordinates":[[118.8199404,31.9631294],[118.8203701,31.9628864]]}},{"type":"Feature","properties":{"osm_id":380216591,"dataset":"jiangning","kind":"waterway","name":"","highway":"","waterway":"canal","bridge":"","tunnel":"","layer":0,"width_m":12,"z_offset_m":0},"geometry":{"type":"LineString","coordinates":[[118.9524749,32.0811412],[118.9529143,32.0748144],[118.9531654,32.0714254],[118.9530706,32.0712965]]}},{"type":"Feature","properties":{"osm_id":400809820,"dataset":"jiangning","kind":"waterway","name":"溧水河","highway":"","waterway":"river","bridge":"","tunnel":"","layer":0,"width_m":18,"z_offset_m":0},"geometry":{"type":"LineString","coordinates":[[118.8769734,31.8223759],[118.8758898,31.8249284],[118.8758254,31.8271526],[118.873862,31.8307441],[118.8731646,31.8314278],[118.8718235,31.8323028],[118.870933,31.833342],[118.870182,31.8376442],[118.8703537,31.8407613],[118.8719845,31.8445619],[118.8723063,31.8461204],[118.8719308,31.8471685],[118.8706648,31.8483532],[118.86245,31.8536287],[118.8588631,31.8541675],[118.8581441,31.8549387],[118.8578008,31.8569021],[118.8591317,31.8596735],[118.8602364,31.8617492],[118.8606119,31.8637084],[118.8601402,31.8674762]]}},{"type":"Feature","properties":{"osm_id":405283956,"dataset":"jiangning","kind":"waterway","name":"","highway":"","waterway":"stream","bridge":"","tunnel":"","layer":0,"width_m":6,"z_offset_m":0},"geometry":{"type":"LineString","coordinates":[[118.8482306,31.7769208],[118.8479731,31.7768752],[118.8462458,31.776784],[118.8431457,31.7767201],[118.8419011,31.7766654],[118.839176,31.776556],[118.8356355,31.7764648],[118.8325778,31.7764465]]}},{"type":"Feature","properties":{"osm_id":405287537,"dataset":"jiangning","kind":"waterway","name":"","highway":"","waterway":"stream","bridge":"","tunnel":"","layer":0,"width_m":6,"z_offset_m":0},"geometry":{"type":"LineString","coordinates":[[118.7508965,31.773597],[118.7522003,31.7744351],[118.75347,31.7745129],[118.7552323,31.7745501],[118.7559618,31.774889],[118.7596028,31.7763217],[118.7589755,31.7769264],[118.7595388,31.7771891],[118.7594797,31.7778333],[118.7609744,31.7780068],[118.7618067,31.7781332],[118.7629276,31.7773377],[118.7625385,31.7768504],[118.7629747,31.7765441],[118.7640024,31.7767815],[118.7644771,31.7774524],[118.7655195,31.7780101],[118.7660952,31.7774174],[118.7669931,31.7772701],[118.7674966,31.7764843],[118.7690582,31.7759889],[118.7699462,31.7759654],[118.7710829,31.775171],[118.7710539,31.7745428],[118.771204,31.7741883],[118.7727315,31.7732179],[118.7732036,31.7733821],[118.7736542,31.7736101],[118.7741692,31.7739293],[118.7743408,31.7740114],[118.7745876,31.7743762],[118.7746305,31.7746955],[118.7746949,31.7750968],[118.775006,31.7755437],[118.7753494,31.7759633],[118.7758643,31.7762734],[118.7762184,31.7764923],[118.7764759,31.776702],[118.7768407,31.7768024],[118.7773986,31.7768571],[118.777935,31.7768753],[118.7781375,31.7769027],[118.7783963,31.7771307],[118.7787531,31.7771615],[118.7794505,31.777361],[118.7801054,31.7775303],[118.7808721,31.7778523],[118.7849026,31.7789278],[118.7893295,31.7802049],[118.7910011,31.7807648],[118.7955072,31.7813121],[118.7982967,31.781458],[118.7990713,31.7816276],[118.799758,31.7831233],[118.8005734,31.7852738],[118.8011313,31.7867329],[118.8014746,31.7877179],[118.8026762,31.789177],[118.8037062,31.7908549],[118.8043048,31.7921462],[118.8055086,31.793919],[118.8061524,31.7957792],[118.8070107,31.7997914],[118.8074806,31.8025779],[118.8076115,31.8058823],[118.8077408,31.8089906],[118.8077408,31.8095575],[118.8076455,31.8099837],[118.807381,31.8103358],[118.807132,31.8105014],[118.8067446,31.8107546],[118.8009212,31.8147488],[118.8005833,31.8149859],[118.7999758,31.8153261],[118.7995271,31.8154321],[118.7991832,31.8155411],[118.7990375,31.8156908],[118.7987717,31.8164882],[118.7985804,31.8172235],[118.7983396,31.8188432],[118.7982913,31.8193696],[118.7985018,31.8198652],[118.8001769,31.8219966]]}},{"type":"Feature","properties":{"osm_id":405292569,"dataset":"jiangning","kind":"waterway","name":"解溪河","highway":"","waterway":"river","bridge":"","tunnel":"","layer":0,"width_m":18,"z_offset_m":0},"geometry":{"type":"LineString","coordinates":[[118.9058098,31.9016364],[118.9054948,31.9008044],[118.9043208,31.8982363],[118.903205,31.8965421],[118.9020677,31.8946484],[118.9015292,31.8938176],[118.9004992,31.892178],[118.8994284,31.8904763],[118.8977259,31.8875],[118.8957484,31.8838933],[118.8930782,31.8792896],[118.8916064,31.8766244],[118.8915823,31.8761671],[118.8910723,31.8747188],[118.888669,31.8732246],[118.8863945,31.8722224],[118.8811588,31.8705277],[118.8795883,31.8708467],[118.8768458,31.8705824],[118.8746762,31.8696229]]}},{"type":"Feature","properties":{"osm_id":405293616,"dataset":"jiangning","kind":"waterway","name":"","highway":"","waterway":"stream","bridge":"","tunnel":"","layer":0,"width_m":6,"z_offset_m":0},"geometry":{"type":"LineString","coordinates":[[118.8651778,31.7658009],[118.8650329,31.7661583],[118.864475,31.766961],[118.8635308,31.7677637],[118.8629617,31.7681224]]}},{"type":"Feature","properties":{"osm_id":405801516,"dataset":"jiangning","kind":"waterway","name":"","highway":"","waterway":"stream","bridge":"","tunnel":"","layer":0,"width_m":6,"z_offset_m":0},"geometry":{"type":"LineString","coordinates":[[118.8331453,31.8310584],[118.8336185,31.8322296],[118.8338438,31.8326033],[118.8339296,31.8328767],[118.8337901,31.8331411],[118.8335863,31.8333234]]}},{"type":"Feature","properties":{"osm_id":405801517,"dataset":"jiangning","kind":"waterway","name":"","highway":"","waterway":"stream","bridge":"","tunnel":"","layer":0,"width_m":6,"z_offset_m":0},"geometry":{"type":"LineString","coordinates":[[118.8305794,31.8426425],[118.83055,31.842356],[118.8302802,31.8398354],[118.8298312,31.8356295],[118.8294862,31.8329082],[118.8298312,31.8327035],[118.8303124,31.8325071],[118.830645,31.8323157],[118.8310741,31.831468],[118.8313209,31.8309849],[118.8310543,31.8306709],[118.8307968,31.8299052],[118.8304089,31.8287698],[118.8302496,31.8282097],[118.8301225,31.8278258]]}},{"type":"Feature","properties":{"osm_id":405801518,"dataset":"jiangning","kind":"waterway","name":"","highway":"","waterway":"stream","bridge":"","tunnel":"","layer":0,"width_m":6,"z_offset_m":0},"geometry":{"type":"LineString","coordinates":[[118.8361393,31.8478505],[118.8356462,31.8466395],[118.833994,31.8430669],[118.8348952,31.8427388],[118.8358518,31.8421818],[118.8360504,31.8419455],[118.8361719,31.8416633],[118.8363114,31.8408065],[118.8369122,31.8401047],[118.8378778,31.8392206],[118.839058,31.838218],[118.8393584,31.8377897],[118.8392082,31.8372245],[118.8391116,31.8367688],[118.8390671,31.8361804],[118.8391116,31.8358209],[118.8392602,31.8353875],[118.8393246,31.834677]]}},{"type":"Feature","properties":{"osm_id":405802836,"dataset":"jiangning","kind":"waterway","name":"","highway":"","waterway":"stream","bridge":"","tunnel":"","layer":0,"width_m":6,"z_offset_m":0},"geometry":{"type":"LineString","coordinates":[[118.8046984,31.8722975],[118.8050588,31.8722725],[118.8057787,31.8720576],[118.8060866,31.8724866],[118.8070544,31.8730014],[118.8081487,31.8735845],[118.8091143,31.8740218],[118.8097988,31.8745275],[118.8111721,31.8755844],[118.8128887,31.8758213],[118.8175257,31.8757894],[118.822225,31.87568],[118.8268384,31.8758987],[118.8314067,31.8761492],[118.833383,31.8761356],[118.8357218,31.8758623],[118.838012,31.8755071]]}},{"type":"Feature","properties":{"osm_id":405802837,"dataset":"jiangning","kind":"waterway","name":"","highway":"","waterway":"stream","bridge":"","tunnel":"","layer":0,"width_m":6,"z_offset_m":0},"geometry":{"type":"LineString","coordinates":[[118.7604796,31.8679507],[118.7631515,31.8678995],[118.7667885,31.8677901],[118.768194,31.8678266],[118.7685802,31.8679815],[118.7687734,31.8681728],[118.7689756,31.868514],[118.769063,31.8689473],[118.7691043,31.869161],[118.7691703,31.8693118],[118.7694064,31.8697309],[118.7698248,31.8704051],[118.7701359,31.8709245],[118.770329,31.8711978],[118.7704685,31.8712434],[118.770962,31.8712798],[118.7711659,31.8713527],[118.7714234,31.871699],[118.7715521,31.8719996],[118.771756,31.8722365],[118.7720993,31.8724552],[118.7725177,31.8724278],[118.7728825,31.872683],[118.7732258,31.8726556],[118.7736443,31.872601],[118.7754145,31.8723003],[118.7760475,31.8722274],[118.7767878,31.8720452],[118.776938,31.8723458],[118.7777534,31.8721181],[118.7797511,31.8711969],[118.7807687,31.8705231],[118.7816485,31.8695755],[118.7829789,31.8684093],[118.7848028,31.8666598],[118.7854036,31.865858],[118.7860902,31.8647463],[118.7873348,31.8631608],[118.788987,31.8613384],[118.7892874,31.8611015],[118.7919911,31.8614842],[118.7954458,31.8621403],[118.796583,31.8627417],[118.797613,31.8638898],[118.7979993,31.8644001],[118.7984499,31.8648739],[118.8003811,31.8651473],[118.8021191,31.86553],[118.8025697,31.8658215],[118.8026341,31.8664594],[118.8025697,31.8668421],[118.8024195,31.8675892],[118.8023122,31.8683181],[118.8025697,31.8691382],[118.8026045,31.8692649]]}},{"type":"Feature","properties":{"osm_id":405803294,"dataset":"jiangning","kind":"waterway","name":"","highway":"","waterway":"river","bridge":"","tunnel":"","layer":0,"width_m":18,"z_offset_m":0},"geometry":{"type":"LineString","coordinates":[[118.8719364,31.777016],[118.8709213,31.7783476],[118.8698467,31.7809535],[118.8693224,31.7826849],[118.8689791,31.7846548],[118.8673483,31.7887039],[118.8672196,31.7903819],[118.8682495,31.7920598],[118.8684212,31.7936265],[118.8674341,31.7946478],[118.8662754,31.7961068],[118.8662733,31.7976369],[118.8674556,31.7982187],[118.8676176,31.7989276],[118.8680056,31.8001566],[118.8686143,31.8020848],[118.8698588,31.8050026],[118.8721334,31.8097803],[118.8725625,31.8118225],[118.8725625,31.8194442]]}},{"type":"Feature","properties":{"osm_id":405803702,"dataset":"jiangning","kind":"waterway","name":"","highway":"","waterway":"stream","bridge":"","tunnel":"","layer":0,"width_m":6,"z_offset_m":0},"geometry":{"type":"LineString","coordinates":[[118.853889,31.7975713],[118.853948,31.7974482],[118.8540875,31.7971336],[118.8542323,31.7968646],[118.8543932,31.7964679],[118.8544791,31.7960804],[118.8545059,31.7957475],[118.8545059,31.7952141],[118.8544898,31.7949998],[118.8544856,31.7948325]]}},{"type":"Feature","properties":{"osm_id":405803704,"dataset":"jiangning","kind":"waterway","name":"","highway":"","waterway":"stream","bridge":"","tunnel":"","layer":0,"width_m":6,"z_offset_m":0},"geometry":{"type":"LineString","coordinates":[[118.8539909,31.7976396],[118.8538836,31.7975804],[118.8537441,31.7975621],[118.8534115,31.7976032],[118.8531916,31.7976488],[118.8530146,31.7977172],[118.8526981,31.7979223],[118.8523816,31.7980819],[118.8519578,31.7982825],[118.8516306,31.7983372],[118.8514213,31.7984102],[118.8511746,31.7983281],[118.85096,31.7983418],[118.8506757,31.7984375],[118.8505234,31.7984587],[118.8503806,31.7984785],[118.8502734,31.7985196],[118.8501983,31.7985925],[118.8501178,31.7986928],[118.8499998,31.7987795],[118.849753,31.7989801],[118.8497745,31.7990211],[118.8499193,31.7992308],[118.8500105,31.7995044],[118.8500212,31.7997369],[118.8500266,31.7999421],[118.8499676,31.8001107],[118.8499525,31.8001491]]}},{"type":"Feature","properties":{"osm_id":405803706,"dataset":"jiangning","kind":"waterway","name":"","highway":"","waterway":"stream","bridge":"","tunnel":"","layer":0,"width_m":6,"z_offset_m":0},"geometry":{"type":"LineString","coordinates":[[118.8566195,31.7940879],[118.8568555,31.7953645],[118.8570497,31.7961538],[118.8570497,31.796482],[118.85595,31.7987254],[118.8552784,31.8000743],[118.8551936,31.8002345],[118.8546668,31.801401],[118.8540081,31.8026645],[118.8535306,31.8036766],[118.8533858,31.8039821],[118.8532356,31.8044198],[118.8530307,31.8046242],[118.8525264,31.8048294]]}},{"type":"Feature","properties":{"osm_id":405803708,"dataset":"jiangning","kind":"waterway","name":"","highway":"","waterway":"stream","bridge":"","tunnel":"","layer":0,"width_m":6,"z_offset_m":0},"geometry":{"type":"LineString","coordinates":[[118.8591043,31.7994914],[118.8592652,31.7994412],[118.8595173,31.7994458],[118.8598767,31.7994093],[118.8602898,31.7994139],[118.8607672,31.7994093],[118.8617489,31.7994139],[118.8620225,31.7994503],[118.8623283,31.7994959],[118.8627199,31.799578],[118.8630364,31.799382],[118.8633314,31.7993227],[118.8639376,31.7990583],[118.8645491,31.7988303],[118.8646296,31.7989853],[118.8646189,31.7992862],[118.8648925,31.799309],[118.8654815,31.7993083],[118.8671992,31.8000522],[118.8678794,31.8001153],[118.8680056,31.8001566]]}},{"type":"Feature","properties":{"osm_id":405803711,"dataset":"jiangning","kind":"waterway","name":"","highway":"","waterway":"stream","bridge":"","tunnel":"","layer":0,"width_m":6,"z_offset_m":0},"geometry":{"type":"LineString","coordinates":[[118.8552408,31.794863],[118.8547848,31.7948539],[118.8544856,31.7948325],[118.8540821,31.7948037],[118.8536368,31.7947353],[118.8533686,31.7945985],[118.8530629,31.7943934],[118.8526283,31.7942885],[118.8523011,31.7942064],[118.8520919,31.7941608],[118.8516413,31.7949542],[118.8513731,31.7953463],[118.850842,31.7961396],[118.8506006,31.7965728],[118.8504504,31.7969147],[118.8504075,31.7973798],[118.8504665,31.7977673],[118.850504,31.7980317],[118.8504772,31.7982141],[118.8505148,31.7983874],[118.8505234,31.7984587]]}},{"type":"Feature","properties":{"osm_id":405803712,"dataset":"jiangning","kind":"waterway","name":"","highway":"","waterway":"stream","bridge":"","tunnel":"","layer":0,"width_m":6,"z_offset_m":0},"geometry":{"type":"LineString","coordinates":[[118.8646189,31.7992862],[118.8645116,31.7999473],[118.8644472,31.8003941],[118.8643292,31.8012558],[118.8642648,31.801698],[118.8641254,31.8025825],[118.8640771,31.8029335],[118.864061,31.8031524],[118.8642166,31.8035946],[118.8643077,31.8039547],[118.864458,31.8044334],[118.8646672,31.8051127],[118.8648227,31.8053999],[118.8649354,31.8058786],[118.8649139,31.806371],[118.8649075,31.8067031],[118.8651982,31.8067266],[118.8663516,31.8063573],[118.8676551,31.8060838],[118.8680189,31.8060466],[118.8683632,31.8059926]]}},{"type":"Feature","properties":{"osm_id":405803716,"dataset":"jiangning","kind":"waterway","name":"","highway":"","waterway":"stream","bridge":"","tunnel":"","layer":0,"width_m":6,"z_offset_m":0},"geometry":{"type":"LineString","coordinates":[[118.8532356,31.8044198],[118.8537989,31.8042921],[118.8547484,31.8044061],[118.8556228,31.8044836],[118.8576398,31.8046796],[118.8584874,31.8047753],[118.859999,31.8048603]]}},{"type":"Feature","properties":{"osm_id":405962960,"dataset":"jiangning","kind":"waterway","name":"罗渣滩","highway":"","waterway":"river","bridge":"","tunnel":"","layer":0,"width_m":18,"z_offset_m":0},"geometry":{"type":"LineString","coordinates":[[118.843743,31.7968441],[118.8438395,31.7968989],[118.8445584,31.7971952],[118.8444538,31.7976518],[118.8441107,31.7990652],[118.8448164,31.7994589],[118.8452871,31.7996198],[118.8455976,31.7997891],[118.8457654,31.7998806],[118.8463155,31.8000297],[118.8469324,31.8003078],[118.8471738,31.8004358],[118.8475481,31.8005839],[118.8482393,31.8013286],[118.8489162,31.8016107],[118.8492734,31.8018257],[118.8509761,31.8028508],[118.8529073,31.8053309],[118.8557826,31.8087956],[118.8575421,31.8127707],[118.8634215,31.8154329],[118.8671981,31.8175115],[118.8703309,31.8188243],[118.8713007,31.8189007]]}},{"type":"Feature","properties":{"osm_id":405962961,"dataset":"jiangning","kind":"waterway","name":"","highway":"","waterway":"stream","bridge":"","tunnel":"","layer":0,"width_m":6,"z_offset_m":0},"geometry":{"type":"LineString","coordinates":[[118.8316099,31.7921234],[118.8319782,31.7920158],[118.8322589,31.7918159],[118.8326996,31.7917527],[118.8339901,31.7917529],[118.8345207,31.7918727],[118.8352391,31.7918243],[118.8355225,31.7917323],[118.8366635,31.7917508],[118.8371287,31.7918078],[118.8374576,31.7918233],[118.8377408,31.7918019],[118.8383732,31.7919427],[118.8386593,31.7919843],[118.8388446,31.7919949],[118.8391689,31.7919206],[118.8395579,31.7917708],[118.8397438,31.7917427],[118.8416493,31.7917434],[118.8425065,31.7917602],[118.842893,31.7918547],[118.8430402,31.791929],[118.843188,31.7920098],[118.8434402,31.7920508]]}},{"type":"Feature","properties":{"osm_id":405962970,"dataset":"jiangning","kind":"waterway","name":"","highway":"","waterway":"stream","bridge":"","tunnel":"","layer":0,"width_m":6,"z_offset_m":0},"geometry":{"type":"LineString","coordinates":[[118.8434402,31.7920508],[118.8436518,31.7919655],[118.8439391,31.7916359],[118.8442311,31.791277],[118.8445316,31.7912405],[118.8453553,31.7912483],[118.8464198,31.7912223],[118.8465861,31.7913272],[118.846672,31.7914594],[118.8465271,31.7917877],[118.8462911,31.7922482],[118.8461116,31.7928396],[118.8458702,31.793674],[118.8454542,31.7947833],[118.8453177,31.7951376],[118.8449583,31.7957759],[118.8440785,31.7964917],[118.8437781,31.7967425],[118.843743,31.7968441]]}},{"type":"Feature","properties":{"osm_id":405962974,"dataset":"jiangning","kind":"waterway","name":"","highway":"","waterway":"stream","bridge":"","tunnel":"","layer":0,"width_m":6,"z_offset_m":0},"geometry":{"type":"LineString","coordinates":[[118.8445584,31.7971952],[118.8455508,31.7975463],[118.8455292,31.7976286],[118.8454733,31.7978413],[118.845366,31.7985069],[118.8454143,31.7990495],[118.8454472,31.7992737],[118.8455293,31.799639],[118.8455976,31.7997891]]}},{"type":"Feature","properties":{"osm_id":486479091,"dataset":"jiangning","kind":"waterway","name":"","highway":"","waterway":"river","bridge":"","tunnel":"","layer":0,"width_m":18,"z_offset_m":0},"geometry":{"type":"LineString","coordinates":[[118.5901561,31.9138957],[118.5932031,31.9180848],[118.5966363,31.9225288],[118.5986336,31.9256841]]}},{"type":"Feature","properties":{"osm_id":533526307,"dataset":"jiangning","kind":"waterway","name":"二干河","highway":"","waterway":"river","bridge":"","tunnel":"","layer":0,"width_m":18,"z_offset_m":0},"geometry":{"type":"LineString","coordinates":[[118.929962,31.777465],[118.9297895,31.7775473],[118.9290635,31.7779445],[118.9284766,31.7781737],[118.9260652,31.7793299],[118.9250636,31.7796126],[118.9245248,31.7794932],[118.9241726,31.7790584],[118.9239556,31.7783615],[118.9235647,31.7778847],[118.9229019,31.7778703],[118.9213434,31.7786857]]}},{"type":"Feature","properties":{"osm_id":533526307,"dataset":"jiangning","kind":"waterway","name":"二干河","highway":"","waterway":"river","bridge":"","tunnel":"","layer":0,"width_m":18,"z_offset_m":0},"geometry":{"type":"LineString","coordinates":[[118.9066809,31.788888],[118.9036149,31.7899633],[118.9012448,31.7911376],[118.8986275,31.7917274],[118.8971114,31.7921691]]}},{"type":"Feature","properties":{"osm_id":533526309,"dataset":"jiangning","kind":"waterway","name":"二干河","highway":"","waterway":"river","bridge":"","tunnel":"","layer":0,"width_m":18,"z_offset_m":0},"geometry":{"type":"LineString","coordinates":[[118.9679411,31.7702147],[118.9675718,31.7708788],[118.9671943,31.7713048],[118.9667294,31.7716582],[118.9658628,31.7718678],[118.9650948,31.7720355],[118.963895,31.7721184],[118.9607353,31.7719782],[118.9598005,31.7719204],[118.9559764,31.7715591],[118.9554287,31.7715025],[118.9551776,31.7713105],[118.9536921,31.7709726],[118.9515991,31.7704966]]}},{"type":"Feature","properties":{"osm_id":533526309,"dataset":"jiangning","kind":"waterway","name":"二干河","highway":"","waterway":"river","bridge":"","tunnel":"","layer":0,"width_m":18,"z_offset_m":0},"geometry":{"type":"LineString","coordinates":[[118.9438037,31.7717657],[118.9429234,31.7723219],[118.9418737,31.7727363],[118.9410212,31.7730178]]}},{"type":"Feature","properties":{"osm_id":533532312,"dataset":"jiangning","kind":"waterway","name":"","highway":"","waterway":"canal","bridge":"","tunnel":"","layer":0,"width_m":12,"z_offset_m":0},"geometry":{"type":"LineString","coordinates":[[118.8890767,31.7130477],[118.8879344,31.7133505],[118.887394,31.7136943],[118.8871172,31.7140045],[118.8872007,31.7143335],[118.8869063,31.714468]]}},{"type":"Feature","properties":{"osm_id":533532313,"dataset":"jiangning","kind":"waterway","name":"","highway":"","waterway":"canal","bridge":"","tunnel":"","layer":0,"width_m":12,"z_offset_m":0},"geometry":{"type":"LineString","coordinates":[[118.8912775,31.72319],[118.8910828,31.7226363],[118.8907323,31.7217087],[118.8904627,31.7210066],[118.8903427,31.7207243],[118.8902259,31.720464],[118.889664,31.7189307],[118.8887793,31.7167015],[118.8886569,31.716356],[118.8888461,31.7164601],[118.8890352,31.7164459],[118.8899199,31.7162519],[118.8897696,31.7157975],[118.8895138,31.714903],[118.8892912,31.7140652],[118.8891354,31.7135162],[118.8890686,31.7132748],[118.8890767,31.7130477]]}},{"type":"Feature","properties":{"osm_id":538859213,"dataset":"jiangning","kind":"waterway","name":"","highway":"","waterway":"canal","bridge":"","tunnel":"","layer":0,"width_m":12,"z_offset_m":0},"geometry":{"type":"LineString","coordinates":[[118.8896502,31.7337513],[118.8899755,31.7337892],[118.8903811,31.733812],[118.890751,31.7339598],[118.8911075,31.7342062],[118.8915398,31.7344184],[118.8917448,31.7345435],[118.8922395,31.734733],[118.8928946,31.7349983],[118.8933515,31.7350446]]}},{"type":"Feature","properties":{"osm_id":538859214,"dataset":"jiangning","kind":"waterway","name":"","highway":"","waterway":"drain","bridge":"","tunnel":"yes","layer":-1,"width_m":4,"z_offset_m":0},"geometry":{"type":"LineString","coordinates":[[118.8922395,31.734733],[118.8928946,31.7349983]]}},{"type":"Feature","properties":{"osm_id":538859215,"dataset":"jiangning","kind":"waterway","name":"","highway":"","waterway":"canal","bridge":"","tunnel":"","layer":0,"width_m":12,"z_offset_m":0},"geometry":{"type":"LineString","coordinates":[[118.8850035,31.7309274],[118.8854839,31.731155],[118.8861428,31.7314061],[118.8873096,31.7319723],[118.8884352,31.7326845],[118.8889706,31.7332215]]}},{"type":"Feature","properties":{"osm_id":538859216,"dataset":"jiangning","kind":"waterway","name":"","highway":"","waterway":"drain","bridge":"","tunnel":"","layer":0,"width_m":4,"z_offset_m":0},"geometry":{"type":"LineString","coordinates":[[118.8824265,31.7344651],[118.8826599,31.7341849],[118.8830236,31.7336595],[118.8832037,31.733398],[118.8833531,31.7331809],[118.8838335,31.7325388],[118.8844718,31.7316748],[118.8850035,31.7309274]]}},{"type":"Feature","properties":{"osm_id":538859217,"dataset":"jiangning","kind":"waterway","name":"","highway":"","waterway":"drain","bridge":"","tunnel":"","layer":0,"width_m":4,"z_offset_m":0},"geometry":{"type":"LineString","coordinates":[[118.8518383,31.7138017],[118.8522627,31.7142963],[118.8527205,31.7145408],[118.8544081,31.7154334],[118.8569579,31.7168179],[118.8586923,31.7177418],[118.8606974,31.7188049],[118.8627794,31.7199164],[118.8657912,31.7215533],[118.8701426,31.723886],[118.8737014,31.7257939],[118.8767291,31.7273849],[118.8777754,31.727958],[118.8787265,31.7275602],[118.8805891,31.7285782],[118.8837912,31.73025],[118.8850035,31.7309274]]}},{"type":"Feature","properties":{"osm_id":538859219,"dataset":"jiangning","kind":"waterway","name":"","highway":"","waterway":"drain","bridge":"","tunnel":"culvert","layer":-1,"width_m":4,"z_offset_m":0},"geometry":{"type":"LineString","coordinates":[[118.8473186,31.7142135],[118.8476111,31.7143629],[118.8478518,31.714488],[118.8480221,31.7145744]]}},{"type":"Feature","properties":{"osm_id":538859220,"dataset":"jiangning","kind":"waterway","name":"","highway":"","waterway":"drain","bridge":"","tunnel":"culvert","layer":-1,"width_m":4,"z_offset_m":0},"geometry":{"type":"LineString","coordinates":[[118.8482731,31.7147056],[118.8484757,31.7148103],[118.8487565,31.7149581],[118.8488873,31.7150353],[118.8491147,31.7151695]]}},{"type":"Feature","properties":{"osm_id":538860026,"dataset":"jiangning","kind":"waterway","name":"","highway":"","waterway":"drain","bridge":"","tunnel":"","layer":0,"width_m":4,"z_offset_m":0},"geometry":{"type":"LineString","coordinates":[[118.8795986,31.7539138],[118.8795043,31.7540674]]}},{"type":"Feature","properties":{"osm_id":538860027,"dataset":"jiangning","kind":"waterway","name":"","highway":"","waterway":"drain","bridge":"","tunnel":"culvert","layer":-1,"width_m":4,"z_offset_m":0},"geometry":{"type":"LineString","coordinates":[[118.8791935,31.7545143],[118.8790649,31.7551231]]}},{"type":"Feature","properties":{"osm_id":538860028,"dataset":"jiangning","kind":"waterway","name":"","highway":"","waterway":"drain","bridge":"","tunnel":"","layer":0,"width_m":4,"z_offset_m":0},"geometry":{"type":"LineString","coordinates":[[118.8805594,31.7529496],[118.880069,31.7536212],[118.8798823,31.7538593],[118.8798216,31.7539423],[118.8797673,31.7539681],[118.8797109,31.7539515],[118.8795986,31.7539138]]}},{"type":"Feature","properties":{"osm_id":538860029,"dataset":"jiangning","kind":"waterway","name":"","highway":"","waterway":"drain","bridge":"","tunnel":"","layer":0,"width_m":4,"z_offset_m":0},"geometry":{"type":"LineString","coordinates":[[118.8790181,31.7499667],[118.8798375,31.7504163],[118.8812634,31.7511834],[118.8814959,31.751305]]}},{"type":"Feature","properties":{"osm_id":538860030,"dataset":"jiangning","kind":"waterway","name":"","highway":"","waterway":"drain","bridge":"","tunnel":"culvert","layer":-1,"width_m":4,"z_offset_m":0},"geometry":{"type":"LineString","coordinates":[[118.8589857,31.7204553],[118.8600359,31.720996],[118.8608251,31.7214332]]}},{"type":"Feature","properties":{"osm_id":538860031,"dataset":"jiangning","kind":"waterway","name":"","highway":"","waterway":"drain","bridge":"","tunnel":"culvert","layer":-1,"width_m":4,"z_offset_m":0},"geometry":{"type":"LineString","coordinates":[[118.8621665,31.7221383],[118.8627592,31.7224719]]}},{"type":"Feature","properties":{"osm_id":550541797,"dataset":"jiangning","kind":"waterway","name":"","highway":"","waterway":"drain","bridge":"","tunnel":"","layer":0,"width_m":4,"z_offset_m":0},"geometry":{"type":"LineString","coordinates":[[118.8894797,31.7047781],[118.8886032,31.7023256],[118.8852263,31.702011],[118.8765585,31.7049331],[118.867031,31.7083415],[118.8634493,31.7017645],[118.8630246,31.7007286],[118.8627415,31.6987292],[118.8624583,31.6984522],[118.8622177,31.6983076],[118.8620053,31.6980065],[118.8619487,31.6977897],[118.861439,31.6979583],[118.8610568,31.6971393]]}},{"type":"Feature","properties":{"osm_id":553275960,"dataset":"jiangning","kind":"waterway","name":"","highway":"","waterway":"drain","bridge":"","tunnel":"","layer":0,"width_m":4,"z_offset_m":0},"geometry":{"type":"LineString","coordinates":[[118.8610568,31.6971393],[118.8589765,31.693102],[118.8679377,31.6915722]]}},{"type":"Feature","properties":{"osm_id":553275961,"dataset":"jiangning","kind":"waterway","name":"","highway":"","waterway":"drain","bridge":"","tunnel":"","layer":0,"width_m":4,"z_offset_m":0},"geometry":{"type":"LineString","coordinates":[[118.867031,31.7083415],[118.8667202,31.7084589]]}},{"type":"Feature","properties":{"osm_id":553955294,"dataset":"jiangning","kind":"waterway","name":"解溪河","highway":"","waterway":"drain","bridge":"","tunnel":"","layer":0,"width_m":4,"z_offset_m":0},"geometry":{"type":"LineString","coordinates":[[118.9172424,31.9727859],[118.9171059,31.9725454],[118.9172958,31.9715682],[118.9183098,31.9702519],[118.9183165,31.9699645],[118.9181827,31.9697881],[118.9179404,31.9695026],[118.9175953,31.9690269],[118.9173611,31.9686766],[118.9163197,31.9671449],[118.9155433,31.9660053],[118.9152845,31.9660733],[118.9150207,31.9660003],[118.9141442,31.9652403],[118.9136019,31.9645711],[118.9131547,31.9637762],[118.9127243,31.9629312],[118.9122479,31.9618361],[118.9106937,31.9584612],[118.9104148,31.9577512],[118.9098998,31.9544014],[118.9094063,31.953309],[118.9079111,31.9508932],[118.90696,31.9491714],[118.907239,31.9482292],[118.9073463,31.9435316],[118.9073463,31.9385424],[118.9074165,31.9350692],[118.9070674,31.9334072],[118.9069365,31.9282253],[118.9070674,31.9278529],[118.907003,31.9252851],[118.9069601,31.9244291],[118.9070867,31.9235995],[118.9073249,31.9227171],[118.9084836,31.9186192],[118.9088698,31.9173443],[118.9093827,31.9155129],[118.9097518,31.9142872],[118.9098447,31.9139564],[118.9098813,31.9136756],[118.9098948,31.9134598],[118.9098763,31.9130155],[118.9095618,31.9124033],[118.9093633,31.911829],[118.9081918,31.9084228],[118.9079343,31.9076433],[118.9066597,31.9037742],[118.9058098,31.9016364]]}},{"type":"Feature","properties":{"osm_id":554565703,"dataset":"jiangning","kind":"waterway","name":"","highway":"","waterway":"stream","bridge":"","tunnel":"","layer":0,"width_m":6,"z_offset_m":0},"geometry":{"type":"LineString","coordinates":[[118.775889,31.9542173],[118.7754679,31.9554576],[118.7751675,31.9563292],[118.7745908,31.9574807],[118.7744352,31.9578403],[118.7741402,31.958036],[118.7729707,31.9584274]]}},{"type":"Feature","properties":{"osm_id":578689954,"dataset":"jiangning","kind":"waterway","name":"","highway":"","waterway":"river","bridge":"","tunnel":"","layer":0,"width_m":18,"z_offset_m":0},"geometry":{"type":"LineString","coordinates":[[118.6881377,31.8456391],[118.6879673,31.8457707],[118.6877956,31.846518],[118.6881819,31.8471013],[118.6878385,31.8477028],[118.6873879,31.8481585],[118.687109,31.8488876],[118.6872806,31.8494526],[118.6872806,31.8497442],[118.6872334,31.8503311],[118.6869802,31.8507102],[118.685841,31.8510272],[118.685335,31.8508536],[118.6850404,31.8506563],[118.6847439,31.8508505],[118.68433,31.8509138],[118.6838929,31.8510934],[118.6835892,31.8514652],[118.6831889,31.8515079],[118.6827927,31.8513064],[118.6823581,31.8513255],[118.6820947,31.8515178],[118.6813341,31.8518705]]}},{"type":"Feature","properties":{"osm_id":578689963,"dataset":"jiangning","kind":"waterway","name":"","highway":"","waterway":"dam","bridge":"","tunnel":"","layer":0,"width_m":5,"z_offset_m":0},"geometry":{"type":"LineString","coordinates":[[118.6878772,31.8455738],[118.6917224,31.8499994]]}},{"type":"Feature","properties":{"osm_id":578694330,"dataset":"jiangning","kind":"waterway","name":"牧龙河","highway":"","waterway":"river","bridge":"","tunnel":"","layer":0,"width_m":18,"z_offset_m":0},"geometry":{"type":"LineString","coordinates":[[118.5762737,31.807307],[118.5751729,31.8080471],[118.5742395,31.8089835],[118.5731666,31.8103528],[118.5719112,31.8117797],[118.57042,31.8134328],[118.5687484,31.8153437],[118.5665576,31.8176265],[118.5646693,31.8186475],[118.5621803,31.8201062],[118.5603349,31.8217836],[118.5589616,31.8226223],[118.5553996,31.8253571],[118.5541122,31.8255758],[118.5526101,31.8252477],[118.5510223,31.8247372],[118.5488765,31.8244455],[118.5478894,31.8246278],[118.5444133,31.8253935],[118.5435968,31.82553],[118.5406818,31.8261374],[118.540081,31.826502],[118.5392205,31.826925],[118.5380189,31.8277636],[118.5371965,31.8284561],[118.5363918,31.8291717],[118.5348668,31.8299751],[118.5344269,31.8302485],[118.5336222,31.8307316],[118.5321846,31.8314244],[118.531008,31.8319408]]}},{"type":"Feature","properties":{"osm_id":578694331,"dataset":"jiangning","kind":"waterway","name":"铜井河","highway":"","waterway":"river","bridge":"","tunnel":"","layer":0,"width_m":18,"z_offset_m":0},"geometry":{"type":"LineString","coordinates":[[118.5494998,31.7934529],[118.548104,31.7956711],[118.547589,31.7959629],[118.5435979,31.7971665],[118.5405102,31.79802],[118.5393514,31.7984212],[118.536519,31.7998802],[118.5325708,31.8020686],[118.5302942,31.8032941],[118.5292213,31.8038047],[118.5281913,31.8044976],[118.5272042,31.8050447],[118.5260397,31.8056929],[118.5253532,31.8059665],[118.5247602,31.8061899],[118.521159,31.8076638]]}},{"type":"Feature","properties":{"osm_id":578695147,"dataset":"jiangning","kind":"waterway","name":"铜井河","highway":"","waterway":"river","bridge":"","tunnel":"","layer":0,"width_m":18,"z_offset_m":0},"geometry":{"type":"LineString","coordinates":[[118.5494762,31.7858952],[118.5491544,31.7869896],[118.549117,31.7874506],[118.5490118,31.7875425],[118.5489378,31.7876304],[118.5488607,31.7877909],[118.5488641,31.7879286],[118.5489323,31.7881225],[118.5493394,31.788818],[118.5515689,31.79264],[118.5515662,31.7926992],[118.5515019,31.7927927],[118.5510314,31.7929992],[118.5498469,31.7935291],[118.5494998,31.7934529]]}},{"type":"Feature","properties":{"osm_id":578695216,"dataset":"jiangning","kind":"waterway","name":"","highway":"","waterway":"stream","bridge":"","tunnel":"","layer":0,"width_m":6,"z_offset_m":0},"geometry":{"type":"LineString","coordinates":[[119.0690922,32.0606354],[119.068113,32.0610062],[119.0678571,32.0608486],[119.0670647,32.0611514],[119.0667771,32.0613524],[119.0656965,32.0617048]]}},{"type":"Feature","properties":{"osm_id":578696499,"dataset":"jiangning","kind":"waterway","name":"","highway":"","waterway":"river","bridge":"","tunnel":"","layer":0,"width_m":18,"z_offset_m":0},"geometry":{"type":"LineString","coordinates":[[118.6717206,31.8603006],[118.6718064,31.8603918],[118.6721283,31.8608474],[118.6723032,31.8611536],[118.6724931,31.8617222],[118.6727538,31.8619919],[118.6733085,31.8620138],[118.6737838,31.8619919],[118.6739951,31.8623965],[118.6741239,31.8629796],[118.6740842,31.8634316],[118.6741024,31.8636722],[118.6737376,31.8638726],[118.6734158,31.8643829],[118.6727323,31.8642881],[118.6721315,31.8644704],[118.6717667,31.8649078],[118.6715951,31.8655456],[118.6712914,31.8660595],[118.6709299,31.8665297],[118.6701145,31.866639],[118.6693849,31.8667301],[118.6686554,31.867131],[118.6689987,31.8680058],[118.6692776,31.869573],[118.6694922,31.8704112],[118.6700716,31.8716321],[118.6705007,31.8724157],[118.6713161,31.8730899],[118.6717635,31.873786],[118.6720854,31.8743873],[118.6721315,31.875149],[118.6725145,31.8752438],[118.6729866,31.8752438],[118.6734587,31.8752984],[118.6736947,31.8754078]]}},{"type":"Feature","properties":{"osm_id":578696501,"dataset":"jiangning","kind":"waterway","name":"板桥河","highway":"","waterway":"river","bridge":"","tunnel":"","layer":0,"width_m":18,"z_offset_m":0},"geometry":{"type":"LineString","coordinates":[[118.6953271,31.80743],[118.6950863,31.8077531],[118.695027,31.8080561],[118.6948052,31.8092291],[118.6946604,31.8100093],[118.6943987,31.8113347],[118.6942592,31.8121484],[118.6940661,31.8130442],[118.6939132,31.813696],[118.6934668,31.814184],[118.6931355,31.8144241],[118.6925557,31.8146832],[118.691177,31.8153602],[118.6903513,31.8157398],[118.6898737,31.8159728],[118.6895348,31.8162346],[118.6891559,31.8163341],[118.6887366,31.8163132],[118.6885864,31.8166209],[118.6871299,31.8170426],[118.6867705,31.8173594],[118.686336,31.8176032],[118.6861751,31.8181069],[118.6856636,31.819114],[118.6855558,31.8191658],[118.6851269,31.8191105],[118.6850883,31.8192176],[118.6852143,31.8193886],[118.6851879,31.8195838],[118.6850578,31.8197254],[118.6849338,31.819912],[118.6849176,31.8200709],[118.6847082,31.8203127],[118.6846309,31.8204457],[118.6845415,31.8206754],[118.6843295,31.8212024],[118.6845549,31.8213346],[118.6848982,31.8213665],[118.6849947,31.8215443],[118.6849143,31.8221596],[118.6846031,31.8224559],[118.6841954,31.8230803],[118.6841203,31.8235179],[118.6842974,31.8239874],[118.6843081,31.8243976],[118.6843027,31.8254277],[118.6841096,31.8256784],[118.6836,31.8257194],[118.6830099,31.8263165],[118.6830474,31.8272007],[118.6832567,31.8277568],[118.6832298,31.8283584],[118.6830099,31.8299946],[118.6826934,31.8318587],[118.6827202,31.8320501],[118.6826076,31.8322461],[118.6822696,31.8324968],[118.6821677,31.8327611],[118.6822535,31.8329343],[118.6825325,31.8330072],[118.6830528,31.8333764],[118.6833639,31.8338093],[118.6833747,31.8341056],[118.6830528,31.8346616],[118.6832352,31.8348165],[118.6842169,31.8350718],[118.6843993,31.8352267],[118.6843403,31.835687],[118.6837609,31.8371408],[118.683262,31.8389546],[118.6830796,31.8391962],[118.6829509,31.8395699],[118.6830528,31.840062],[118.6829777,31.8405907],[118.682688,31.8411785],[118.6827256,31.8416115],[118.6827142,31.84281],[118.6824484,31.8444984],[118.6823196,31.8453551],[118.682148,31.8467039],[118.6819548,31.8476518],[118.6818261,31.8485996],[118.6817617,31.8492375],[118.6816115,31.8499119],[118.6815471,31.8508962],[118.6813326,31.851443],[118.6813341,31.8518705],[118.6813326,31.8518986],[118.6812038,31.8521538],[118.6809249,31.8522631],[118.6801567,31.8523506],[118.6796642,31.8523338],[118.6794443,31.8526094],[118.67947,31.8530432],[118.6795516,31.8538671],[118.6796159,31.8542134],[118.6793585,31.8545596],[118.6790366,31.8548513],[118.6788864,31.8551976],[118.6788864,31.8555074],[118.679101,31.8559084],[118.6790366,31.8564004],[118.6788907,31.8569982],[118.6789551,31.8575086],[118.6794014,31.8581319],[118.6795087,31.8587515],[118.6794094,31.8592789],[118.6792083,31.8596992],[118.6787362,31.8601731],[118.6783285,31.8606105],[118.6780324,31.8610807],[118.6780109,31.8614634],[118.6782856,31.8617404],[118.6784143,31.8622142],[118.6779423,31.8625787],[118.6771483,31.8629796],[118.6765046,31.8633624],[118.675951,31.863705],[118.6754102,31.8640913],[118.6753244,31.8647474],[118.6753221,31.8654482]]}},{"type":"Feature","properties":{"osm_id":578696769,"dataset":"jiangning","kind":"waterway","name":"","highway":"","waterway":"river","bridge":"","tunnel":"","layer":0,"width_m":18,"z_offset_m":0},"geometry":{"type":"LineString","coordinates":[[118.7076804,31.8732209],[118.7072727,31.873132],[118.7068328,31.8730728],[118.7062588,31.8728268],[118.7057385,31.8725876],[118.7053469,31.8723302],[118.7048265,31.8721526],[118.7044269,31.8720774],[118.7039387,31.872148],[118.7032548,31.8723803],[118.7027371,31.8724168],[118.702383,31.8723803],[118.7019378,31.8722255],[118.7014094,31.8719954],[118.7008542,31.8716947],[118.7004143,31.8715968],[118.7001273,31.8715899],[118.699784,31.8717038],[118.6995319,31.8718519],[118.6993736,31.8719088],[118.6989686,31.8718975],[118.6984053,31.8718018],[118.6976168,31.8716196],[118.6968507,31.8712996],[118.696443,31.8710717],[118.6961507,31.870844],[118.6958465,31.8705513],[118.6956641,31.8702802],[118.6956143,31.869999],[118.6954088,31.8696677],[118.6951089,31.8694989],[118.6947977,31.8694807],[118.6944808,31.869358],[118.6943525,31.869221],[118.6942828,31.8689795],[118.6943038,31.8687247],[118.6942077,31.8685239],[118.6939824,31.8683053],[118.693896,31.8679411],[118.6934186,31.8675265],[118.6932416,31.8671529],[118.693006,31.8669795],[118.6926407,31.8667839],[118.692491,31.8665239],[118.6923136,31.8660686],[118.6915357,31.8650618],[118.6909349,31.8643556],[118.6905154,31.8637642],[118.6903233,31.8633624],[118.6898513,31.8627063],[118.689465,31.8621231],[118.6890144,31.8616857],[118.6882033,31.8610989],[118.6871261,31.8606469],[118.6856241,31.8601913],[118.6846156,31.8601366],[118.6833539,31.8598414],[118.6818948,31.8596227],[118.6812939,31.8595498],[118.6804528,31.8595716],[118.6797704,31.8593675],[118.6794094,31.8592789]]}},{"type":"Feature","properties":{"osm_id":579087831,"dataset":"jiangning","kind":"waterway","name":"中心河","highway":"","waterway":"river","bridge":"","tunnel":"","layer":0,"width_m":18,"z_offset_m":0},"geometry":{"type":"LineString","coordinates":[[118.8591953,31.9777017],[118.8591107,31.9773209],[118.8590388,31.9766565],[118.8590141,31.9753687],[118.8591215,31.9741629],[118.8593253,31.973098],[118.8596879,31.9713323],[118.8602909,31.9686747],[118.8608059,31.9662354],[118.8610719,31.9648747],[118.8613584,31.9635776],[118.8615998,31.96254],[118.8620719,31.9602462],[118.8622051,31.9593559]]}},{"type":"Feature","properties":{"osm_id":579089131,"dataset":"jiangning","kind":"waterway","name":"","highway":"","waterway":"stream","bridge":"","tunnel":"","layer":0,"width_m":6,"z_offset_m":0},"geometry":{"type":"LineString","coordinates":[[119.0590609,32.0556948],[119.0591864,32.0555537],[119.0592872,32.0554068],[119.0594385,32.0551717],[119.0595887,32.054999],[119.0597174,32.0547898],[119.0598247,32.0545989],[119.0599213,32.0542897],[119.0600382,32.0538769],[119.0602206,32.0533404],[119.0603493,32.0529766],[119.0604995,32.0524674],[119.0607678,32.0515399],[119.0610145,32.0507151],[119.0612403,32.050065],[119.061367,32.0496654],[119.061426,32.0494423],[119.0615134,32.0491858]]}},{"type":"Feature","properties":{"osm_id":579089132,"dataset":"jiangning","kind":"waterway","name":"汤水河","highway":"","waterway":"drain","bridge":"","tunnel":"","layer":0,"width_m":4,"z_offset_m":0},"geometry":{"type":"LineString","coordinates":[[119.0659945,32.0511527],[119.0657739,32.0509615],[119.0652521,32.0505034],[119.0647522,32.0500133],[119.0644649,32.0494065],[119.0643523,32.0490246],[119.0642879,32.0487791],[119.0639875,32.048388],[119.0633948,32.0477239],[119.0629641,32.047281],[119.0627848,32.047184],[119.0620874,32.0468566],[119.0616701,32.0467148],[119.0613686,32.0467148],[119.061154,32.0462782],[119.0603735,32.0460586],[119.0596225,32.045594],[119.0592094,32.0453334],[119.0586957,32.0448918],[119.0578066,32.0445322],[119.0576698,32.0441579],[119.0575638,32.043871],[119.0574619,32.0437368],[119.0566908,32.0429749],[119.0563904,32.0425597],[119.0557655,32.0417412],[119.0555696,32.0412683],[119.0553537,32.0408289],[119.0552049,32.0405921],[119.0550171,32.0404579],[119.0548548,32.0402991],[119.0546738,32.0399031],[119.0543895,32.0390233],[119.0543734,32.0385299],[119.0543412,32.037735],[119.054427,32.0371165],[119.0546738,32.0366745],[119.0552853,32.0358069],[119.0555857,32.0349337],[119.0559291,32.0340606],[119.0561758,32.0336186],[119.0564762,32.032709],[119.056959,32.0323143],[119.0574311,32.0316231],[119.0577208,32.0310355],[119.0578924,32.0304898],[119.057989,32.0298039],[119.0582358,32.0293255],[119.0582787,32.0287434],[119.0585362,32.0277247],[119.0588473,32.0266022],[119.0593945,32.0251432],[119.0593623,32.0245647],[119.0590941,32.0241609],[119.0590082,32.0236515],[119.059019,32.0224908],[119.0587507,32.0215775],[119.0588795,32.0204495],[119.0587507,32.0189213],[119.0586756,32.0176559],[119.0586622,32.0164825],[119.0588218,32.0155358],[119.0588969,32.0148899],[119.059035,32.0134349],[119.0595071,32.0086269],[119.0600436,32.0031317],[119.0604191,31.9993695],[119.0609984,31.9936472],[119.0613257,31.9913724],[119.0617548,31.9877689],[119.0620627,31.9844866],[119.0621022,31.9840538],[119.062185,31.9831452],[119.0621893,31.9827176],[119.0620015,31.9823763],[119.0617827,31.982035],[119.0617291,31.9817757],[119.0617226,31.9814298],[119.0616378,31.981125],[119.0614759,31.9808201],[119.0612559,31.9805062],[119.0609233,31.9802286],[119.0602366,31.9798873],[119.0600554,31.9797576],[119.0599778,31.9795659],[119.0600248,31.9793458],[119.0602152,31.9791297],[119.0602487,31.9789448],[119.0601536,31.9786997],[119.0600999,31.9783834],[119.0600473,31.9781104],[119.0599989,31.9777261],[119.0599616,31.9770706],[119.0599856,31.976793],[119.0600677,31.9766088],[119.0602233,31.9764017],[119.0602727,31.976222],[119.0602324,31.9760372],[119.0600849,31.9758256],[119.0598702,31.9756436],[119.0595189,31.9755139],[119.0591837,31.9753864],[119.0590972,31.975321],[119.0590831,31.9752454],[119.0591061,31.9751703],[119.0592105,31.9750634],[119.0593419,31.9749269],[119.0594224,31.9747813],[119.0594331,31.9746333],[119.0593582,31.9744809],[119.0592282,31.9744547],[119.0591072,31.9744582],[119.0589141,31.9745082],[119.0587116,31.974531],[119.0585373,31.9745219],[119.0582261,31.974432],[119.0578988,31.9743171],[119.0576145,31.9742466],[119.0573463,31.9742261],[119.0571506,31.9741851],[119.0570406,31.9741351],[119.056944,31.9740168],[119.0569359,31.9738962],[119.0570245,31.9737437],[119.0571988,31.9736004],[119.0572312,31.9734683],[119.0571961,31.9733205],[119.0570459,31.9731658],[119.0568933,31.9730292],[119.0568179,31.972911],[119.0567858,31.9727676],[119.0568235,31.9726197]]}},{"type":"Feature","properties":{"osm_id":579089134,"dataset":"jiangning","kind":"waterway","name":"","highway":"","waterway":"drain","bridge":"","tunnel":"","layer":0,"width_m":4,"z_offset_m":0},"geometry":{"type":"LineString","coordinates":[[119.0411268,32.0423407],[119.0415813,32.041187],[119.0425329,32.0400415],[119.0433119,32.0392993],[119.0447282,32.0387536],[119.0453922,32.0384726],[119.045962,32.0377659],[119.0461293,32.0373453],[119.0467301,32.0372033]]}},{"type":"Feature","properties":{"osm_id":579431289,"dataset":"jiangning","kind":"waterway","name":"","highway":"","waterway":"stream","bridge":"","tunnel":"","layer":0,"width_m":6,"z_offset_m":0},"geometry":{"type":"LineString","coordinates":[[118.6351021,31.8525912],[118.6347159,31.8525912],[118.6345421,31.8525917],[118.6341881,31.8525006],[118.6336194,31.8524003],[118.6329778,31.8522632],[118.6323856,31.8521543],[118.6319371,31.8521356],[118.6316582,31.8523452],[118.6312505,31.8525821],[118.6308535,31.8528555],[118.6304351,31.853138],[118.6302634,31.8532656],[118.630124,31.8534388],[118.6298187,31.8538958],[118.6297377,31.8542225],[118.6295232,31.8547419],[118.6292657,31.8552705],[118.6291348,31.8555352],[118.6289738,31.8558906],[118.6287936,31.8562],[118.6287829,31.8563458],[118.6286219,31.8566283],[118.6285039,31.8568926],[118.6284374,31.8571846],[118.6282893,31.8573755],[118.6281799,31.8575673],[118.6279782,31.857822],[118.6278473,31.8580139],[118.6276327,31.8583055],[118.6273452,31.8585966],[118.6271306,31.858952],[118.6268624,31.8593074],[118.6266478,31.8595717],[118.6264011,31.8600364],[118.6262079,31.8603553],[118.6258646,31.8606196],[118.6256157,31.8608752],[118.6252316,31.8611937],[118.6249956,31.8614397],[118.6246844,31.8616315]]}},{"type":"Feature","properties":{"osm_id":579431290,"dataset":"jiangning","kind":"waterway","name":"油坊河","highway":"","waterway":"river","bridge":"","tunnel":"","layer":0,"width_m":18,"z_offset_m":0},"geometry":{"type":"LineString","coordinates":[[118.6308621,31.8673265],[118.6300489,31.8662604],[118.6290404,31.8648936],[118.6283537,31.8643469],[118.6275169,31.863618],[118.6262916,31.8628981],[118.6253689,31.8622967],[118.6246844,31.8616315]]}},{"type":"Feature","properties":{"osm_id":579431291,"dataset":"jiangning","kind":"waterway","name":"油坊河","highway":"","waterway":"river","bridge":"","tunnel":"","layer":0,"width_m":18,"z_offset_m":0},"geometry":{"type":"LineString","coordinates":[[118.6246844,31.8616315],[118.6242338,31.8618502],[118.623397,31.8620689],[118.6221095,31.8625063],[118.6209937,31.8629072],[118.6199208,31.8632353],[118.618848,31.8636726],[118.6174318,31.8640736],[118.6163374,31.8644563],[118.6155649,31.8646932],[118.6152002,31.8648572],[118.6147925,31.8649301],[118.6143204,31.8652035]]}},{"type":"Feature","properties":{"osm_id":583389510,"dataset":"jiangning","kind":"waterway","name":"","highway":"","waterway":"stream","bridge":"","tunnel":"","layer":0,"width_m":6,"z_offset_m":0},"geometry":{"type":"LineString","coordinates":[[118.864966,31.9969907],[118.8655364,31.9975765],[118.8660085,31.9980838],[118.8664055,31.9985137],[118.8665315,31.9986661],[118.866604,31.9988162],[118.8673764,31.9999058],[118.8675481,32.0001264],[118.8675669,32.0002015],[118.8675454,32.0003016],[118.8674725,32.0003971],[118.8669522,32.0006519]]}},{"type":"Feature","properties":{"osm_id":583389511,"dataset":"jiangning","kind":"waterway","name":"","highway":"","waterway":"stream","bridge":"","tunnel":"","layer":0,"width_m":6,"z_offset_m":0},"geometry":{"type":"LineString","coordinates":[[118.8815541,31.9827356],[118.8812221,31.9829311],[118.8809989,31.9830632],[118.8806542,31.9833453],[118.8801352,31.9838641],[118.8794111,31.9845443],[118.8789443,31.9850152],[118.8784884,31.9854452],[118.8783087,31.9856181],[118.8782153,31.9858156],[118.8781826,31.9859708],[118.8781724,31.9861286],[118.8782121,31.9863029],[118.8782931,31.9865108],[118.8783762,31.9866564],[118.8784621,31.9867838],[118.8785962,31.9869885],[118.8786874,31.9871205],[118.8787974,31.9872934],[118.8789014,31.9874494],[118.8789985,31.9876392],[118.8790843,31.987894],[118.8792131,31.9883581],[118.8793633,31.9888312],[118.8794464,31.9891247],[118.8795907,31.9896334],[118.87969,31.9899815],[118.8797704,31.990309],[118.8798804,31.9907526],[118.8799233,31.9911075],[118.8799689,31.9915818],[118.8800097,31.991924],[118.8800634,31.9922709],[118.8801465,31.9928168],[118.8802023,31.9932822],[118.8802774,31.9939215],[118.8803342,31.9943637],[118.8803256,31.9945243],[118.8802698,31.9946171],[118.8801084,31.9947517],[118.8795558,31.9950248],[118.8794759,31.9951312],[118.8794035,31.9953632],[118.8793816,31.995582],[118.8793632,31.9958591],[118.8793847,31.9961926],[118.8794813,31.9968477],[118.8795779,31.9976211],[118.8797088,31.9985137],[118.8797495,31.9988403],[118.8798836,31.9997093],[118.8799989,32.0006191],[118.8800199,32.0010863],[118.8799556,32.0013775],[118.8798621,32.0016345],[118.8797249,32.0018802],[118.8793976,32.0022532],[118.8790275,32.0024965],[118.8786359,32.0026535],[118.8782072,32.0027468],[118.8776595,32.0028082],[118.8767584,32.0029219],[118.8759429,32.0030993],[118.8752026,32.0032722],[118.8748057,32.0033905],[118.8737274,32.0037999],[118.873411,32.0038864],[118.8729201,32.0039523],[118.8707744,32.0041342],[118.8702057,32.0041911]]}},{"type":"Feature","properties":{"osm_id":583393464,"dataset":"jiangning","kind":"waterway","name":"","highway":"","waterway":"stream","bridge":"","tunnel":"","layer":0,"width_m":6,"z_offset_m":0},"geometry":{"type":"LineString","coordinates":[[118.9093611,32.0289132],[118.9092263,32.0287915],[118.9090499,32.028605],[118.9088944,32.0284368],[118.9086986,32.0282549],[118.9084384,32.028123],[118.9082023,32.0280206],[118.9078698,32.0279251],[118.9076203,32.0278751],[118.9072019,32.0277387],[118.9063315,32.0275647],[118.9054611,32.0273919],[118.9048268,32.0272464],[118.9043869,32.0271156],[118.9039886,32.0270292],[118.9036761,32.0270224],[118.9033864,32.0269576],[118.9029399,32.0267836],[118.9024168,32.0266506],[118.9020944,32.0265869],[118.9017672,32.0265698],[118.901263,32.0264607],[118.9009177,32.0263927]]}},{"type":"Feature","properties":{"osm_id":586775002,"dataset":"jiangning","kind":"waterway","name":"溧水河","highway":"","waterway":"river","bridge":"","tunnel":"","layer":0,"width_m":18,"z_offset_m":0},"geometry":{"type":"LineString","coordinates":[[118.8934934,31.8100058],[118.8903951,31.8160946],[118.8860607,31.8197595],[118.8769734,31.8223759]]}},{"type":"Feature","properties":{"osm_id":586797521,"dataset":"jiangning","kind":"waterway","name":"秦淮河","highway":"","waterway":"river","bridge":"","tunnel":"","layer":0,"width_m":18,"z_offset_m":0},"geometry":{"type":"LineString","coordinates":[[118.8534134,31.8755067],[118.8495481,31.8912241],[118.8494595,31.8935723],[118.8500416,31.8959153],[118.850063,31.898074],[118.8461148,31.9041949],[118.8461148,31.9063808],[118.8462245,31.9081827],[118.8468338,31.9092779],[118.847649,31.9107433],[118.8474881,31.9122096],[118.8443982,31.917601],[118.8401067,31.9203694],[118.8358151,31.9225549],[118.8340985,31.924449],[118.8329593,31.927741],[118.8316217,31.9300778],[118.8315245,31.9304207],[118.8312832,31.9312726],[118.8308596,31.9327709],[118.8289279,31.9385819],[118.8252266,31.9463601],[118.8229405,31.9508163],[118.8210523,31.9531468],[118.8203992,31.9554357],[118.819679,31.956788],[118.818595,31.9572807]]}},{"type":"Feature","properties":{"osm_id":630149999,"dataset":"jiangning","kind":"waterway","name":"护校沟","highway":"","waterway":"drain","bridge":"","tunnel":"","layer":0,"width_m":4,"z_offset_m":0},"geometry":{"type":"LineString","coordinates":[[118.8140973,31.8829527],[118.8139104,31.8828721],[118.813772,31.8827566],[118.8137396,31.8827405],[118.8136886,31.8827294],[118.8085349,31.8820924],[118.8084005,31.8820845],[118.8082939,31.882091],[118.8081857,31.8821328],[118.8081029,31.8821816],[118.8080408,31.8822284],[118.8079657,31.882315],[118.8078822,31.8824881],[118.8069604,31.8852459],[118.8069372,31.885332],[118.8065656,31.8874075],[118.8065811,31.8874811],[118.8066054,31.8875274],[118.8066592,31.8875966],[118.8067417,31.8876782],[118.8070249,31.8879127]]}},{"type":"Feature","properties":{"osm_id":630150000,"dataset":"jiangning","kind":"waterway","name":"护校沟","highway":"","waterway":"drain","bridge":"","tunnel":"culvert","layer":-1,"width_m":4,"z_offset_m":0},"geometry":{"type":"LineString","coordinates":[[118.8140973,31.8829527],[118.8149956,31.8830409]]}},{"type":"Feature","properties":{"osm_id":630150001,"dataset":"jiangning","kind":"waterway","name":"护校沟","highway":"","waterway":"drain","bridge":"","tunnel":"","layer":0,"width_m":4,"z_offset_m":0},"geometry":{"type":"LineString","coordinates":[[118.8149956,31.8830409],[118.8150843,31.8830419],[118.8151541,31.8829891],[118.8152238,31.8829556],[118.8153067,31.8829459],[118.8159537,31.8830404],[118.8161092,31.8830631],[118.8166947,31.8831069],[118.8178735,31.8832563],[118.8186207,31.8833268],[118.8195273,31.8833743],[118.8251185,31.8835221],[118.8251801,31.883538],[118.8252365,31.8835699],[118.8252713,31.8836155],[118.8252942,31.8836827],[118.8252928,31.8840289],[118.82527,31.8840801],[118.8251962,31.8841689],[118.8251506,31.8842258],[118.8251238,31.8842964],[118.8251131,31.8843534],[118.8251211,31.8844035],[118.825148,31.8844513],[118.8252571,31.8846354],[118.8252767,31.8847109],[118.8252004,31.8889925]]}},{"type":"Feature","properties":{"osm_id":630150002,"dataset":"jiangning","kind":"waterway","name":"护校沟","highway":"","waterway":"drain","bridge":"","tunnel":"","layer":0,"width_m":4,"z_offset_m":0},"geometry":{"type":"LineString","coordinates":[[118.8251794,31.8894205],[118.8251826,31.8905008],[118.8251314,31.8960007],[118.8251144,31.8960787],[118.8250806,31.8961457],[118.8250264,31.8961822],[118.8249482,31.8962101],[118.8248852,31.8962152],[118.8182021,31.8957176]]}},{"type":"Feature","properties":{"osm_id":630150003,"dataset":"jiangning","kind":"waterway","name":"护校沟","highway":"","waterway":"drain","bridge":"","tunnel":"culvert","layer":-1,"width_m":4,"z_offset_m":0},"geometry":{"type":"LineString","coordinates":[[118.8251656,31.8890574],[118.8251794,31.8894205]]}},{"type":"Feature","properties":{"osm_id":630150004,"dataset":"jiangning","kind":"waterway","name":"护校沟","highway":"","waterway":"drain","bridge":"","tunnel":"culvert","layer":-1,"width_m":4,"z_offset_m":0},"geometry":{"type":"LineString","coordinates":[[118.8182021,31.8957176],[118.818084,31.8957088],[118.8179553,31.8956994]]}},{"type":"Feature","properties":{"osm_id":630150005,"dataset":"jiangning","kind":"waterway","name":"护校沟","highway":"","waterway":"drain","bridge":"","tunnel":"","layer":0,"width_m":4,"z_offset_m":0},"geometry":{"type":"LineString","coordinates":[[118.8179553,31.8956994],[118.8137046,31.8953804],[118.8100489,31.8951254]]}},{"type":"Feature","properties":{"osm_id":630436312,"dataset":"jiangning","kind":"waterway","name":"","highway":"","waterway":"drain","bridge":"","tunnel":"","layer":0,"width_m":4,"z_offset_m":0},"geometry":{"type":"LineString","coordinates":[[118.8079154,31.8885572],[118.8079014,31.8886509],[118.8079443,31.8888604],[118.8080169,31.8889719],[118.8081518,31.8891019],[118.8083119,31.8891632],[118.8085364,31.8892003]]}},{"type":"Feature","properties":{"osm_id":630436313,"dataset":"jiangning","kind":"waterway","name":"","highway":"","waterway":"stream","bridge":"","tunnel":"culvert","layer":-1,"width_m":6,"z_offset_m":0},"geometry":{"type":"LineString","coordinates":[[118.8079461,31.8882222],[118.8079196,31.888481]]}},{"type":"Feature","properties":{"osm_id":630436315,"dataset":"jiangning","kind":"waterway","name":"","highway":"","waterway":"drain","bridge":"","tunnel":"culvert","layer":-1,"width_m":4,"z_offset_m":0},"geometry":{"type":"LineString","coordinates":[[118.8070249,31.8879127],[118.8073041,31.8879735]]}},{"type":"Feature","properties":{"osm_id":630436316,"dataset":"jiangning","kind":"waterway","name":"","highway":"","waterway":"drain","bridge":"","tunnel":"culvert","layer":-1,"width_m":4,"z_offset_m":0},"geometry":{"type":"LineString","coordinates":[[118.8160335,31.8889001],[118.8160556,31.8886187]]}},{"type":"Feature","properties":{"osm_id":630686731,"dataset":"jiangning","kind":"waterway","name":"","highway":"","waterway":"ditch","bridge":"","tunnel":"","layer":0,"width_m":3,"z_offset_m":0},"geometry":{"type":"LineString","coordinates":[[118.8087782,31.8910132],[118.8080551,31.8910727],[118.8076079,31.891128],[118.8071404,31.8912143],[118.8068884,31.8914559],[118.806803,31.8917458],[118.8068436,31.8921014],[118.8069209,31.8924776],[118.8069941,31.8928539],[118.8071739,31.8931029]]}},{"type":"Feature","properties":{"osm_id":731346372,"dataset":"jiangning","kind":"waterway","name":"","highway":"","waterway":"stream","bridge":"","tunnel":"","layer":0,"width_m":6,"z_offset_m":0},"geometry":{"type":"LineString","coordinates":[[118.5547973,31.7337364],[118.5545753,31.733816],[118.5541846,31.7339708],[118.5540746,31.7340934],[118.5541505,31.7343967],[118.5539343,31.7346193],[118.553957,31.7352258],[118.553866,31.7356645],[118.5539608,31.7358549],[118.5539153,31.7360097],[118.5538053,31.7360968],[118.5534601,31.7361452],[118.5533046,31.7362291],[118.5529632,31.7365743],[118.5528077,31.7368065],[118.5526749,31.7372421],[118.5523904,31.7376647],[118.5521705,31.7381682],[118.5514422,31.738536],[118.5513891,31.7389102],[118.5511463,31.7392651],[118.5508125,31.7394586],[118.5507139,31.7396457],[118.5508277,31.7400006],[118.5510477,31.7401361],[118.5510553,31.7402974],[118.5508353,31.7404264],[118.5508125,31.7410329],[118.5505622,31.7411619],[118.5504332,31.7416071],[118.5492801,31.7428264],[118.5483394,31.7438522],[118.5480511,31.7441942],[118.5480207,31.7445555],[118.5474973,31.7451232],[118.5468069,31.7450716],[118.5465186,31.7452071],[118.5465186,31.7457103],[118.546544,31.7461977]]}},{"type":"Feature","properties":{"osm_id":757743285,"dataset":"jiangning","kind":"waterway","name":"","highway":"","waterway":"drain","bridge":"","tunnel":"","layer":0,"width_m":4,"z_offset_m":0},"geometry":{"type":"LineString","coordinates":[[118.8683345,31.7254476],[118.8700993,31.7264142],[118.8719132,31.7273657],[118.8740657,31.7285256],[118.874752,31.7289009],[118.8765124,31.7298372],[118.8783173,31.7308151],[118.878607,31.7309521],[118.8787442,31.7310205],[118.8788967,31.7310956],[118.8794848,31.7314063],[118.8796552,31.7315013],[118.8797568,31.731558],[118.880149,31.7317665],[118.8822748,31.7329036],[118.8830765,31.7333327],[118.8832037,31.733398]]}},{"type":"Feature","properties":{"osm_id":757743287,"dataset":"jiangning","kind":"waterway","name":"","highway":"","waterway":"drain","bridge":"","tunnel":"culvert","layer":-1,"width_m":4,"z_offset_m":0},"geometry":{"type":"LineString","coordinates":[[118.8627592,31.7224719],[118.8645875,31.7234603]]}},{"type":"Feature","properties":{"osm_id":760767148,"dataset":"jiangning","kind":"waterway","name":"农花河","highway":"","waterway":"river","bridge":"","tunnel":"culvert","layer":-1,"width_m":18,"z_offset_m":0},"geometry":{"type":"LineString","coordinates":[[118.7824252,31.9605421],[118.7828133,31.9595112]]}},{"type":"Feature","properties":{"osm_id":760767149,"dataset":"jiangning","kind":"waterway","name":"农花河","highway":"","waterway":"river","bridge":"","tunnel":"","layer":0,"width_m":18,"z_offset_m":0},"geometry":{"type":"LineString","coordinates":[[118.7828133,31.9595112],[118.7829635,31.9587407]]}},{"type":"Feature","properties":{"osm_id":760767150,"dataset":"jiangning","kind":"waterway","name":"","highway":"","waterway":"canal","bridge":"","tunnel":"","layer":0,"width_m":12,"z_offset_m":0},"geometry":{"type":"LineString","coordinates":[[118.7964944,31.9580018],[118.796578,31.9578178]]}},{"type":"Feature","properties":{"osm_id":760767151,"dataset":"jiangning","kind":"waterway","name":"","highway":"","waterway":"canal","bridge":"","tunnel":"culvert","layer":-1,"width_m":12,"z_offset_m":0},"geometry":{"type":"LineString","coordinates":[[118.7963317,31.9583598],[118.7964944,31.9580018]]}},{"type":"Feature","properties":{"osm_id":760767154,"dataset":"jiangning","kind":"waterway","name":"","highway":"","waterway":"canal","bridge":"","tunnel":"","layer":0,"width_m":12,"z_offset_m":0},"geometry":{"type":"LineString","coordinates":[[118.8015898,31.9604095],[118.7998376,31.960421],[118.7998641,31.9601217],[118.7992762,31.9597194],[118.7986389,31.9604532],[118.7965603,31.9604403]]}},{"type":"Feature","properties":{"osm_id":760767155,"dataset":"jiangning","kind":"waterway","name":"","highway":"","waterway":"canal","bridge":"","tunnel":"culvert","layer":-1,"width_m":12,"z_offset_m":0},"geometry":{"type":"LineString","coordinates":[[118.8022984,31.9604072],[118.8015898,31.9604095]]}},{"type":"Feature","properties":{"osm_id":775762747,"dataset":"jiangning","kind":"waterway","name":"","highway":"","waterway":"ditch","bridge":"","tunnel":"","layer":0,"width_m":3,"z_offset_m":0},"geometry":{"type":"LineString","coordinates":[[118.9870652,32.0602637],[118.9869951,32.0600781]]}},{"type":"Feature","properties":{"osm_id":775762748,"dataset":"jiangning","kind":"waterway","name":"","highway":"","waterway":"ditch","bridge":"","tunnel":"culvert","layer":-1,"width_m":3,"z_offset_m":0},"geometry":{"type":"LineString","coordinates":[[118.9874568,32.0611479],[118.9870652,32.0602637]]}},{"type":"Feature","properties":{"osm_id":775762773,"dataset":"jiangning","kind":"waterway","name":"","highway":"","waterway":"ditch","bridge":"","tunnel":"","layer":0,"width_m":3,"z_offset_m":0},"geometry":{"type":"LineString","coordinates":[[119.042412,32.0331164],[119.0424201,32.0329436],[119.0423638,32.0327026],[119.0422511,32.0325252],[119.0420204,32.032266],[119.0419373,32.0320363],[119.0419534,32.031693],[119.0419078,32.0315839],[119.0417599,32.0314438],[119.0420147,32.0306866]]}},{"type":"Feature","properties":{"osm_id":775762796,"dataset":"jiangning","kind":"waterway","name":"黄梅河","highway":"","waterway":"drain","bridge":"","tunnel":"","layer":0,"width_m":4,"z_offset_m":0},"geometry":{"type":"LineString","coordinates":[[119.1043039,31.9909704],[119.1043161,31.9909575],[119.1045854,31.9906435],[119.1048311,31.9903569],[119.1049716,31.990134],[119.1054866,31.9897518],[119.1056583,31.9892968],[119.1065048,31.98881],[119.1069457,31.9886598],[119.1075133,31.9887008],[119.1077611,31.9884778],[119.1080186,31.988132],[119.1079113,31.9874222],[119.1078899,31.9868035],[119.1077064,31.9861528],[119.107568,31.9860027],[119.1076753,31.9854385],[119.1075777,31.9851154],[119.1072676,31.9847287],[119.1067741,31.9844557],[119.1061829,31.9842236],[119.1060231,31.9840007],[119.105551,31.9838186],[119.1051648,31.9836366],[119.1049169,31.9831862],[119.1051004,31.9828176],[119.1050575,31.982399],[119.1046594,31.9820395],[119.104049,31.9818712],[119.1036509,31.9816937],[119.1032979,31.9815436],[119.1029332,31.9816164],[119.1027615,31.9816892],[119.1024611,31.9816892],[119.1022894,31.9816164],[119.1020534,31.9815072],[119.1020319,31.981216],[119.1018603,31.9808883],[119.1017315,31.9805971],[119.1015266,31.9806017],[119.1013335,31.9806745],[119.1011736,31.9807791],[119.1008947,31.9807973],[119.1005728,31.9807245],[119.1003368,31.9805425],[119.1003368,31.9802149],[119.100487,31.9796871],[119.1005514,31.9793231],[119.1004441,31.978868],[119.1002295,31.978777],[119.0999817,31.9787452],[119.0994356,31.9786314],[119.0988562,31.9784494],[119.0983841,31.9781991],[119.098202,31.978012],[119.0979443,31.9777895],[119.0974722,31.9775029],[119.0973329,31.977334],[119.0971825,31.9770979],[119.0971879,31.9766884],[119.0973434,31.9760514],[119.0975583,31.9752635],[119.0976922,31.9745633],[119.0976063,31.9744495],[119.097161,31.9742994],[119.096689,31.9741538],[119.0962909,31.9739945],[119.0956901,31.9737943],[119.0950797,31.9736077],[119.0945647,31.9733529],[119.0942428,31.9733711],[119.0940282,31.9734985],[119.0935991,31.9734985],[119.0932225,31.9733938],[119.092891,31.9732072],[119.092612,31.9729524]]}},{"type":"Feature","properties":{"osm_id":776519888,"dataset":"jiangning","kind":"waterway","name":"","highway":"","waterway":"dam","bridge":"","tunnel":"","layer":0,"width_m":5,"z_offset_m":0},"geometry":{"type":"LineString","coordinates":[[118.9819257,31.961451],[118.9834692,31.9622491]]}},{"type":"Feature","properties":{"osm_id":776525628,"dataset":"jiangning","kind":"waterway","name":"","highway":"","waterway":"dam","bridge":"","tunnel":"","layer":0,"width_m":5,"z_offset_m":0},"geometry":{"type":"LineString","coordinates":[[118.9825474,32.0259711],[118.9826239,32.0259397],[118.9851559,32.0249939]]}},{"type":"Feature","properties":{"osm_id":776525630,"dataset":"jiangning","kind":"waterway","name":"","highway":"","waterway":"dam","bridge":"","tunnel":"","layer":0,"width_m":5,"z_offset_m":0},"geometry":{"type":"LineString","coordinates":[[118.9979354,32.0068486],[119.0000104,32.0076208]]}},{"type":"Feature","properties":{"osm_id":776525632,"dataset":"jiangning","kind":"waterway","name":"","highway":"","waterway":"dam","bridge":"","tunnel":"","layer":0,"width_m":5,"z_offset_m":0},"geometry":{"type":"LineString","coordinates":[[118.99963,32.0054116],[119.0015551,32.0063109],[119.001648,32.0064279],[119.0019586,32.0068192]]}},{"type":"Feature","properties":{"osm_id":776525634,"dataset":"jiangning","kind":"waterway","name":"马蹄稍水库大坝","highway":"","waterway":"dam","bridge":"","tunnel":"","layer":0,"width_m":5,"z_offset_m":0},"geometry":{"type":"LineString","coordinates":[[119.0066895,32.0024261],[119.0087735,32.0019623],[119.0092465,32.0028146],[119.0094682,32.0034162]]}},{"type":"Feature","properties":{"osm_id":776525636,"dataset":"jiangning","kind":"waterway","name":"谭山水库大坝","highway":"","waterway":"dam","bridge":"","tunnel":"","layer":0,"width_m":5,"z_offset_m":0},"geometry":{"type":"LineString","coordinates":[[119.026291,32.0068007],[119.0253106,32.0054128]]}},{"type":"Feature","properties":{"osm_id":776525637,"dataset":"jiangning","kind":"waterway","name":"","highway":"","waterway":"drain","bridge":"","tunnel":"","layer":0,"width_m":4,"z_offset_m":0},"geometry":{"type":"LineString","coordinates":[[119.0254193,32.0053144],[119.0267562,32.0048245],[119.028348,32.0041335],[119.0307547,32.0029765],[119.0316389,32.0025409]]}},{"type":"Feature","properties":{"osm_id":776525638,"dataset":"jiangning","kind":"waterway","name":"","highway":"","waterway":"river","bridge":"","tunnel":"","layer":0,"width_m":18,"z_offset_m":0},"geometry":{"type":"LineString","coordinates":[[119.0321893,32.0022838],[119.0332751,32.0017712],[119.0344879,32.0011284],[119.0349995,32.0006945],[119.0354164,31.9996017],[119.0362502,31.9971428],[119.0373304,31.9938642],[119.0377663,31.991791],[119.0381832,31.9898462],[119.0383916,31.9887372],[119.0389791,31.9876282],[119.0406656,31.9849922],[119.0415563,31.9830473],[119.0422764,31.9813274],[119.0427691,31.979945],[119.043963,31.9768266],[119.0443799,31.976055],[119.0449105,31.9753155],[119.0450621,31.9750905],[119.045231,31.9746515],[119.0456387,31.9739826],[119.0458265,31.9735298],[119.0458989,31.9733933],[119.045974,31.9733569],[119.0461202,31.9733398],[119.0462141,31.9732772],[119.0462624,31.9732158],[119.0463509,31.973135],[119.046497,31.9731214],[119.0467948,31.9731498],[119.0470254,31.973135],[119.0471877,31.9730599],[119.047299,31.9729086],[119.0473258,31.9727869],[119.0472387,31.9726128],[119.0471421,31.9724661],[119.0471113,31.9723443],[119.0471649,31.9722636],[119.0474935,31.972019],[119.0476933,31.9719098],[119.0477765,31.9718608],[119.0477872,31.9718039],[119.0477416,31.9717277],[119.0477335,31.9716424],[119.0477711,31.9714854],[119.0478985,31.9713068],[119.0479806,31.9711253]]}},{"type":"Feature","properties":{"osm_id":776525639,"dataset":"jiangning","kind":"waterway","name":"","highway":"","waterway":"river","bridge":"","tunnel":"culvert","layer":-1,"width_m":18,"z_offset_m":0},"geometry":{"type":"LineString","coordinates":[[119.0316389,32.0025409],[119.0321893,32.0022838]]}},{"type":"Feature","properties":{"osm_id":776525642,"dataset":"jiangning","kind":"waterway","name":"郑家边水库大坝","highway":"","waterway":"dam","bridge":"","tunnel":"","layer":0,"width_m":5,"z_offset_m":0},"geometry":{"type":"LineString","coordinates":[[119.0119225,31.9554864],[119.0136763,31.9570798]]}},{"type":"Feature","properties":{"osm_id":776525643,"dataset":"jiangning","kind":"waterway","name":"西边桥水库大坝","highway":"","waterway":"dam","bridge":"","tunnel":"","layer":0,"width_m":5,"z_offset_m":0},"geometry":{"type":"LineString","coordinates":[[119.0199986,31.9642102],[119.0210629,31.9654574],[119.0219178,31.9667767],[119.0227735,31.9681494]]}},{"type":"Feature","properties":{"osm_id":776525646,"dataset":"jiangning","kind":"waterway","name":"","highway":"","waterway":"dam","bridge":"","tunnel":"","layer":0,"width_m":5,"z_offset_m":0},"geometry":{"type":"LineString","coordinates":[[118.9451785,31.9103488],[118.9469538,31.9082449]]}},{"type":"Feature","properties":{"osm_id":776525648,"dataset":"jiangning","kind":"waterway","name":"","highway":"","waterway":"dam","bridge":"","tunnel":"","layer":0,"width_m":5,"z_offset_m":0},"geometry":{"type":"LineString","coordinates":[[118.9302904,31.9445447],[118.9316211,31.9446973]]}},{"type":"Feature","properties":{"osm_id":777268043,"dataset":"jiangning","kind":"waterway","name":"","highway":"","waterway":"dam","bridge":"","tunnel":"","layer":0,"width_m":5,"z_offset_m":0},"geometry":{"type":"LineString","coordinates":[[118.6509016,31.6637153],[118.6533002,31.6644435]]}},{"type":"Feature","properties":{"osm_id":777268045,"dataset":"jiangning","kind":"waterway","name":"","highway":"","waterway":"dam","bridge":"","tunnel":"","layer":0,"width_m":5,"z_offset_m":0},"geometry":{"type":"LineString","coordinates":[[118.7390956,31.6885111],[118.7405815,31.6881349]]}},{"type":"Feature","properties":{"osm_id":790520577,"dataset":"jiangning","kind":"waterway","name":"","highway":"","waterway":"stream","bridge":"","tunnel":"","layer":0,"width_m":6,"z_offset_m":0},"geometry":{"type":"LineString","coordinates":[[118.9226928,31.872606],[118.9188948,31.8702006],[118.9181009,31.8695446],[118.9154616,31.8696904],[118.9126077,31.8700548],[118.9105263,31.8702735],[118.9089599,31.8704375],[118.9065352,31.870073],[118.904883,31.8705468],[118.9031449,31.8703828],[118.901836,31.870966],[118.8997546,31.8726424],[118.8977805,31.8747015],[118.8937894,31.8758677],[118.8915823,31.8761671]]}},{"type":"Feature","properties":{"osm_id":790520579,"dataset":"jiangning","kind":"waterway","name":"","highway":"","waterway":"drain","bridge":"","tunnel":"","layer":0,"width_m":4,"z_offset_m":0},"geometry":{"type":"LineString","coordinates":[[118.8111435,31.9684335],[118.8128961,31.9693117],[118.8158069,31.9701985],[118.8191686,31.9696421],[118.8218828,31.9691778]]}},{"type":"Feature","properties":{"osm_id":815106319,"dataset":"jiangning","kind":"waterway","name":"","highway":"","waterway":"drain","bridge":"","tunnel":"culvert","layer":-1,"width_m":4,"z_offset_m":0},"geometry":{"type":"LineString","coordinates":[[118.8814959,31.751305],[118.8816343,31.7513773]]}},{"type":"Feature","properties":{"osm_id":815106320,"dataset":"jiangning","kind":"waterway","name":"","highway":"","waterway":"drain","bridge":"","tunnel":"","layer":0,"width_m":4,"z_offset_m":0},"geometry":{"type":"LineString","coordinates":[[118.8816343,31.7513773],[118.8816618,31.7514114]]}},{"type":"Feature","properties":{"osm_id":815106321,"dataset":"jiangning","kind":"waterway","name":"","highway":"","waterway":"drain","bridge":"","tunnel":"","layer":0,"width_m":4,"z_offset_m":0},"geometry":{"type":"LineString","coordinates":[[118.8795043,31.7540674],[118.87927,31.7543912],[118.8791935,31.7545143],[118.8790649,31.7551231],[118.8789835,31.7554895]]}},{"type":"Feature","properties":{"osm_id":835825726,"dataset":"jiangning","kind":"waterway","name":"","highway":"","waterway":"stream","bridge":"","tunnel":"culvert","layer":-1,"width_m":6,"z_offset_m":0},"geometry":{"type":"LineString","coordinates":[[118.8760586,32.0109097],[118.8758387,32.0105776]]}},{"type":"Feature","properties":{"osm_id":835855758,"dataset":"jiangning","kind":"waterway","name":"麒麟 灌排","highway":"","waterway":"stream","bridge":"","tunnel":"","layer":0,"width_m":6,"z_offset_m":0},"geometry":{"type":"LineString","coordinates":[[118.9053577,32.0201821],[118.9052216,32.0196809],[118.904717,32.0196631],[118.9042615,32.0197938]]}},{"type":"Feature","properties":{"osm_id":835855759,"dataset":"jiangning","kind":"waterway","name":"麒麟 灌排","highway":"","waterway":"stream","bridge":"","tunnel":"culvert","layer":-1,"width_m":6,"z_offset_m":0},"geometry":{"type":"LineString","coordinates":[[118.905384,32.0202788],[118.9053577,32.0201821]]}},{"type":"Feature","properties":{"osm_id":836020548,"dataset":"jiangning","kind":"waterway","name":"","highway":"","waterway":"stream","bridge":"","tunnel":"","layer":0,"width_m":6,"z_offset_m":0},"geometry":{"type":"LineString","coordinates":[[118.8994227,32.0254747],[118.8991813,32.0251791],[118.8988863,32.0247789],[118.8983927,32.0240239]]}},{"type":"Feature","properties":{"osm_id":836020549,"dataset":"jiangning","kind":"waterway","name":"","highway":"","waterway":"stream","bridge":"","tunnel":"culvert","layer":-1,"width_m":6,"z_offset_m":0},"geometry":{"type":"LineString","coordinates":[[118.8995461,32.0257522],[118.8994227,32.0254747]]}},{"type":"Feature","properties":{"osm_id":836020551,"dataset":"jiangning","kind":"waterway","name":"","highway":"","waterway":"stream","bridge":"","tunnel":"culvert","layer":-1,"width_m":6,"z_offset_m":0},"geometry":{"type":"LineString","coordinates":[[118.8983927,32.0240239],[118.8976283,32.0229333]]}},{"type":"Feature","properties":{"osm_id":836020556,"dataset":"jiangning","kind":"waterway","name":"","highway":"","waterway":"stream","bridge":"","tunnel":"","layer":0,"width_m":6,"z_offset_m":0},"geometry":{"type":"LineString","coordinates":[[118.9006218,32.0263264],[118.9004449,32.0263049],[118.9001566,32.0263254],[118.8998562,32.026347],[118.8995249,32.0263152],[118.8993959,32.0262206],[118.8993154,32.0261387],[118.8993208,32.026025],[118.8994066,32.0259523],[118.8995193,32.0258613],[118.8995461,32.0257522]]}},{"type":"Feature","properties":{"osm_id":836020557,"dataset":"jiangning","kind":"waterway","name":"","highway":"","waterway":"stream","bridge":"","tunnel":"culvert","layer":-1,"width_m":6,"z_offset_m":0},"geometry":{"type":"LineString","coordinates":[[118.9009177,32.0263927],[118.9006218,32.0263264]]}},{"type":"Feature","properties":{"osm_id":836020584,"dataset":"jiangning","kind":"waterway","name":"麒麟 灌排","highway":"","waterway":"stream","bridge":"","tunnel":"","layer":0,"width_m":6,"z_offset_m":0},"geometry":{"type":"LineString","coordinates":[[118.907101,32.020735],[118.9070367,32.0206316],[118.9067459,32.0204653],[118.9056141,32.0205306],[118.9054354,32.0204682],[118.905384,32.0202788]]}},{"type":"Feature","properties":{"osm_id":836020585,"dataset":"jiangning","kind":"waterway","name":"麒麟 灌排","highway":"","waterway":"stream","bridge":"","tunnel":"","layer":0,"width_m":6,"z_offset_m":0},"geometry":{"type":"LineString","coordinates":[[118.904045,32.0205421],[118.903569,32.0202728]]}},{"type":"Feature","properties":{"osm_id":836020586,"dataset":"jiangning","kind":"waterway","name":"麒麟 灌排","highway":"","waterway":"stream","bridge":"","tunnel":"culvert","layer":-1,"width_m":6,"z_offset_m":0},"geometry":{"type":"LineString","coordinates":[[118.9042927,32.0207102],[118.904045,32.0205421]]}},{"type":"Feature","properties":{"osm_id":836031319,"dataset":"jiangning","kind":"waterway","name":"","highway":"","waterway":"stream","bridge":"","tunnel":"culvert","layer":-1,"width_m":6,"z_offset_m":0},"geometry":{"type":"LineString","coordinates":[[118.9209538,32.0459063],[118.9208713,32.0453012]]}},{"type":"Feature","properties":{"osm_id":836031320,"dataset":"jiangning","kind":"waterway","name":"","highway":"","waterway":"stream","bridge":"","tunnel":"","layer":0,"width_m":6,"z_offset_m":0},"geometry":{"type":"LineString","coordinates":[[118.9208713,32.0453012],[118.9205647,32.0441086]]}},{"type":"Feature","properties":{"osm_id":852008624,"dataset":"jiangning","kind":"waterway","name":"","highway":"","waterway":"drain","bridge":"","tunnel":"","layer":0,"width_m":4,"z_offset_m":0},"geometry":{"type":"LineString","coordinates":[[118.9647122,32.0889491],[118.9643313,32.0891036],[118.9640899,32.0891809],[118.9627167,32.0898944],[118.9618691,32.0902126],[118.9609303,32.0904216],[118.9597823,32.0905353],[118.9595141,32.0905489],[118.9594283,32.0906852],[118.9594575,32.092923],[118.9594248,32.0929979]]}},{"type":"Feature","properties":{"osm_id":852008642,"dataset":"jiangning","kind":"waterway","name":"","highway":"","waterway":"drain","bridge":"","tunnel":"","layer":0,"width_m":4,"z_offset_m":0},"geometry":{"type":"LineString","coordinates":[[118.9586599,32.0936981],[118.9563759,32.0956707]]}},{"type":"Feature","properties":{"osm_id":852008643,"dataset":"jiangning","kind":"waterway","name":"","highway":"","waterway":"drain","bridge":"","tunnel":"culvert","layer":-1,"width_m":4,"z_offset_m":0},"geometry":{"type":"LineString","coordinates":[[118.9594248,32.0929979],[118.9586599,32.0936981]]}},{"type":"Feature","properties":{"osm_id":852008644,"dataset":"jiangning","kind":"waterway","name":"","highway":"","waterway":"drain","bridge":"","tunnel":"","layer":0,"width_m":4,"z_offset_m":0},"geometry":{"type":"LineString","coordinates":[[118.955818,32.0961343],[118.9555176,32.096416],[118.9549061,32.0965115],[118.9543213,32.0967841],[118.9539083,32.0974022],[118.9535542,32.0984428],[118.9533021,32.0992063]]}},{"type":"Feature","properties":{"osm_id":852008645,"dataset":"jiangning","kind":"waterway","name":"","highway":"","waterway":"drain","bridge":"","tunnel":"culvert","layer":-1,"width_m":4,"z_offset_m":0},"geometry":{"type":"LineString","coordinates":[[118.9563759,32.0956707],[118.955818,32.0961343]]}},{"type":"Feature","properties":{"osm_id":856760223,"dataset":"jiangning","kind":"waterway","name":"","highway":"","waterway":"drain","bridge":"","tunnel":"culvert","layer":-1,"width_m":4,"z_offset_m":0},"geometry":{"type":"LineString","coordinates":[[118.8665474,31.7244999],[118.8683345,31.7254476]]}},{"type":"Feature","properties":{"osm_id":856760224,"dataset":"jiangning","kind":"waterway","name":"","highway":"","waterway":"drain","bridge":"","tunnel":"","layer":0,"width_m":4,"z_offset_m":0},"geometry":{"type":"LineString","coordinates":[[118.8645875,31.7234603],[118.8656828,31.7240261],[118.8665474,31.7244999]]}},{"type":"Feature","properties":{"osm_id":857134630,"dataset":"jiangning","kind":"waterway","name":"","highway":"","waterway":"canal","bridge":"","tunnel":"","layer":0,"width_m":12,"z_offset_m":0},"geometry":{"type":"LineString","coordinates":[[118.9163864,31.9081053],[118.9163787,31.9080979]]}},{"type":"Feature","properties":{"osm_id":857134631,"dataset":"jiangning","kind":"waterway","name":"","highway":"","waterway":"canal","bridge":"","tunnel":"culvert","layer":-1,"width_m":12,"z_offset_m":0},"geometry":{"type":"LineString","coordinates":[[118.9165125,31.9082123],[118.9163864,31.9081053]]}},{"type":"Feature","properties":{"osm_id":857134632,"dataset":"jiangning","kind":"waterway","name":"","highway":"","waterway":"canal","bridge":"","tunnel":"","layer":0,"width_m":12,"z_offset_m":0},"geometry":{"type":"LineString","coordinates":[[118.9165205,31.9082188],[118.9165125,31.9082123]]}},{"type":"Feature","properties":{"osm_id":875413363,"dataset":"jiangning","kind":"waterway","name":"螺丝冲水库大坝","highway":"","waterway":"dam","bridge":"","tunnel":"","layer":0,"width_m":5,"z_offset_m":0},"geometry":{"type":"LineString","coordinates":[[119.0620946,32.0969681],[119.0638501,32.0955559]]}},{"type":"Feature","properties":{"osm_id":880027425,"dataset":"jiangning","kind":"waterway","name":"","highway":"","waterway":"drain","bridge":"","tunnel":"","layer":0,"width_m":4,"z_offset_m":0},"geometry":{"type":"LineString","coordinates":[[119.0478073,32.0370019],[119.0483223,32.0371474],[119.0490948,32.0372566],[119.0499102,32.0371838],[119.0505271,32.0368952],[119.0517663,32.0367527],[119.0528552,32.0364426],[119.0533782,32.0364949],[119.0541266,32.0365345],[119.0546738,32.0366745]]}},{"type":"Feature","properties":{"osm_id":880027426,"dataset":"jiangning","kind":"waterway","name":"","highway":"","waterway":"drain","bridge":"","tunnel":"culvert","layer":-1,"width_m":4,"z_offset_m":0},"geometry":{"type":"LineString","coordinates":[[119.0467301,32.0372033],[119.0478073,32.0370019]]}},{"type":"Feature","properties":{"osm_id":880053115,"dataset":"jiangning","kind":"waterway","name":"","highway":"","waterway":"stream","bridge":"","tunnel":"","layer":0,"width_m":6,"z_offset_m":0},"geometry":{"type":"LineString","coordinates":[[119.0616915,32.0486518],[119.0618658,32.0481039],[119.0618498,32.0480152],[119.0616164,32.0475992],[119.0613589,32.047124],[119.0612516,32.0468875],[119.0613686,32.0467148]]}},{"type":"Feature","properties":{"osm_id":880053116,"dataset":"jiangning","kind":"waterway","name":"","highway":"","waterway":"stream","bridge":"","tunnel":"culvert","layer":-1,"width_m":6,"z_offset_m":0},"geometry":{"type":"LineString","coordinates":[[119.0615134,32.0491858],[119.0616915,32.0486518]]}},{"type":"Feature","properties":{"osm_id":880053151,"dataset":"jiangning","kind":"waterway","name":"","highway":"","waterway":"drain","bridge":"","tunnel":"","layer":0,"width_m":4,"z_offset_m":0},"geometry":{"type":"LineString","coordinates":[[119.0539123,32.0073907],[119.0539371,32.0072346],[119.0540574,32.0069975],[119.0542415,32.0066974],[119.0543335,32.0065294],[119.0543512,32.0063643],[119.0543299,32.0060132],[119.0543583,32.0057851],[119.0544609,32.0053829],[119.0550024,32.0035551],[119.0554342,32.0022045],[119.0554306,32.0017183],[119.0555864,31.9997554],[119.055735,31.9979966],[119.0558907,31.9965979]]}},{"type":"Feature","properties":{"osm_id":880053152,"dataset":"jiangning","kind":"waterway","name":"","highway":"","waterway":"ditch","bridge":"","tunnel":"","layer":0,"width_m":3,"z_offset_m":0},"geometry":{"type":"LineString","coordinates":[[119.0558907,31.9965979],[119.0559438,31.9957484],[119.0559827,31.9953612],[119.0560075,31.9951871],[119.0561562,31.994953],[119.0564039,31.9947129],[119.0565242,31.9946799],[119.0566163,31.9947189],[119.0567932,31.994911],[119.0571719,31.994914],[119.0574444,31.9947609],[119.0575471,31.9947279],[119.0577276,31.9945958],[119.0577877,31.9944698],[119.0578444,31.9942146],[119.0579045,31.9939445]]}},{"type":"Feature","properties":{"osm_id":880053153,"dataset":"jiangning","kind":"waterway","name":"","highway":"","waterway":"drain","bridge":"","tunnel":"culvert","layer":-1,"width_m":4,"z_offset_m":0},"geometry":{"type":"LineString","coordinates":[[119.0538941,32.0075702],[119.0539123,32.0073907]]}},{"type":"Feature","properties":{"osm_id":880053154,"dataset":"jiangning","kind":"waterway","name":"","highway":"","waterway":"stream","bridge":"","tunnel":"","layer":0,"width_m":6,"z_offset_m":0},"geometry":{"type":"LineString","coordinates":[[119.0573094,32.0228034],[119.0571507,32.0227005],[119.0572207,32.0225025],[119.0572767,32.0223599],[119.0573281,32.0221105],[119.0574028,32.0218848],[119.0574869,32.0217423],[119.0576083,32.0215443],[119.0576223,32.0213146],[119.0575429,32.0210137],[119.0574682,32.0207762],[119.0572908,32.0205307],[119.0571927,32.0203565],[119.057146,32.0202218],[119.0571413,32.0201189],[119.0573328,32.0196794],[119.0574589,32.0194814],[119.0575523,32.0193626],[119.0575523,32.019224],[119.0573842,32.0190261],[119.0570899,32.0188637],[119.0569078,32.0187568],[119.0568658,32.018642],[119.0568985,32.0184915],[119.0570152,32.0184084],[119.0571647,32.0183648],[119.0572114,32.0182817],[119.0572114,32.0181589],[119.0572487,32.0180599],[119.0573234,32.017949],[119.0573468,32.0178421],[119.0572767,32.0177511],[119.0571413,32.0176521],[119.0571133,32.0175412],[119.057132,32.0174383],[119.057216,32.0173709],[119.0573842,32.017272],[119.0574682,32.0171334],[119.0575663,32.0169275],[119.0575482,32.0168119],[119.0574822,32.0167374],[119.0573281,32.0166622],[119.0571413,32.0166067],[119.0570246,32.0165434],[119.0569661,32.0164402],[119.0568883,32.0163401],[119.0567194,32.0162355],[119.0564243,32.0162105],[119.0561427,32.016256],[119.0558047,32.016397],[119.0556277,32.0165107],[119.055566,32.0166289],[119.0554614,32.016795],[119.0553112,32.0168382],[119.0551744,32.0168291],[119.055051,32.0167563],[119.0549652,32.0166176],[119.0549464,32.0164629],[119.0549759,32.0163174],[119.0550618,32.0162128],[119.0551664,32.0161354],[119.0552012,32.0160058],[119.05522,32.0158648],[119.0551744,32.0157761],[119.0550644,32.0156738],[119.0549008,32.015692],[119.0547292,32.0157897],[119.0545763,32.0158421],[119.054418,32.0158216],[119.0543,32.0157306],[119.0541605,32.0154827],[119.0540908,32.0153031],[119.0540774,32.015153],[119.0540962,32.0150188],[119.054123,32.0148368],[119.0541337,32.0146435],[119.0540023,32.014457],[119.0538387,32.014316],[119.0537931,32.0141045],[119.0538118,32.0139612],[119.0538467,32.013893],[119.0540184,32.0137952],[119.0542571,32.0136747],[119.0544583,32.0136042],[119.054587,32.0135268],[119.0546246,32.0134359],[119.0545682,32.0133085],[119.0545039,32.0131539],[119.0545039,32.0129674],[119.0546541,32.0127695],[119.0547211,32.0126399],[119.0547399,32.0124898],[119.0547587,32.0123465],[119.0548391,32.0122373],[119.0550537,32.0121122],[119.0551986,32.0120372],[119.0552683,32.0119143],[119.0552388,32.0117847],[119.05511,32.0116846],[119.0547587,32.01153],[119.054587,32.0114777],[119.0543858,32.0114868],[119.054233,32.0115527],[119.0541149,32.0116596],[119.0539942,32.0117097],[119.0538118,32.0117097],[119.0537207,32.0116596],[119.053667,32.0115459],[119.0536992,32.0113685],[119.0537877,32.0111547],[119.0538682,32.0109728],[119.053836,32.0108226],[119.0536992,32.0106998],[119.0534846,32.0105952],[119.0532781,32.0105543],[119.0532084,32.0104678],[119.0532057,32.0103018],[119.053313,32.0101017],[119.0533344,32.0099743],[119.0532861,32.0097924],[119.0531547,32.0096946],[119.0530152,32.0096968],[119.0528489,32.00974],[119.0526558,32.009756],[119.0525512,32.0097264],[119.052511,32.0096172],[119.0525539,32.0095035],[119.0526934,32.009292],[119.052865,32.0091464],[119.0530179,32.009126],[119.0531547,32.0091555],[119.0532674,32.0092852],[119.0533639,32.0093625],[119.0535061,32.009383],[119.0536268,32.0093329],[119.0537019,32.0092442],[119.053726,32.0091214],[119.053681,32.0089238]]}},{"type":"Feature","properties":{"osm_id":883285798,"dataset":"jiangning","kind":"waterway","name":"","highway":"","waterway":"stream","bridge":"","tunnel":"","layer":0,"width_m":6,"z_offset_m":0},"geometry":{"type":"LineString","coordinates":[[118.841075,31.7478555],[118.8408717,31.7489709],[118.8407467,31.7500952],[118.8408469,31.7504026],[118.8415261,31.7510278],[118.842149,31.7515634]]}},{"type":"Feature","properties":{"osm_id":883285799,"dataset":"jiangning","kind":"waterway","name":"","highway":"","waterway":"stream","bridge":"","tunnel":"culvert","layer":-1,"width_m":6,"z_offset_m":0},"geometry":{"type":"LineString","coordinates":[[118.842149,31.7515634],[118.842818,31.7521615]]}},{"type":"Feature","properties":{"osm_id":884201525,"dataset":"jiangning","kind":"waterway","name":"","highway":"","waterway":"canal","bridge":"","tunnel":"","layer":0,"width_m":12,"z_offset_m":0},"geometry":{"type":"LineString","coordinates":[[118.8237269,31.9301357],[118.8235212,31.9275973]]}},{"type":"Feature","properties":{"osm_id":884201526,"dataset":"jiangning","kind":"waterway","name":"","highway":"","waterway":"canal","bridge":"","tunnel":"culvert","layer":-1,"width_m":12,"z_offset_m":0},"geometry":{"type":"LineString","coordinates":[[118.8237854,31.9308566],[118.8237269,31.9301357]]}},{"type":"Feature","properties":{"osm_id":885098227,"dataset":"jiangning","kind":"waterway","name":"","highway":"","waterway":"river","bridge":"","tunnel":"","layer":0,"width_m":18,"z_offset_m":0},"geometry":{"type":"LineString","coordinates":[[118.821217,31.9623398],[118.8206459,31.9625781]]}},{"type":"Feature","properties":{"osm_id":885098228,"dataset":"jiangning","kind":"waterway","name":"","highway":"","waterway":"river","bridge":"","tunnel":"culvert","layer":-1,"width_m":18,"z_offset_m":0},"geometry":{"type":"LineString","coordinates":[[118.8220811,31.9622898],[118.821217,31.9623398]]}},{"type":"Feature","properties":{"osm_id":912640860,"dataset":"jiangning","kind":"waterway","name":"","highway":"","waterway":"drain","bridge":"","tunnel":"","layer":0,"width_m":4,"z_offset_m":0},"geometry":{"type":"LineString","coordinates":[[118.8131225,31.8906397],[118.8132129,31.8906731]]}},{"type":"Feature","properties":{"osm_id":912640861,"dataset":"jiangning","kind":"waterway","name":"","highway":"","waterway":"drain","bridge":"","tunnel":"","layer":0,"width_m":4,"z_offset_m":0},"geometry":{"type":"LineString","coordinates":[[118.8130892,31.8906274],[118.8131225,31.8906397]]}},{"type":"Feature","properties":{"osm_id":912640862,"dataset":"jiangning","kind":"waterway","name":"","highway":"","waterway":"drain","bridge":"","tunnel":"","layer":0,"width_m":4,"z_offset_m":0},"geometry":{"type":"LineString","coordinates":[[118.8132129,31.8906731],[118.8132965,31.890704],[118.8135956,31.8907795],[118.8138435,31.8908251]]}},{"type":"Feature","properties":{"osm_id":912640863,"dataset":"jiangning","kind":"waterway","name":"","highway":"","waterway":"drain","bridge":"","tunnel":"","layer":0,"width_m":4,"z_offset_m":0},"geometry":{"type":"LineString","coordinates":[[118.8138435,31.8908251],[118.8139095,31.8908372]]}},{"type":"Feature","properties":{"osm_id":912640864,"dataset":"jiangning","kind":"waterway","name":"","highway":"","waterway":"drain","bridge":"","tunnel":"","layer":0,"width_m":4,"z_offset_m":0},"geometry":{"type":"LineString","coordinates":[[118.8139095,31.8908372],[118.8140203,31.8908353]]}},{"type":"Feature","properties":{"osm_id":912640865,"dataset":"jiangning","kind":"waterway","name":"","highway":"","waterway":"drain","bridge":"","tunnel":"","layer":0,"width_m":4,"z_offset_m":0},"geometry":{"type":"LineString","coordinates":[[118.8140203,31.8908353],[118.814116,31.8908336]]}},{"type":"Feature","properties":{"osm_id":912640866,"dataset":"jiangning","kind":"waterway","name":"","highway":"","waterway":"drain","bridge":"","tunnel":"","layer":0,"width_m":4,"z_offset_m":0},"geometry":{"type":"LineString","coordinates":[[118.814116,31.8908336],[118.8141615,31.8908328],[118.8144191,31.8908144],[118.8146069,31.8908099],[118.8147525,31.8907742]]}},{"type":"Feature","properties":{"osm_id":912640867,"dataset":"jiangning","kind":"waterway","name":"","highway":"","waterway":"drain","bridge":"","tunnel":"","layer":0,"width_m":4,"z_offset_m":0},"geometry":{"type":"LineString","coordinates":[[118.8147525,31.8907742],[118.8148475,31.890751]]}},{"type":"Feature","properties":{"osm_id":912640868,"dataset":"jiangning","kind":"waterway","name":"","highway":"","waterway":"drain","bridge":"","tunnel":"","layer":0,"width_m":4,"z_offset_m":0},"geometry":{"type":"LineString","coordinates":[[118.8148475,31.890751],[118.8148858,31.8907416],[118.815036,31.8906915],[118.8153311,31.8905411],[118.8154437,31.8904364],[118.815456,31.8904065]]}},{"type":"Feature","properties":{"osm_id":912640869,"dataset":"jiangning","kind":"waterway","name":"","highway":"","waterway":"drain","bridge":"","tunnel":"","layer":0,"width_m":4,"z_offset_m":0},"geometry":{"type":"LineString","coordinates":[[118.815456,31.8904065],[118.8154806,31.8903466]]}},{"type":"Feature","properties":{"osm_id":912640870,"dataset":"jiangning","kind":"waterway","name":"","highway":"","waterway":"drain","bridge":"","tunnel":"","layer":0,"width_m":4,"z_offset_m":0},"geometry":{"type":"LineString","coordinates":[[118.8154806,31.8903466],[118.8155242,31.8902405],[118.8156154,31.8901677],[118.8156304,31.8901605]]}},{"type":"Feature","properties":{"osm_id":912640871,"dataset":"jiangning","kind":"waterway","name":"","highway":"","waterway":"drain","bridge":"","tunnel":"","layer":0,"width_m":4,"z_offset_m":0},"geometry":{"type":"LineString","coordinates":[[118.8156304,31.8901605],[118.8156949,31.8901294]]}},{"type":"Feature","properties":{"osm_id":912640872,"dataset":"jiangning","kind":"waterway","name":"","highway":"","waterway":"drain","bridge":"","tunnel":"","layer":0,"width_m":4,"z_offset_m":0},"geometry":{"type":"LineString","coordinates":[[118.8156949,31.8901294],[118.8157763,31.8900902],[118.8159335,31.8900271],[118.8160587,31.8899551],[118.8160951,31.8898454],[118.8160791,31.889741],[118.8160749,31.8897338]]}},{"type":"Feature","properties":{"osm_id":912640873,"dataset":"jiangning","kind":"waterway","name":"","highway":"","waterway":"drain","bridge":"","tunnel":"","layer":0,"width_m":4,"z_offset_m":0},"geometry":{"type":"LineString","coordinates":[[118.8160749,31.8897338],[118.8160421,31.8896773]]}},{"type":"Feature","properties":{"osm_id":912640877,"dataset":"jiangning","kind":"waterway","name":"","highway":"","waterway":"stream","bridge":"","tunnel":"","layer":0,"width_m":6,"z_offset_m":0},"geometry":{"type":"LineString","coordinates":[[118.8098469,31.8955968],[118.8101561,31.8956257],[118.8122938,31.8957886],[118.8178754,31.8961705]]}},{"type":"Feature","properties":{"osm_id":912640878,"dataset":"jiangning","kind":"waterway","name":"","highway":"","waterway":"stream","bridge":"","tunnel":"","layer":0,"width_m":6,"z_offset_m":0},"geometry":{"type":"LineString","coordinates":[[118.8178754,31.8961705],[118.8180038,31.8961792]]}},{"type":"Feature","properties":{"osm_id":912640879,"dataset":"jiangning","kind":"waterway","name":"","highway":"","waterway":"stream","bridge":"","tunnel":"","layer":0,"width_m":6,"z_offset_m":0},"geometry":{"type":"LineString","coordinates":[[118.8180038,31.8961792],[118.8183627,31.8962038],[118.8207276,31.8964083],[118.8233464,31.8965833],[118.8251982,31.8967209]]}},{"type":"Feature","properties":{"osm_id":912640880,"dataset":"jiangning","kind":"waterway","name":"","highway":"","waterway":"stream","bridge":"","tunnel":"","layer":0,"width_m":6,"z_offset_m":0},"geometry":{"type":"LineString","coordinates":[[118.8251982,31.8967209],[118.8253674,31.8967335]]}},{"type":"Feature","properties":{"osm_id":912640881,"dataset":"jiangning","kind":"waterway","name":"","highway":"","waterway":"stream","bridge":"","tunnel":"","layer":0,"width_m":6,"z_offset_m":0},"geometry":{"type":"LineString","coordinates":[[118.8254121,31.8967368],[118.8255814,31.8967494]]}},{"type":"Feature","properties":{"osm_id":912640882,"dataset":"jiangning","kind":"waterway","name":"","highway":"","waterway":"stream","bridge":"","tunnel":"","layer":0,"width_m":6,"z_offset_m":0},"geometry":{"type":"LineString","coordinates":[[118.8253674,31.8967335],[118.8254121,31.8967368]]}},{"type":"Feature","properties":{"osm_id":912640883,"dataset":"jiangning","kind":"waterway","name":"","highway":"","waterway":"stream","bridge":"","tunnel":"","layer":0,"width_m":6,"z_offset_m":0},"geometry":{"type":"LineString","coordinates":[[118.8313058,31.8971717],[118.832394,31.8972475],[118.834843,31.8974155],[118.8355211,31.8974564]]}},{"type":"Feature","properties":{"osm_id":912640884,"dataset":"jiangning","kind":"waterway","name":"","highway":"","waterway":"stream","bridge":"","tunnel":"","layer":0,"width_m":6,"z_offset_m":0},"geometry":{"type":"LineString","coordinates":[[118.8311781,31.8971627],[118.8313058,31.8971717]]}},{"type":"Feature","properties":{"osm_id":912640907,"dataset":"jiangning","kind":"waterway","name":"","highway":"","waterway":"stream","bridge":"","tunnel":"culvert","layer":-1,"width_m":6,"z_offset_m":0},"geometry":{"type":"LineString","coordinates":[[118.8355211,31.8974564],[118.8357616,31.8974712]]}},{"type":"Feature","properties":{"osm_id":912640908,"dataset":"jiangning","kind":"waterway","name":"","highway":"","waterway":"stream","bridge":"","tunnel":"","layer":0,"width_m":6,"z_offset_m":0},"geometry":{"type":"LineString","coordinates":[[118.8360118,31.8974866],[118.8362807,31.8975052]]}},{"type":"Feature","properties":{"osm_id":912640909,"dataset":"jiangning","kind":"waterway","name":"","highway":"","waterway":"stream","bridge":"","tunnel":"culvert","layer":-1,"width_m":6,"z_offset_m":0},"geometry":{"type":"LineString","coordinates":[[118.8357616,31.8974712],[118.8358887,31.897479]]}},{"type":"Feature","properties":{"osm_id":912640910,"dataset":"jiangning","kind":"waterway","name":"","highway":"","waterway":"stream","bridge":"","tunnel":"culvert","layer":-1,"width_m":6,"z_offset_m":0},"geometry":{"type":"LineString","coordinates":[[118.8358887,31.897479],[118.8360118,31.8974866]]}},{"type":"Feature","properties":{"osm_id":913042312,"dataset":"jiangning","kind":"waterway","name":"","highway":"","waterway":"lock_gate","bridge":"","tunnel":"","layer":0,"width_m":5,"z_offset_m":0},"geometry":{"type":"LineString","coordinates":[[119.0304721,32.0851925],[119.0304498,32.0851069],[119.0304295,32.0850292]]}},{"type":"Feature","properties":{"osm_id":917396463,"dataset":"jiangning","kind":"waterway","name":"","highway":"","waterway":"river","bridge":"","tunnel":"yes","layer":-1,"width_m":18,"z_offset_m":0},"geometry":{"type":"LineString","coordinates":[[118.8622051,31.9593559],[118.8625096,31.9583028],[118.8628631,31.957017],[118.8631319,31.9560999],[118.8632056,31.9556988]]}},{"type":"Feature","properties":{"osm_id":917713933,"dataset":"jiangning","kind":"waterway","name":"","highway":"","waterway":"dam","bridge":"","tunnel":"","layer":0,"width_m":5,"z_offset_m":0},"geometry":{"type":"LineString","coordinates":[[118.726944,31.8811677],[118.7272874,31.881868],[118.7278345,31.8818908],[118.7279351,31.8818885],[118.7278593,31.8817251],[118.727219,31.8804491],[118.7272029,31.88035],[118.7270741,31.8803375],[118.7270728,31.8805744],[118.7271291,31.8808078],[118.7271304,31.8809115],[118.726944,31.8811677]]}},{"type":"Feature","properties":{"osm_id":917713943,"dataset":"jiangning","kind":"waterway","name":"","highway":"","waterway":"dam","bridge":"","tunnel":"","layer":0,"width_m":5,"z_offset_m":0},"geometry":{"type":"LineString","coordinates":[[118.7127538,31.885216],[118.7130542,31.8854483],[118.7150297,31.8836104],[118.7147681,31.8834259],[118.7142424,31.8834008],[118.7128061,31.884789],[118.7127538,31.885216]]}},{"type":"Feature","properties":{"osm_id":917713947,"dataset":"jiangning","kind":"waterway","name":"","highway":"","waterway":"dam","bridge":"","tunnel":"","layer":0,"width_m":5,"z_offset_m":0},"geometry":{"type":"LineString","coordinates":[[118.7225673,31.908822],[118.7233351,31.9096075],[118.7237361,31.9098266],[118.7234451,31.910126],[118.7229931,31.9096798],[118.7223186,31.9089774],[118.7225673,31.908822]]}},{"type":"Feature","properties":{"osm_id":917713948,"dataset":"jiangning","kind":"waterway","name":"","highway":"","waterway":"dam","bridge":"","tunnel":"","layer":0,"width_m":5,"z_offset_m":0},"geometry":{"type":"LineString","coordinates":[[118.7260093,31.900565],[118.7259672,31.9003787],[118.7258779,31.9003119],[118.7253357,31.8997155],[118.7252555,31.8996539],[118.7252285,31.8995586],[118.7250695,31.899548],[118.725102,31.899661],[118.7252036,31.8997757],[118.7258577,31.900532],[118.7259194,31.9005627],[118.7260093,31.900565]]}},{"type":"Feature","properties":{"osm_id":917713953,"dataset":"jiangning","kind":"waterway","name":"","highway":"","waterway":"dam","bridge":"","tunnel":"","layer":0,"width_m":5,"z_offset_m":0},"geometry":{"type":"LineString","coordinates":[[118.7266597,31.90271],[118.7271023,31.9025426],[118.7272733,31.9025016],[118.727284,31.902669],[118.7275073,31.9041274],[118.7272488,31.904118],[118.7268991,31.9041052],[118.7268126,31.9037199],[118.7266597,31.90271]]}},{"type":"Feature","properties":{"osm_id":921314584,"dataset":"jiangning","kind":"waterway","name":"","highway":"","waterway":"stream","bridge":"","tunnel":"yes","layer":-1,"width_m":6,"z_offset_m":0},"geometry":{"type":"LineString","coordinates":[[118.9532393,32.0661013],[118.9530382,32.0667014]]}},{"type":"Feature","properties":{"osm_id":921314585,"dataset":"jiangning","kind":"waterway","name":"","highway":"","waterway":"stream","bridge":"","tunnel":"","layer":0,"width_m":6,"z_offset_m":0},"geometry":{"type":"LineString","coordinates":[[118.9547735,32.0619735],[118.9535826,32.0651649],[118.9532393,32.0661013]]}},{"type":"Feature","properties":{"osm_id":921314586,"dataset":"jiangning","kind":"waterway","name":"","highway":"","waterway":"stream","bridge":"","tunnel":"","layer":0,"width_m":6,"z_offset_m":0},"geometry":{"type":"LineString","coordinates":[[118.9530382,32.0667014],[118.9519197,32.069579],[118.9515924,32.07062],[118.9516354,32.0707972],[118.9520987,32.0713622]]}},{"type":"Feature","properties":{"osm_id":922450790,"dataset":"jiangning","kind":"waterway","name":"","highway":"","waterway":"stream","bridge":"","tunnel":"","layer":0,"width_m":6,"z_offset_m":0},"geometry":{"type":"LineString","coordinates":[[119.0575482,32.0168119],[119.0577731,32.0167344],[119.0584221,32.0165501],[119.0586622,32.0164825]]}},{"type":"Feature","properties":{"osm_id":922450836,"dataset":"jiangning","kind":"waterway","name":"向阳洞水库大坝","highway":"","waterway":"dam","bridge":"","tunnel":"","layer":0,"width_m":5,"z_offset_m":0},"geometry":{"type":"LineString","coordinates":[[119.028833,32.0077375],[119.02769,32.0065189]]}},{"type":"Feature","properties":{"osm_id":923849821,"dataset":"jiangning","kind":"waterway","name":"","highway":"","waterway":"dam","bridge":"","tunnel":"","layer":0,"width_m":5,"z_offset_m":0},"geometry":{"type":"LineString","coordinates":[[118.9929521,32.029103],[118.993734,32.0295567]]}},{"type":"Feature","properties":{"osm_id":923849825,"dataset":"jiangning","kind":"waterway","name":"","highway":"","waterway":"dam","bridge":"","tunnel":"","layer":0,"width_m":5,"z_offset_m":0},"geometry":{"type":"LineString","coordinates":[[119.0136687,32.03069],[119.0144774,32.0304024]]}},{"type":"Feature","properties":{"osm_id":923849826,"dataset":"jiangning","kind":"waterway","name":"","highway":"","waterway":"dam","bridge":"","tunnel":"","layer":0,"width_m":5,"z_offset_m":0},"geometry":{"type":"LineString","coordinates":[[119.0133409,32.0321291],[119.0144125,32.0325373]]}},{"type":"Feature","properties":{"osm_id":924094773,"dataset":"jiangning","kind":"waterway","name":"","highway":"","waterway":"stream","bridge":"","tunnel":"yes","layer":-1,"width_m":6,"z_offset_m":0},"geometry":{"type":"LineString","coordinates":[[118.9267015,32.034824],[118.926508,32.0353924]]}},{"type":"Feature","properties":{"osm_id":924094774,"dataset":"jiangning","kind":"waterway","name":"","highway":"","waterway":"stream","bridge":"","tunnel":"","layer":0,"width_m":6,"z_offset_m":0},"geometry":{"type":"LineString","coordinates":[[118.9268357,32.0344466],[118.9267015,32.034824]]}},{"type":"Feature","properties":{"osm_id":926260694,"dataset":"jiangning","kind":"waterway","name":"","highway":"","waterway":"dam","bridge":"","tunnel":"","layer":0,"width_m":5,"z_offset_m":0},"geometry":{"type":"LineString","coordinates":[[119.0373521,31.981613],[119.0373816,31.9816357],[119.0374339,31.9816249],[119.0374935,31.9814981],[119.0369792,31.9807206],[119.0368934,31.980575],[119.0367714,31.9805386],[119.0365635,31.9802906],[119.0364542,31.9803406],[119.036823,31.9808659],[119.0373521,31.981613]]}},{"type":"Feature","properties":{"osm_id":926277059,"dataset":"jiangning","kind":"waterway","name":"","highway":"","waterway":"stream","bridge":"","tunnel":"","layer":0,"width_m":6,"z_offset_m":0},"geometry":{"type":"LineString","coordinates":[[119.0788472,32.0208029],[119.0788498,32.0203594],[119.078874,32.0201638],[119.0791047,32.0197954],[119.0791315,32.0196953],[119.0790403,32.0188948],[119.0789813,32.0184491],[119.0789974,32.0183627],[119.0792334,32.0178351],[119.0796304,32.0173211],[119.079743,32.0165888],[119.0793917,32.0164228],[119.0793648,32.0163523],[119.0794507,32.0155995],[119.0794399,32.0154631],[119.0790591,32.0150469],[119.0790349,32.0149855],[119.0790242,32.0145351],[119.0789974,32.0143941],[119.0787828,32.0140394],[119.0786728,32.0139416],[119.0780801,32.0137323],[119.0780318,32.0136755],[119.0780935,32.0132843],[119.0782329,32.0126702],[119.0782785,32.0123905],[119.0782678,32.0122381],[119.0781632,32.0121835],[119.0779889,32.0121972],[119.077844,32.0123245],[119.0777528,32.0124178],[119.0775865,32.0124542],[119.0774792,32.0124132],[119.0772378,32.0121494],[119.077203,32.012063],[119.0772647,32.0118787],[119.0772781,32.0117673],[119.0771386,32.0114671],[119.0772459,32.0111782],[119.0772191,32.0109986],[119.0771466,32.0106369],[119.0770125,32.0104914],[119.076755,32.0104709],[119.0764654,32.010505],[119.0763098,32.0105846],[119.0762253,32.0105892],[119.0760443,32.0104777],[119.0759075,32.0104311],[119.0757908,32.010397],[119.0755816,32.0101821],[119.0755185,32.0101195],[119.0752369,32.0100013],[119.0750894,32.0098978],[119.0749848,32.0098364],[119.0748118,32.0098],[119.0746723,32.0097215],[119.0745302,32.0095805],[119.0740112,32.0090187]]}},{"type":"Feature","properties":{"osm_id":926277060,"dataset":"jiangning","kind":"waterway","name":"","highway":"","waterway":"stream","bridge":"","tunnel":"","layer":0,"width_m":6,"z_offset_m":0},"geometry":{"type":"LineString","coordinates":[[119.0745181,32.0089175],[119.0740112,32.0090187],[119.071852,32.0094429],[119.071455,32.0095123],[119.0713692,32.0094838]]}},{"type":"Feature","properties":{"osm_id":926277061,"dataset":"jiangning","kind":"waterway","name":"","highway":"","waterway":"stream","bridge":"","tunnel":"yes","layer":-1,"width_m":6,"z_offset_m":0},"geometry":{"type":"LineString","coordinates":[[119.0709212,32.0098227],[119.0711881,32.0095885]]}},{"type":"Feature","properties":{"osm_id":926277062,"dataset":"jiangning","kind":"waterway","name":"","highway":"","waterway":"stream","bridge":"","tunnel":"","layer":0,"width_m":6,"z_offset_m":0},"geometry":{"type":"LineString","coordinates":[[119.0709454,32.0144737],[119.0708924,32.0144425],[119.0708743,32.0143924],[119.0708622,32.0141326],[119.0708595,32.012436],[119.0708327,32.0114102],[119.0708408,32.0100956],[119.0708676,32.0099137],[119.0709212,32.0098227]]}},{"type":"Feature","properties":{"osm_id":926277063,"dataset":"jiangning","kind":"waterway","name":"","highway":"","waterway":"stream","bridge":"","tunnel":"","layer":0,"width_m":6,"z_offset_m":0},"geometry":{"type":"LineString","coordinates":[[119.0719566,32.0161453],[119.071734,32.0160714],[119.0715596,32.0160521],[119.0713719,32.0160805],[119.0711707,32.0160737],[119.0711412,32.0160259],[119.071227,32.0152857],[119.0715631,32.0150749]]}},{"type":"Feature","properties":{"osm_id":926277064,"dataset":"jiangning","kind":"waterway","name":"","highway":"","waterway":"stream","bridge":"","tunnel":"yes","layer":-1,"width_m":6,"z_offset_m":0},"geometry":{"type":"LineString","coordinates":[[119.0712351,32.0146102],[119.0709454,32.0144737]]}},{"type":"Feature","properties":{"osm_id":926277065,"dataset":"jiangning","kind":"waterway","name":"","highway":"","waterway":"stream","bridge":"","tunnel":"","layer":0,"width_m":6,"z_offset_m":0},"geometry":{"type":"LineString","coordinates":[[119.0709749,32.0173438],[119.0712431,32.0172824],[119.0713423,32.0171619],[119.0713477,32.0170482],[119.0714201,32.0170209],[119.0716052,32.0170232],[119.0717983,32.0170141],[119.0719271,32.0169436],[119.0719619,32.0167594],[119.0719941,32.0163295],[119.0719566,32.0161453],[119.0719217,32.0159975],[119.0718037,32.0158997],[119.07175,32.0157723],[119.0717742,32.0156018],[119.0718117,32.0153903],[119.0716481,32.0151856],[119.0715631,32.0150749],[119.0714577,32.0149377],[119.0713611,32.0147444],[119.0712351,32.0146102]]}},{"type":"Feature","properties":{"osm_id":926277066,"dataset":"jiangning","kind":"waterway","name":"","highway":"","waterway":"stream","bridge":"","tunnel":"yes","layer":-1,"width_m":6,"z_offset_m":0},"geometry":{"type":"LineString","coordinates":[[119.0706664,32.0176258],[119.0709749,32.0173438]]}},{"type":"Feature","properties":{"osm_id":926277067,"dataset":"jiangning","kind":"waterway","name":"","highway":"","waterway":"stream","bridge":"","tunnel":"","layer":0,"width_m":6,"z_offset_m":0},"geometry":{"type":"LineString","coordinates":[[119.0704143,32.0203412],[119.0702185,32.0203867],[119.0700924,32.0202866],[119.0699959,32.0200729],[119.0696418,32.0190358],[119.0696821,32.0189517],[119.0698725,32.018772],[119.0699932,32.0186447],[119.0706664,32.0176258]]}},{"type":"Feature","properties":{"osm_id":926277070,"dataset":"jiangning","kind":"waterway","name":"","highway":"","waterway":"stream","bridge":"","tunnel":"","layer":0,"width_m":6,"z_offset_m":0},"geometry":{"type":"LineString","coordinates":[[119.0711881,32.0095885],[119.0713692,32.0094838],[119.0708193,32.0075437],[119.0704195,32.0061812],[119.0702366,32.0056474],[119.0697929,32.004402],[119.0693426,32.0031629],[119.069026,32.0022932],[119.0688827,32.0019576],[119.0684418,32.0008246],[119.0682953,32.000467],[119.0681404,32.000095],[119.0681022,31.9999013],[119.0680569,31.9995312],[119.0680537,31.9994601],[119.0682524,31.999328],[119.0694058,31.9981361],[119.0690947,31.9972763],[119.0689284,31.9962959],[119.0689337,31.9959865],[119.0688774,31.9956931],[119.0689364,31.9954656],[119.0689847,31.9950584],[119.0690893,31.9948173],[119.0691081,31.9946444],[119.0690652,31.9945307],[119.0688211,31.9943282],[119.0685475,31.9941576],[119.0683436,31.9941621],[119.0681827,31.994219],[119.0680486,31.9944488],[119.0679252,31.9945443],[119.0677562,31.9945602],[119.0675712,31.9944965],[119.0673995,31.9944283],[119.0671474,31.9941621],[119.0669435,31.9939915],[119.0667236,31.993896],[119.0665358,31.993896],[119.0663534,31.9938823],[119.0662381,31.9938005],[119.0661737,31.9936389],[119.0660235,31.9933523],[119.0659189,31.9933068],[119.0656292,31.9933205],[119.0654361,31.9932818],[119.0653637,31.9932158],[119.0653637,31.9930793],[119.0653342,31.992936],[119.0652484,31.9928564],[119.0651357,31.9928837],[119.0650713,31.9929883],[119.0649962,31.9931635],[119.0647817,31.9933],[119.0645644,31.9933364],[119.0644383,31.9932909],[119.0643284,31.9930748],[119.0642801,31.992861],[119.0642989,31.9925288],[119.0642801,31.9921876],[119.0643471,31.9919351],[119.0645027,31.9917508],[119.0647092,31.9916166],[119.0650043,31.991512],[119.0651733,31.9913869],[119.0652081,31.9912322],[119.0651733,31.991057],[119.0651277,31.9909569],[119.0651196,31.9908295],[119.0652376,31.9906839],[119.0655112,31.990527],[119.0657526,31.990329],[119.0658116,31.9902017],[119.0658009,31.9900265],[119.0656963,31.9897308],[119.0654576,31.9894623],[119.0652966,31.9892371],[119.0651733,31.9888617],[119.0650821,31.9883112],[119.0650284,31.9877993],[119.0649024,31.9874581],[119.0649319,31.9873808],[119.065184,31.9871828],[119.0655971,31.9866232],[119.0655944,31.9865117],[119.0655059,31.9863047],[119.0652913,31.9860658],[119.0651652,31.9858724],[119.0649587,31.9857541],[119.0645778,31.9856563],[119.064146,31.9856313],[119.0638,31.9853719],[119.0633789,31.9852104],[119.0632743,31.9850739],[119.0632367,31.9848487],[119.0632313,31.9846439],[119.0631616,31.984562],[119.0626815,31.9844528],[119.0626064,31.9843778],[119.0625903,31.9842845],[119.0626574,31.9841958],[119.0626788,31.9840911],[119.0626037,31.9840479],[119.0623811,31.9840365],[119.0621022,31.9840538]]}},{"type":"Feature","properties":{"osm_id":926277085,"dataset":"jiangning","kind":"waterway","name":"","highway":"","waterway":"drain","bridge":"","tunnel":"","layer":0,"width_m":4,"z_offset_m":0},"geometry":{"type":"LineString","coordinates":[[119.0820269,31.9928928],[119.0818217,31.9926176],[119.0813376,31.9924185],[119.0811834,31.9922968],[119.0810466,31.9922422],[119.0807153,31.9921876],[119.0802298,31.9922069],[119.0798584,31.9921853],[119.0796277,31.9920989],[119.0794426,31.9918634],[119.0783241,31.9901562],[119.0782168,31.9900606],[119.0779352,31.9897831],[119.0778735,31.9896557],[119.0778708,31.9893622],[119.0776589,31.9886138],[119.0775329,31.9884796],[119.0774336,31.9881815],[119.0767926,31.9866482],[119.076004,31.984628],[119.0757251,31.9832311],[119.0757143,31.9828853],[119.0756661,31.9827124],[119.0755534,31.9824667],[119.0755427,31.9821573],[119.0756231,31.9819025],[119.0755829,31.9815453],[119.0755051,31.9813269],[119.0753804,31.9812052],[119.0752557,31.9810516],[119.0752047,31.9808468],[119.0752181,31.9804282],[119.0751672,31.9797434],[119.0750492,31.9794044],[119.075084,31.9791109],[119.0753415,31.9788379],[119.0756285,31.9785945],[119.0754837,31.9780871],[119.0753549,31.9780052],[119.0753603,31.9778937],[119.07543,31.9775683],[119.0754944,31.9775365],[119.0756392,31.9775092],[119.0756661,31.97745],[119.0756285,31.9772908],[119.075532,31.9771565],[119.0754569,31.9771474],[119.0751994,31.9772316],[119.075084,31.9772475],[119.0749848,31.9772089],[119.0747729,31.9769859],[119.0747327,31.9768448],[119.0747595,31.9767242],[119.074907,31.9766037],[119.074958,31.9764558],[119.0750277,31.9761031],[119.0749767,31.9757641],[119.0749472,31.9754524],[119.0749633,31.9752908],[119.0750116,31.9752385],[119.0752718,31.975077],[119.0755092,31.9748506],[119.0755159,31.9747732],[119.0753831,31.9746151],[119.0751846,31.9745298],[119.0750264,31.974565],[119.0748426,31.9745684],[119.0745476,31.974449],[119.0739951,31.9743421],[119.0736839,31.9741987],[119.0734264,31.9740167],[119.0731743,31.9737914],[119.0731394,31.9735298],[119.0731314,31.973036],[119.0730429,31.9728426],[119.0729839,31.9726242],[119.0730911,31.9725195],[119.073346,31.9723398],[119.0732896,31.9721851],[119.0730536,31.9720622],[119.0728337,31.9720577],[119.0727425,31.9718233],[119.0727264,31.9716913],[119.0725279,31.9716777],[119.0724447,31.9716117],[119.0724447,31.9714501],[119.0723026,31.9712727],[119.0722141,31.971102],[119.0722033,31.9709837]]}},{"type":"Feature","properties":{"osm_id":928414880,"dataset":"jiangning","kind":"waterway","name":"梁台河","highway":"","waterway":"river","bridge":"","tunnel":"","layer":0,"width_m":18,"z_offset_m":0},"geometry":{"type":"LineString","coordinates":[[118.9849949,31.8952712],[118.9842027,31.8915392],[118.9838031,31.8897948],[118.9831835,31.8869867],[118.9825827,31.8840533],[118.9819175,31.8805778],[118.9818995,31.8804939],[118.9811933,31.8768151],[118.9806086,31.8736445],[118.980276,31.8719863],[118.9800185,31.8714077],[118.9799488,31.8709567],[118.9800936,31.8701504],[118.9803725,31.8685558],[118.9805925,31.8680547],[118.9811021,31.8674533],[118.9826615,31.8655212]]}},{"type":"Feature","properties":{"osm_id":964466835,"dataset":"jiangning","kind":"waterway","name":"","highway":"","waterway":"stream","bridge":"","tunnel":"","layer":0,"width_m":6,"z_offset_m":0},"geometry":{"type":"LineString","coordinates":[[118.952926,32.0972908],[118.9528676,32.0962149]]}},{"type":"Feature","properties":{"osm_id":964466836,"dataset":"jiangning","kind":"waterway","name":"","highway":"","waterway":"stream","bridge":"","tunnel":"culvert","layer":-1,"width_m":6,"z_offset_m":0},"geometry":{"type":"LineString","coordinates":[[118.9528676,32.0962149],[118.952895,32.0958147]]}},{"type":"Feature","properties":{"osm_id":972871836,"dataset":"jiangning","kind":"waterway","name":"","highway":"","waterway":"stream","bridge":"","tunnel":"","layer":0,"width_m":6,"z_offset_m":0},"geometry":{"type":"LineString","coordinates":[[118.8528454,31.7722046],[118.852833,31.7724609],[118.8523287,31.7748962],[118.8520176,31.7754982],[118.8516314,31.7760181],[118.8515778,31.7761977]]}},{"type":"Feature","properties":{"osm_id":972871837,"dataset":"jiangning","kind":"waterway","name":"","highway":"","waterway":"stream","bridge":"","tunnel":"culvert","layer":-1,"width_m":6,"z_offset_m":0},"geometry":{"type":"LineString","coordinates":[[118.8486705,31.7768113],[118.8482306,31.7769208]]}},{"type":"Feature","properties":{"osm_id":972871838,"dataset":"jiangning","kind":"waterway","name":"","highway":"","waterway":"stream","bridge":"","tunnel":"","layer":0,"width_m":6,"z_offset_m":0},"geometry":{"type":"LineString","coordinates":[[118.8515465,31.7763024],[118.851449,31.7766292],[118.8513739,31.7770578],[118.8509662,31.7771855],[118.850301,31.7774409],[118.8496894,31.7773953],[118.8491637,31.7769575],[118.8488097,31.7768663],[118.8486705,31.7768113]]}},{"type":"Feature","properties":{"osm_id":972871839,"dataset":"jiangning","kind":"waterway","name":"","highway":"","waterway":"stream","bridge":"","tunnel":"culvert","layer":-1,"width_m":6,"z_offset_m":0},"geometry":{"type":"LineString","coordinates":[[118.8515778,31.7761977],[118.8515465,31.7763024]]}},{"type":"Feature","properties":{"osm_id":972871840,"dataset":"jiangning","kind":"waterway","name":"","highway":"","waterway":"stream","bridge":"","tunnel":"","layer":0,"width_m":6,"z_offset_m":0},"geometry":{"type":"LineString","coordinates":[[118.8528546,31.7720597],[118.8528502,31.7721035]]}},{"type":"Feature","properties":{"osm_id":972871841,"dataset":"jiangning","kind":"waterway","name":"","highway":"","waterway":"stream","bridge":"","tunnel":"culvert","layer":-1,"width_m":6,"z_offset_m":0},"geometry":{"type":"LineString","coordinates":[[118.8528502,31.7721035],[118.8528454,31.7722046]]}},{"type":"Feature","properties":{"osm_id":972871843,"dataset":"jiangning","kind":"waterway","name":"","highway":"","waterway":"stream","bridge":"","tunnel":"","layer":0,"width_m":6,"z_offset_m":0},"geometry":{"type":"LineString","coordinates":[[118.8598565,31.7716617],[118.8594753,31.7715947],[118.8587672,31.7715035],[118.8578231,31.7713575],[118.8567502,31.7710474],[118.8561709,31.7707738]]}},{"type":"Feature","properties":{"osm_id":972871844,"dataset":"jiangning","kind":"waterway","name":"","highway":"","waterway":"stream","bridge":"","tunnel":"culvert","layer":-1,"width_m":6,"z_offset_m":0},"geometry":{"type":"LineString","coordinates":[[118.8599709,31.7716818],[118.8598565,31.7716617]]}},{"type":"Feature","properties":{"osm_id":972871845,"dataset":"jiangning","kind":"waterway","name":"","highway":"","waterway":"stream","bridge":"","tunnel":"","layer":0,"width_m":6,"z_offset_m":0},"geometry":{"type":"LineString","coordinates":[[118.8604624,31.7698981],[118.8602049,31.7708832],[118.8600976,31.7717041],[118.8599709,31.7716818]]}},{"type":"Feature","properties":{"osm_id":972871846,"dataset":"jiangning","kind":"waterway","name":"","highway":"","waterway":"stream","bridge":"","tunnel":"culvert","layer":-1,"width_m":6,"z_offset_m":0},"geometry":{"type":"LineString","coordinates":[[118.8611276,31.7692232],[118.8604624,31.7698981]]}},{"type":"Feature","properties":{"osm_id":972871847,"dataset":"jiangning","kind":"waterway","name":"","highway":"","waterway":"stream","bridge":"","tunnel":"","layer":0,"width_m":6,"z_offset_m":0},"geometry":{"type":"LineString","coordinates":[[118.8628677,31.7681817],[118.8622863,31.7685482],[118.8611276,31.7692232]]}},{"type":"Feature","properties":{"osm_id":972871848,"dataset":"jiangning","kind":"waterway","name":"","highway":"","waterway":"stream","bridge":"","tunnel":"culvert","layer":-1,"width_m":6,"z_offset_m":0},"geometry":{"type":"LineString","coordinates":[[118.8629617,31.7681224],[118.8628677,31.7681817]]}},{"type":"Feature","properties":{"osm_id":972871850,"dataset":"jiangning","kind":"waterway","name":"","highway":"","waterway":"stream","bridge":"","tunnel":"","layer":0,"width_m":6,"z_offset_m":0},"geometry":{"type":"LineString","coordinates":[[118.8660628,31.763367],[118.865462,31.7651002],[118.8652194,31.7656985]]}},{"type":"Feature","properties":{"osm_id":972871851,"dataset":"jiangning","kind":"waterway","name":"","highway":"","waterway":"stream","bridge":"","tunnel":"culvert","layer":-1,"width_m":6,"z_offset_m":0},"geometry":{"type":"LineString","coordinates":[[118.8652194,31.7656985],[118.8651778,31.7658009]]}},{"type":"Feature","properties":{"osm_id":972871852,"dataset":"jiangning","kind":"waterway","name":"禄口","highway":"","waterway":"stream","bridge":"","tunnel":"","layer":0,"width_m":6,"z_offset_m":0},"geometry":{"type":"LineString","coordinates":[[118.842818,31.7521615],[118.8443002,31.7541489],[118.8455065,31.7552476],[118.8471373,31.7563423],[118.8483819,31.7566708],[118.8497122,31.7567802],[118.8515555,31.7571086],[118.853315,31.7581669],[118.8540875,31.7588967],[118.8546454,31.7594805],[118.8567911,31.7595535],[118.858894,31.7591886],[118.8608466,31.7595115],[118.8614689,31.7599913],[118.8630139,31.7609036],[118.8652454,31.7619253],[118.8659106,31.7625036],[118.8660628,31.763367],[118.8681208,31.7639686],[118.8686787,31.7660484],[118.8692817,31.7663485]]}},{"type":"Feature","properties":{"osm_id":972871853,"dataset":"jiangning","kind":"waterway","name":"禄口","highway":"","waterway":"stream","bridge":"","tunnel":"culvert","layer":-1,"width_m":6,"z_offset_m":0},"geometry":{"type":"LineString","coordinates":[[118.8692817,31.7663485],[118.8693822,31.7663985]]}},{"type":"Feature","properties":{"osm_id":974364751,"dataset":"jiangning","kind":"waterway","name":"","highway":"","waterway":"canal","bridge":"","tunnel":"","layer":0,"width_m":12,"z_offset_m":0},"geometry":{"type":"LineString","coordinates":[[118.8233136,31.8563817],[118.8243324,31.855457],[118.8315234,31.8549689]]}},{"type":"Feature","properties":{"osm_id":974364758,"dataset":"jiangning","kind":"waterway","name":"","highway":"","waterway":"drain","bridge":"","tunnel":"","layer":0,"width_m":4,"z_offset_m":0},"geometry":{"type":"LineString","coordinates":[[118.8781375,31.9160673],[118.8779957,31.9161134],[118.8765067,31.9165978],[118.8763216,31.9166593],[118.8760561,31.9166821],[118.8753346,31.9166547],[118.8731673,31.9165363],[118.8730922,31.9165864],[118.8728253,31.9165672],[118.8726175,31.9165523],[118.8725263,31.9165068],[118.8711637,31.9164134],[118.8708553,31.9164248],[118.87052,31.9164726],[118.8697046,31.9167344],[118.8696617,31.9169758],[118.8695571,31.9170034],[118.8690501,31.9171374],[118.8688785,31.9168528],[118.8686961,31.9166843],[118.8682991,31.9162654],[118.8679478,31.9159626],[118.8674274,31.9156462],[118.8671431,31.9154025],[118.8654774,31.9141959],[118.8652829,31.914042],[118.8651614,31.9139458],[118.864485,31.9134104],[118.8642222,31.9132669],[118.8621783,31.9125589],[118.8619906,31.9124678],[118.8616392,31.9122583],[118.8610759,31.9118121],[118.8603671,31.9111761],[118.8582489,31.9092756],[118.8580799,31.9090525],[118.8579592,31.9087793],[118.8579565,31.9084651],[118.8581872,31.9063976],[118.8582006,31.9062496],[118.8581265,31.9061834],[118.8580504,31.9061153],[118.855682,31.9056371],[118.8556124,31.9056542],[118.8551618,31.9057648],[118.8549954,31.9058056],[118.8545179,31.9060697],[118.8539278,31.9064022],[118.8534021,31.906598],[118.850382,31.9076545],[118.8485956,31.9082647],[118.8481075,31.9086199],[118.8468338,31.9092779]]}},{"type":"Feature","properties":{"osm_id":975678717,"dataset":"jiangning","kind":"waterway","name":"","highway":"unclassified","waterway":"dam","bridge":"","tunnel":"","layer":0,"width_m":6,"z_offset_m":0},"geometry":{"type":"LineString","coordinates":[[118.8191334,31.6451468],[118.8173055,31.6450638]]}},{"type":"Feature","properties":{"osm_id":989909863,"dataset":"jiangning","kind":"waterway","name":"三干河","highway":"","waterway":"canal","bridge":"","tunnel":"","layer":0,"width_m":12,"z_offset_m":0},"geometry":{"type":"LineString","coordinates":[[118.9183867,31.6898095],[118.9185423,31.6910967],[118.9187239,31.691471],[118.9187975,31.6916183],[118.9188807,31.6917618],[118.9189735,31.691901],[118.9190753,31.6920355],[118.919186,31.6921649],[118.9193004,31.692284],[118.9194222,31.6923977],[118.9195512,31.6925055],[118.9196869,31.6926072],[118.9198289,31.6927024],[118.9199768,31.6927909],[118.9205861,31.6931097],[118.9209831,31.6932193],[118.9214712,31.6932968],[118.9246201,31.6937487],[118.9362395,31.6950861],[118.9364126,31.6951066],[118.9365842,31.6951349],[118.9367538,31.6951706],[118.936921,31.6952139],[118.9370853,31.6952645],[118.9372463,31.6953224],[118.9374036,31.6953873],[118.9375738,31.6954678],[118.9377382,31.6955565],[118.9378963,31.6956533],[118.9380475,31.6957576],[118.9381914,31.6958693],[118.9383274,31.6959879],[118.938455,31.6961131],[118.9430912,31.7021936]]}},{"type":"Feature","properties":{"osm_id":995649771,"dataset":"jiangning","kind":"waterway","name":"","highway":"","waterway":"stream","bridge":"","tunnel":"","layer":0,"width_m":6,"z_offset_m":0},"geometry":{"type":"LineString","coordinates":[[118.8252004,31.8889925],[118.8252555,31.8889943]]}},{"type":"Feature","properties":{"osm_id":995649772,"dataset":"jiangning","kind":"waterway","name":"","highway":"","waterway":"stream","bridge":"","tunnel":"culvert","layer":-1,"width_m":6,"z_offset_m":0},"geometry":{"type":"LineString","coordinates":[[118.8252555,31.8889943],[118.8258401,31.8890303]]}},{"type":"Feature","properties":{"osm_id":995649773,"dataset":"jiangning","kind":"waterway","name":"","highway":"","waterway":"stream","bridge":"","tunnel":"","layer":0,"width_m":6,"z_offset_m":0},"geometry":{"type":"LineString","coordinates":[[118.8259236,31.8890351],[118.8259214,31.8891215]]}},{"type":"Feature","properties":{"osm_id":995649774,"dataset":"jiangning","kind":"waterway","name":"","highway":"","waterway":"stream","bridge":"","tunnel":"culvert","layer":-1,"width_m":6,"z_offset_m":0},"geometry":{"type":"LineString","coordinates":[[118.8259214,31.8891215],[118.825915,31.8893764]]}},{"type":"Feature","properties":{"osm_id":1000790212,"dataset":"jiangning","kind":"waterway","name":"","highway":"","waterway":"stream","bridge":"","tunnel":"culvert","layer":-1,"width_m":6,"z_offset_m":0},"geometry":{"type":"LineString","coordinates":[[118.827995,31.8207766],[118.827737,31.8196147],[118.8273404,31.8176209],[118.8273796,31.8172521],[118.8269881,31.8147268],[118.8266324,31.814544],[118.826355,31.8129581],[118.8261993,31.8105201]]}},{"type":"Feature","properties":{"osm_id":1000790213,"dataset":"jiangning","kind":"waterway","name":"","highway":"","waterway":"stream","bridge":"","tunnel":"","layer":0,"width_m":6,"z_offset_m":0},"geometry":{"type":"LineString","coordinates":[[118.8261993,31.8105201],[118.826053,31.8080662],[118.8258079,31.8053085],[118.8258079,31.8052082]]}},{"type":"Feature","properties":{"osm_id":1000790231,"dataset":"jiangning","kind":"waterway","name":"","highway":"","waterway":"stream","bridge":"","tunnel":"","layer":0,"width_m":6,"z_offset_m":0},"geometry":{"type":"LineString","coordinates":[[118.8300029,31.8274644],[118.8290909,31.8247092],[118.8283184,31.8223573],[118.827995,31.8207766]]}},{"type":"Feature","properties":{"osm_id":1000790232,"dataset":"jiangning","kind":"waterway","name":"","highway":"","waterway":"stream","bridge":"","tunnel":"culvert","layer":-1,"width_m":6,"z_offset_m":0},"geometry":{"type":"LineString","coordinates":[[118.8301225,31.8278258],[118.8300029,31.8274644]]}},{"type":"Feature","properties":{"osm_id":1011091336,"dataset":"jiangning","kind":"waterway","name":"秦淮河","highway":"","waterway":"river","bridge":"","tunnel":"","layer":0,"width_m":18,"z_offset_m":0},"geometry":{"type":"LineString","coordinates":[[118.8601402,31.8674762],[118.8591456,31.8701545],[118.8571012,31.8730036],[118.8550305,31.8747529],[118.8534134,31.8755067]]}},{"type":"Feature","properties":{"osm_id":1011091337,"dataset":"jiangning","kind":"waterway","name":"秣陵新河","highway":"","waterway":"river","bridge":"","tunnel":"","layer":0,"width_m":18,"z_offset_m":0},"geometry":{"type":"LineString","coordinates":[[118.838012,31.8755071],[118.8401276,31.8765272],[118.8417591,31.8774864],[118.8451119,31.8776082],[118.8464207,31.8775321],[118.8471199,31.876375],[118.8480343,31.8747611],[118.8489846,31.8742739],[118.8505803,31.8745327],[118.8523552,31.8750808],[118.8534134,31.8755067]]}},{"type":"Feature","properties":{"osm_id":1022254330,"dataset":"jiangning","kind":"waterway","name":"","highway":"","waterway":"canal","bridge":"","tunnel":"","layer":0,"width_m":12,"z_offset_m":0},"geometry":{"type":"LineString","coordinates":[[118.8319376,31.8549408],[118.8353203,31.8547324]]}},{"type":"Feature","properties":{"osm_id":1022254331,"dataset":"jiangning","kind":"waterway","name":"","highway":"","waterway":"canal","bridge":"","tunnel":"culvert","layer":-1,"width_m":12,"z_offset_m":0},"geometry":{"type":"LineString","coordinates":[[118.8315234,31.8549689],[118.831796,31.8549504]]}},{"type":"Feature","properties":{"osm_id":1027567009,"dataset":"jiangning","kind":"waterway","name":"","highway":"","waterway":"drain","bridge":"","tunnel":"","layer":0,"width_m":4,"z_offset_m":0},"geometry":{"type":"LineString","coordinates":[[119.0663655,32.0506539],[119.0660718,32.0506209],[119.065711,32.0505652],[119.0654066,32.0505334],[119.0652521,32.0505034]]}},{"type":"Feature","properties":{"osm_id":1046101479,"dataset":"jiangning","kind":"waterway","name":"","highway":"","waterway":"river","bridge":"","tunnel":"","layer":0,"width_m":18,"z_offset_m":0},"geometry":{"type":"LineString","coordinates":[[118.753534,31.8114111],[118.7542283,31.8109991],[118.7544378,31.8109117],[118.7545949,31.8108886],[118.7547462,31.8108689],[118.7548606,31.8108392],[118.7557062,31.8105013],[118.7557935,31.8104997],[118.7559079,31.8105359],[118.7559991,31.8106167],[118.7560786,31.8106876],[118.7561542,31.8107271],[118.7562803,31.8107502],[118.756385,31.8107683],[118.7564781,31.8107601],[118.7565712,31.8107387],[118.7566391,31.8107041],[118.7567942,31.8105557]]}},{"type":"Feature","properties":{"osm_id":1046101507,"dataset":"jiangning","kind":"waterway","name":"","highway":"","waterway":"river","bridge":"","tunnel":"","layer":0,"width_m":18,"z_offset_m":0},"geometry":{"type":"LineString","coordinates":[[118.7407036,31.8174518],[118.7471746,31.8187268],[118.7487928,31.8193096],[118.7491732,31.8189752],[118.7491838,31.8184405],[118.7499605,31.8182259],[118.7508644,31.8185812],[118.7512135,31.8185113],[118.751246,31.818314],[118.7514013,31.8173716],[118.7515267,31.8170632],[118.7515993,31.8167996],[118.7516191,31.8165753],[118.7516652,31.8163959],[118.7517708,31.8162389],[118.7518368,31.816037],[118.7518038,31.8158351],[118.7516388,31.8156781],[118.7516191,31.8155211],[118.7516652,31.8153584],[118.7517246,31.815207],[118.7517246,31.815078],[118.7517312,31.8149098],[118.7518632,31.814764],[118.7522582,31.8145884]]}},{"type":"Feature","properties":{"osm_id":1056931933,"dataset":"jiangning","kind":"waterway","name":"","highway":"","waterway":"drain","bridge":"","tunnel":"","layer":0,"width_m":4,"z_offset_m":0},"geometry":{"type":"LineString","coordinates":[[118.8079154,31.8885572],[118.807122,31.8885183]]}},{"type":"Feature","properties":{"osm_id":1056931935,"dataset":"jiangning","kind":"waterway","name":"","highway":"","waterway":"drain","bridge":"","tunnel":"culvert","layer":-1,"width_m":4,"z_offset_m":0},"geometry":{"type":"LineString","coordinates":[[118.807122,31.8885183],[118.8069756,31.888513]]}},{"type":"Feature","properties":{"osm_id":1056931938,"dataset":"jiangning","kind":"waterway","name":"","highway":"","waterway":"drain","bridge":"","tunnel":"","layer":0,"width_m":4,"z_offset_m":0},"geometry":{"type":"LineString","coordinates":[[118.8079196,31.888481],[118.8079154,31.8885572]]}},{"type":"Feature","properties":{"osm_id":1060935827,"dataset":"jiangning","kind":"waterway","name":"","highway":"","waterway":"river","bridge":"","tunnel":"","layer":0,"width_m":18,"z_offset_m":0},"geometry":{"type":"LineString","coordinates":[[118.7351272,31.8115764],[118.7359663,31.8116857],[118.7366346,31.8116789],[118.7371068,31.8115967],[118.7382012,31.8111256],[118.7387852,31.8109993],[118.7397857,31.810044],[118.7400921,31.8097514],[118.7401833,31.8096328],[118.7400984,31.8092596],[118.7404435,31.808992],[118.740522,31.8088087],[118.7416126,31.8083322],[118.7416278,31.8075568],[118.7418386,31.8074728],[118.743103,31.8069687],[118.7435035,31.8070709],[118.7439375,31.8070572],[118.7447104,31.8070669],[118.7450596,31.8073863],[118.7454585,31.8074641],[118.745603,31.8071821],[118.7456583,31.8070742],[118.7457852,31.8068265],[118.7461134,31.8061859],[118.7462635,31.8061371],[118.7502187,31.8054438],[118.7504939,31.8053083]]}},{"type":"Feature","properties":{"osm_id":1060935829,"dataset":"jiangning","kind":"waterway","name":"解溪河","highway":"","waterway":"drain","bridge":"","tunnel":"","layer":0,"width_m":4,"z_offset_m":0},"geometry":{"type":"LineString","coordinates":[[118.9382835,31.9987465],[118.9382759,31.9987442],[118.9376105,31.9983247],[118.9375462,31.9982148],[118.9382189,31.9964859],[118.9385752,31.9962796],[118.9385632,31.9961109],[118.9375558,31.9945087],[118.937212,31.9936789],[118.9371141,31.9934323],[118.9361324,31.9925022],[118.9356106,31.9916381],[118.9350293,31.9907529],[118.9346198,31.9903624],[118.9342592,31.9901539],[118.933584,31.9898708],[118.9332566,31.9896781],[118.9328202,31.9891033],[118.9321234,31.9881491],[118.9318747,31.9877604],[118.9317273,31.9870674],[118.9312954,31.9857608],[118.9310026,31.9840048],[118.9303326,31.9831715],[118.929976,31.9829134],[118.9295793,31.9822665],[118.9292458,31.9815421],[118.9289981,31.9812016],[118.9280357,31.9808446],[118.9254599,31.9789673]]}},{"type":"Feature","properties":{"osm_id":1061614675,"dataset":"jiangning","kind":"waterway","name":"","highway":"","waterway":"river","bridge":"","tunnel":"","layer":0,"width_m":18,"z_offset_m":0},"geometry":{"type":"LineString","coordinates":[[118.7652111,31.8150942],[118.7668026,31.8144716],[118.7669583,31.8142129],[118.7664911,31.8135753],[118.7660877,31.8135152],[118.7659886,31.8127874],[118.7665265,31.8128475],[118.7664274,31.8120776],[118.7670372,31.8118846]]}},{"type":"Feature","properties":{"osm_id":1061614676,"dataset":"jiangning","kind":"waterway","name":"","highway":"","waterway":"river","bridge":"","tunnel":"","layer":0,"width_m":18,"z_offset_m":0},"geometry":{"type":"LineString","coordinates":[[118.738729,31.8517166],[118.7393052,31.8502554],[118.7396626,31.8494127],[118.7403466,31.8484234],[118.7411127,31.8484852],[118.7413958,31.8479621],[118.7427336,31.8465912],[118.7431542,31.8459707],[118.7440602,31.8456057],[118.7443311,31.8450186],[118.7452539,31.8449254],[118.7458494,31.845053],[118.746536,31.844857],[118.7467238,31.8454175],[118.7470457,31.8456499],[118.7475928,31.8454995],[118.7486496,31.8447795],[118.7495995,31.8450615],[118.7505463,31.8437699],[118.7512857,31.842189],[118.7513836,31.8418126],[118.7515096,31.8412805],[118.7516928,31.8411737],[118.7518564,31.8411601],[118.7519722,31.8410891],[118.752146,31.8403816],[118.7522185,31.8402782],[118.7522614,31.840211],[118.7522601,31.8401506],[118.7522049,31.8400516],[118.7521063,31.8399727],[118.752019,31.8398937],[118.7519999,31.8398573],[118.7519948,31.8398084],[118.7520114,31.8397535],[118.7520394,31.839712],[118.752083,31.8396636],[118.7521423,31.8396336],[118.7529741,31.8396972],[118.7542805,31.8389748],[118.7543828,31.8379805],[118.7547255,31.8379103]]}},{"type":"Feature","properties":{"osm_id":1069243094,"dataset":"jiangning","kind":"waterway","name":"","highway":"","waterway":"river","bridge":"","tunnel":"","layer":0,"width_m":18,"z_offset_m":0},"geometry":{"type":"LineString","coordinates":[[118.9664455,31.8886256],[118.9665597,31.8889472],[118.9670423,31.8894098],[118.9672252,31.8895199],[118.9692154,31.8899713],[118.9694506,31.8900043],[118.9696625,31.8899929],[118.9698932,31.8899223],[118.9713677,31.8895401],[118.972989,31.8892213],[118.9733943,31.8890442],[118.9737758,31.888776],[118.9746043,31.887779],[118.9755699,31.8867212],[118.9761957,31.885876],[118.9763924,31.8853092],[118.9767798,31.8845652],[118.9773878,31.8834517],[118.9777633,31.8831987],[118.9782938,31.8828545],[118.9787825,31.8825205],[118.979313,31.8821257],[118.9806541,31.8813311],[118.9818995,31.8804939]]}},{"type":"Feature","properties":{"osm_id":1093704477,"dataset":"jiangning","kind":"waterway","name":"","highway":"","waterway":"canal","bridge":"","tunnel":"","layer":0,"width_m":12,"z_offset_m":0},"geometry":{"type":"LineString","coordinates":[[118.9530027,32.0712042],[118.952895,32.0710577]]}},{"type":"Feature","properties":{"osm_id":1093704478,"dataset":"jiangning","kind":"waterway","name":"","highway":"","waterway":"canal","bridge":"","tunnel":"culvert","layer":-1,"width_m":12,"z_offset_m":0},"geometry":{"type":"LineString","coordinates":[[118.9530706,32.0712965],[118.9530027,32.0712042]]}},{"type":"Feature","properties":{"osm_id":1093704479,"dataset":"jiangning","kind":"waterway","name":"","highway":"","waterway":"stream","bridge":"","tunnel":"culvert","layer":-1,"width_m":6,"z_offset_m":0},"geometry":{"type":"LineString","coordinates":[[118.9528973,32.0869564],[118.952295,32.0834805],[118.9522897,32.0831351],[118.9524749,32.0811412]]}},{"type":"Feature","properties":{"osm_id":1113749186,"dataset":"jiangning","kind":"waterway","name":"","highway":"","waterway":"stream","bridge":"","tunnel":"culvert","layer":-1,"width_m":6,"z_offset_m":0},"geometry":{"type":"LineString","coordinates":[[118.9245626,32.0473649],[118.9245488,32.047048]]}},{"type":"Feature","properties":{"osm_id":1113749187,"dataset":"jiangning","kind":"waterway","name":"","highway":"","waterway":"stream","bridge":"","tunnel":"","layer":0,"width_m":6,"z_offset_m":0},"geometry":{"type":"LineString","coordinates":[[118.9246064,32.0487927],[118.9245768,32.0481435],[118.9245626,32.0473649]]}},{"type":"Feature","properties":{"osm_id":1115777331,"dataset":"jiangning","kind":"waterway","name":"牛首山河","highway":"","waterway":"river","bridge":"","tunnel":"","layer":0,"width_m":18,"z_offset_m":0},"geometry":{"type":"LineString","coordinates":[[118.7692641,31.8961966],[118.770703,31.8946921],[118.7709949,31.8944276],[118.7713403,31.8941494],[118.7721151,31.8934932]]}},{"type":"Feature","properties":{"osm_id":1115777332,"dataset":"jiangning","kind":"waterway","name":"牛首山河","highway":"","waterway":"river","bridge":"","tunnel":"culvert","layer":-1,"width_m":18,"z_offset_m":0},"geometry":{"type":"LineString","coordinates":[[118.7690835,31.8963739],[118.7692641,31.8961966]]}},{"type":"Feature","properties":{"osm_id":1115777352,"dataset":"jiangning","kind":"waterway","name":"牛首山河","highway":"","waterway":"river","bridge":"","tunnel":"culvert","layer":-1,"width_m":18,"z_offset_m":0},"geometry":{"type":"LineString","coordinates":[[118.7721151,31.8934932],[118.7722814,31.8933429]]}},{"type":"Feature","properties":{"osm_id":1115777353,"dataset":"jiangning","kind":"waterway","name":"牛首山河","highway":"","waterway":"river","bridge":"","tunnel":"","layer":0,"width_m":18,"z_offset_m":0},"geometry":{"type":"LineString","coordinates":[[118.7565991,31.9078526],[118.7566785,31.907865],[118.7562016,31.9092344],[118.7563965,31.9094608],[118.7636668,31.9104239],[118.7650715,31.9064918],[118.7613528,31.9055021]]}},{"type":"Feature","properties":{"osm_id":1147357615,"dataset":"jiangning","kind":"waterway","name":"","highway":"","waterway":"canal","bridge":"","tunnel":"culvert","layer":-1,"width_m":12,"z_offset_m":0},"geometry":{"type":"LineString","coordinates":[[118.8246777,31.9418617],[118.8246629,31.941679]]}},{"type":"Feature","properties":{"osm_id":1147357616,"dataset":"jiangning","kind":"waterway","name":"","highway":"","waterway":"canal","bridge":"","tunnel":"","layer":0,"width_m":12,"z_offset_m":0},"geometry":{"type":"LineString","coordinates":[[118.8246868,31.9419742],[118.8246777,31.9418617]]}},{"type":"Feature","properties":{"osm_id":1147357617,"dataset":"jiangning","kind":"waterway","name":"","highway":"","waterway":"canal","bridge":"","tunnel":"","layer":0,"width_m":12,"z_offset_m":0},"geometry":{"type":"LineString","coordinates":[[118.8222379,31.9418295],[118.8246868,31.9419742],[118.8256972,31.9420146]]}},{"type":"Feature","properties":{"osm_id":1147357618,"dataset":"jiangning","kind":"waterway","name":"","highway":"","waterway":"canal","bridge":"","tunnel":"culvert","layer":-1,"width_m":12,"z_offset_m":0},"geometry":{"type":"LineString","coordinates":[[118.8218212,31.9418163],[118.8222379,31.9418295]]}},{"type":"Feature","properties":{"osm_id":1147357619,"dataset":"jiangning","kind":"waterway","name":"","highway":"","waterway":"canal","bridge":"","tunnel":"","layer":0,"width_m":12,"z_offset_m":0},"geometry":{"type":"LineString","coordinates":[[118.8199333,31.9417567],[118.8218212,31.9418163]]}},{"type":"Feature","properties":{"osm_id":1147357620,"dataset":"jiangning","kind":"waterway","name":"","highway":"","waterway":"canal","bridge":"","tunnel":"culvert","layer":-1,"width_m":12,"z_offset_m":0},"geometry":{"type":"LineString","coordinates":[[118.8197357,31.9417505],[118.8199333,31.9417567]]}},{"type":"Feature","properties":{"osm_id":1147357623,"dataset":"jiangning","kind":"waterway","name":"","highway":"","waterway":"canal","bridge":"","tunnel":"","layer":0,"width_m":12,"z_offset_m":0},"geometry":{"type":"LineString","coordinates":[[118.8246629,31.941679],[118.8244177,31.9386559]]}},{"type":"Feature","properties":{"osm_id":1147357624,"dataset":"jiangning","kind":"waterway","name":"","highway":"","waterway":"canal","bridge":"","tunnel":"culvert","layer":-1,"width_m":12,"z_offset_m":0},"geometry":{"type":"LineString","coordinates":[[118.8244177,31.9386559],[118.8243846,31.9382471]]}},{"type":"Feature","properties":{"osm_id":1147357625,"dataset":"jiangning","kind":"waterway","name":"","highway":"","waterway":"canal","bridge":"","tunnel":"","layer":0,"width_m":12,"z_offset_m":0},"geometry":{"type":"LineString","coordinates":[[118.8243846,31.9382471],[118.8241626,31.9355096]]}},{"type":"Feature","properties":{"osm_id":1147357626,"dataset":"jiangning","kind":"waterway","name":"","highway":"","waterway":"canal","bridge":"","tunnel":"culvert","layer":-1,"width_m":12,"z_offset_m":0},"geometry":{"type":"LineString","coordinates":[[118.8241626,31.9355096],[118.8241469,31.9353153]]}},{"type":"Feature","properties":{"osm_id":1147954192,"dataset":"jiangning","kind":"waterway","name":"牛首山河","highway":"","waterway":"river","bridge":"","tunnel":"","layer":0,"width_m":18,"z_offset_m":0},"geometry":{"type":"LineString","coordinates":[[118.7611562,31.9054498],[118.7610774,31.9053525],[118.7611513,31.904923],[118.7614475,31.9044211],[118.7622018,31.9039397],[118.7626357,31.904088],[118.7647081,31.9015114],[118.7664481,31.8992847],[118.7684403,31.8970518],[118.7688003,31.8966513],[118.7690835,31.8963739]]}},{"type":"Feature","properties":{"osm_id":1147954193,"dataset":"jiangning","kind":"waterway","name":"牛首山河","highway":"","waterway":"river","bridge":"","tunnel":"culvert","layer":-1,"width_m":18,"z_offset_m":0},"geometry":{"type":"LineString","coordinates":[[118.7613528,31.9055021],[118.7611562,31.9054498]]}},{"type":"Feature","properties":{"osm_id":1147954194,"dataset":"jiangning","kind":"waterway","name":"牛首山河","highway":"","waterway":"river","bridge":"","tunnel":"","layer":0,"width_m":18,"z_offset_m":0},"geometry":{"type":"LineString","coordinates":[[118.7470618,31.9021781],[118.7476131,31.9031241],[118.7479734,31.9035217],[118.7482411,31.9040269],[118.7488896,31.9042207],[118.7497323,31.9043598],[118.7501554,31.9045661],[118.7510341,31.9056534],[118.7516456,31.9062474],[118.7514103,31.9067608],[118.7519971,31.907681],[118.7529473,31.9081885],[118.7531543,31.9085334],[118.7537298,31.908909],[118.7539378,31.9091209],[118.7542547,31.9091199],[118.7557293,31.9080881],[118.7558178,31.9078071],[118.7559305,31.9077483]]}},{"type":"Feature","properties":{"osm_id":1147954195,"dataset":"jiangning","kind":"waterway","name":"牛首山河","highway":"","waterway":"river","bridge":"","tunnel":"culvert","layer":-1,"width_m":18,"z_offset_m":0},"geometry":{"type":"LineString","coordinates":[[118.7559305,31.9077483],[118.7562216,31.9077937]]}},{"type":"Feature","properties":{"osm_id":1147954196,"dataset":"jiangning","kind":"waterway","name":"牛首山河","highway":"","waterway":"river","bridge":"","tunnel":"","layer":0,"width_m":18,"z_offset_m":0},"geometry":{"type":"LineString","coordinates":[[118.7562216,31.9077937],[118.7563253,31.9078099]]}},{"type":"Feature","properties":{"osm_id":1147954197,"dataset":"jiangning","kind":"waterway","name":"牛首山河","highway":"","waterway":"river","bridge":"","tunnel":"culvert","layer":-1,"width_m":18,"z_offset_m":0},"geometry":{"type":"LineString","coordinates":[[118.7563253,31.9078099],[118.7565991,31.9078526]]}},{"type":"Feature","properties":{"osm_id":1147955381,"dataset":"jiangning","kind":"waterway","name":"","highway":"","waterway":"stream","bridge":"","tunnel":"","layer":0,"width_m":6,"z_offset_m":0},"geometry":{"type":"LineString","coordinates":[[118.8057744,31.8953017],[118.8098469,31.8955968]]}},{"type":"Feature","properties":{"osm_id":1147955382,"dataset":"jiangning","kind":"waterway","name":"","highway":"","waterway":"stream","bridge":"","tunnel":"culvert","layer":-1,"width_m":6,"z_offset_m":0},"geometry":{"type":"LineString","coordinates":[[118.8050905,31.8952489],[118.8057744,31.8953017]]}},{"type":"Feature","properties":{"osm_id":1147957478,"dataset":"jiangning","kind":"waterway","name":"","highway":"","waterway":"stream","bridge":"","tunnel":"","layer":0,"width_m":6,"z_offset_m":0},"geometry":{"type":"LineString","coordinates":[[118.7946089,31.8751698],[118.7950381,31.8750969],[118.7959608,31.8750605],[118.7966474,31.8749512],[118.7975465,31.8745822],[118.7990292,31.873457],[118.8000163,31.8730196],[118.8009153,31.8728511],[118.8012608,31.8727098],[118.802441,31.8722543],[118.8029345,31.8723454],[118.8039645,31.8723818],[118.8044088,31.8723176]]}},{"type":"Feature","properties":{"osm_id":1147957479,"dataset":"jiangning","kind":"waterway","name":"","highway":"","waterway":"stream","bridge":"","tunnel":"culvert","layer":-1,"width_m":6,"z_offset_m":0},"geometry":{"type":"LineString","coordinates":[[118.8044088,31.8723176],[118.8046984,31.8722975]]}},{"type":"Feature","properties":{"osm_id":1147957480,"dataset":"jiangning","kind":"waterway","name":"","highway":"","waterway":"stream","bridge":"","tunnel":"","layer":0,"width_m":6,"z_offset_m":0},"geometry":{"type":"LineString","coordinates":[[118.8027341,31.8697368],[118.8028036,31.8699901],[118.8035353,31.870268],[118.8045868,31.8706142],[118.8054665,31.87076],[118.8055094,31.8711792],[118.8055738,31.8713796],[118.8056382,31.8717258],[118.8057787,31.8720576]]}},{"type":"Feature","properties":{"osm_id":1147957481,"dataset":"jiangning","kind":"waterway","name":"","highway":"","waterway":"stream","bridge":"","tunnel":"culvert","layer":-1,"width_m":6,"z_offset_m":0},"geometry":{"type":"LineString","coordinates":[[118.8026045,31.8692649],[118.8026559,31.8694522]]}},{"type":"Feature","properties":{"osm_id":1147957482,"dataset":"jiangning","kind":"waterway","name":"","highway":"","waterway":"stream","bridge":"","tunnel":"","layer":0,"width_m":6,"z_offset_m":0},"geometry":{"type":"LineString","coordinates":[[118.8026559,31.8694522],[118.8026854,31.8695595]]}},{"type":"Feature","properties":{"osm_id":1147957483,"dataset":"jiangning","kind":"waterway","name":"","highway":"","waterway":"stream","bridge":"","tunnel":"culvert","layer":-1,"width_m":6,"z_offset_m":0},"geometry":{"type":"LineString","coordinates":[[118.8026854,31.8695595],[118.8027341,31.8697368]]}},{"type":"Feature","properties":{"osm_id":1147957487,"dataset":"jiangning","kind":"waterway","name":"","highway":"","waterway":"stream","bridge":"","tunnel":"","layer":0,"width_m":6,"z_offset_m":0},"geometry":{"type":"LineString","coordinates":[[118.8467706,31.872442],[118.8464197,31.871915],[118.8444438,31.8692389],[118.8441113,31.8689017],[118.842223,31.8663778],[118.84159,31.8656762],[118.8410428,31.8649564],[118.841007,31.8639449],[118.8414588,31.8636969],[118.842028,31.8632816],[118.8421525,31.8628012],[118.842537,31.8622872],[118.8430077,31.8610772],[118.8432937,31.8607699],[118.8436143,31.859339],[118.8435661,31.8589052],[118.8432351,31.8585686],[118.8430044,31.858162],[118.843078,31.8573102],[118.8439356,31.857483],[118.8440409,31.8566575],[118.8441787,31.8564016],[118.8443363,31.8556297],[118.8439857,31.8545815]]}},{"type":"Feature","properties":{"osm_id":1147957488,"dataset":"jiangning","kind":"waterway","name":"","highway":"","waterway":"stream","bridge":"","tunnel":"culvert","layer":-1,"width_m":6,"z_offset_m":0},"geometry":{"type":"LineString","coordinates":[[118.8439857,31.8545815],[118.8435356,31.854274]]}},{"type":"Feature","properties":{"osm_id":1147957493,"dataset":"jiangning","kind":"waterway","name":"","highway":"","waterway":"canal","bridge":"","tunnel":"","layer":0,"width_m":12,"z_offset_m":0},"geometry":{"type":"LineString","coordinates":[[118.8381412,31.8545587],[118.8392025,31.8544933]]}},{"type":"Feature","properties":{"osm_id":1147957494,"dataset":"jiangning","kind":"waterway","name":"","highway":"","waterway":"canal","bridge":"","tunnel":"culvert","layer":-1,"width_m":12,"z_offset_m":0},"geometry":{"type":"LineString","coordinates":[[118.8377277,31.8545841],[118.8381412,31.8545587]]}},{"type":"Feature","properties":{"osm_id":1147957495,"dataset":"jiangning","kind":"waterway","name":"","highway":"","waterway":"stream","bridge":"","tunnel":"","layer":0,"width_m":6,"z_offset_m":0},"geometry":{"type":"LineString","coordinates":[[118.841007,31.8639449],[118.8408661,31.8636587],[118.8396657,31.8633417],[118.8327411,31.8615171],[118.8325654,31.8607415],[118.8324474,31.8598576],[118.8322022,31.8574751],[118.831991,31.8554279]]}},{"type":"Feature","properties":{"osm_id":1147957496,"dataset":"jiangning","kind":"waterway","name":"","highway":"","waterway":"stream","bridge":"","tunnel":"culvert","layer":-1,"width_m":6,"z_offset_m":0},"geometry":{"type":"LineString","coordinates":[[118.8314867,31.8509664],[118.8314555,31.8506847]]}},{"type":"Feature","properties":{"osm_id":1147957497,"dataset":"jiangning","kind":"waterway","name":"","highway":"","waterway":"stream","bridge":"","tunnel":"","layer":0,"width_m":6,"z_offset_m":0},"geometry":{"type":"LineString","coordinates":[[118.8319455,31.8550094],[118.8319376,31.8549408],[118.8316765,31.8526818],[118.8314867,31.8509664]]}},{"type":"Feature","properties":{"osm_id":1147957498,"dataset":"jiangning","kind":"waterway","name":"","highway":"","waterway":"stream","bridge":"","tunnel":"culvert","layer":-1,"width_m":6,"z_offset_m":0},"geometry":{"type":"LineString","coordinates":[[118.831991,31.8554279],[118.8319662,31.8551878],[118.8319455,31.8550094]]}},{"type":"Feature","properties":{"osm_id":1147957499,"dataset":"jiangning","kind":"waterway","name":"","highway":"","waterway":"canal","bridge":"","tunnel":"","layer":0,"width_m":12,"z_offset_m":0},"geometry":{"type":"LineString","coordinates":[[118.831796,31.8549504],[118.8319376,31.8549408]]}},{"type":"Feature","properties":{"osm_id":1147957500,"dataset":"jiangning","kind":"waterway","name":"","highway":"","waterway":"canal","bridge":"","tunnel":"","layer":0,"width_m":12,"z_offset_m":0},"geometry":{"type":"LineString","coordinates":[[118.8356494,31.8547122],[118.8377277,31.8545841]]}},{"type":"Feature","properties":{"osm_id":1147957501,"dataset":"jiangning","kind":"waterway","name":"","highway":"","waterway":"canal","bridge":"","tunnel":"culvert","layer":-1,"width_m":12,"z_offset_m":0},"geometry":{"type":"LineString","coordinates":[[118.8353203,31.8547324],[118.8356494,31.8547122]]}},{"type":"Feature","properties":{"osm_id":1147959600,"dataset":"jiangning","kind":"waterway","name":"","highway":"","waterway":"stream","bridge":"","tunnel":"","layer":0,"width_m":6,"z_offset_m":0},"geometry":{"type":"LineString","coordinates":[[118.8435356,31.854274],[118.8434684,31.8542293],[118.8392025,31.8544933],[118.8380993,31.8519104],[118.8380846,31.8506771],[118.837943,31.8499302],[118.8376906,31.8496793],[118.8371661,31.849707],[118.8371288,31.8496024],[118.8370081,31.8482441],[118.8368894,31.8480374],[118.8362803,31.8481571],[118.8362361,31.848088]]}},{"type":"Feature","properties":{"osm_id":1147959601,"dataset":"jiangning","kind":"waterway","name":"","highway":"","waterway":"stream","bridge":"","tunnel":"culvert","layer":-1,"width_m":6,"z_offset_m":0},"geometry":{"type":"LineString","coordinates":[[118.8362361,31.848088],[118.8361393,31.8478505]]}},{"type":"Feature","properties":{"osm_id":1147959602,"dataset":"jiangning","kind":"waterway","name":"","highway":"","waterway":"stream","bridge":"","tunnel":"","layer":0,"width_m":6,"z_offset_m":0},"geometry":{"type":"LineString","coordinates":[[118.8314555,31.8506847],[118.8314067,31.8502435],[118.8312864,31.8490697]]}},{"type":"Feature","properties":{"osm_id":1147959603,"dataset":"jiangning","kind":"waterway","name":"","highway":"","waterway":"stream","bridge":"","tunnel":"culvert","layer":-1,"width_m":6,"z_offset_m":0},"geometry":{"type":"LineString","coordinates":[[118.8312864,31.8490697],[118.8312584,31.8487968]]}},{"type":"Feature","properties":{"osm_id":1147959609,"dataset":"jiangning","kind":"waterway","name":"","highway":"","waterway":"stream","bridge":"","tunnel":"","layer":0,"width_m":6,"z_offset_m":0},"geometry":{"type":"LineString","coordinates":[[118.8312584,31.8487968],[118.8311401,31.847642],[118.8308647,31.8453569],[118.8308166,31.8449576],[118.8306364,31.8431987]]}},{"type":"Feature","properties":{"osm_id":1147959610,"dataset":"jiangning","kind":"waterway","name":"","highway":"","waterway":"stream","bridge":"","tunnel":"culvert","layer":-1,"width_m":6,"z_offset_m":0},"geometry":{"type":"LineString","coordinates":[[118.8306364,31.8431987],[118.8305794,31.8426425]]}},{"type":"Feature","properties":{"osm_id":1147962153,"dataset":"jiangning","kind":"waterway","name":"","highway":"","waterway":"stream","bridge":"","tunnel":"","layer":0,"width_m":6,"z_offset_m":0},"geometry":{"type":"LineString","coordinates":[[118.8601144,31.8048744],[118.8609818,31.8049805],[118.8612983,31.8050352],[118.8634065,31.8052632],[118.8640921,31.8053536],[118.8647841,31.805381],[118.8648227,31.8053999]]}},{"type":"Feature","properties":{"osm_id":1147962154,"dataset":"jiangning","kind":"waterway","name":"","highway":"","waterway":"stream","bridge":"","tunnel":"culvert","layer":-1,"width_m":6,"z_offset_m":0},"geometry":{"type":"LineString","coordinates":[[118.859999,31.8048603],[118.8601144,31.8048744]]}},{"type":"Feature","properties":{"osm_id":1147962155,"dataset":"jiangning","kind":"waterway","name":"罗渣滩","highway":"","waterway":"river","bridge":"","tunnel":"","layer":0,"width_m":18,"z_offset_m":0},"geometry":{"type":"LineString","coordinates":[[118.8716925,31.8191457],[118.8725625,31.8194442],[118.8769734,31.8223759]]}},{"type":"Feature","properties":{"osm_id":1147962156,"dataset":"jiangning","kind":"waterway","name":"罗渣滩","highway":"","waterway":"river","bridge":"","tunnel":"culvert","layer":-1,"width_m":18,"z_offset_m":0},"geometry":{"type":"LineString","coordinates":[[118.8713007,31.8189007],[118.8716925,31.8191457]]}},{"type":"Feature","properties":{"osm_id":1147962159,"dataset":"jiangning","kind":"waterway","name":"","highway":"","waterway":"stream","bridge":"","tunnel":"","layer":0,"width_m":6,"z_offset_m":0},"geometry":{"type":"LineString","coordinates":[[118.849589,31.8011546],[118.8492734,31.8018257]]}},{"type":"Feature","properties":{"osm_id":1147962160,"dataset":"jiangning","kind":"waterway","name":"","highway":"","waterway":"stream","bridge":"","tunnel":"culvert","layer":-1,"width_m":6,"z_offset_m":0},"geometry":{"type":"LineString","coordinates":[[118.8499525,31.8001491],[118.8498841,31.8003235]]}},{"type":"Feature","properties":{"osm_id":1147962164,"dataset":"jiangning","kind":"waterway","name":"","highway":"","waterway":"stream","bridge":"","tunnel":"culvert","layer":-1,"width_m":6,"z_offset_m":0},"geometry":{"type":"LineString","coordinates":[[118.8309687,31.7922294],[118.8316099,31.7921234]]}},{"type":"Feature","properties":{"osm_id":1147962169,"dataset":"jiangning","kind":"waterway","name":"","highway":"","waterway":"stream","bridge":"","tunnel":"","layer":0,"width_m":6,"z_offset_m":0},"geometry":{"type":"LineString","coordinates":[[118.8498841,31.8003235],[118.8498549,31.800398],[118.8497208,31.8007126],[118.8496618,31.8009998]]}},{"type":"Feature","properties":{"osm_id":1147962170,"dataset":"jiangning","kind":"waterway","name":"","highway":"","waterway":"stream","bridge":"","tunnel":"culvert","layer":-1,"width_m":6,"z_offset_m":0},"geometry":{"type":"LineString","coordinates":[[118.8496618,31.8009998],[118.849589,31.8011546]]}},{"type":"Feature","properties":{"osm_id":1148620886,"dataset":"jiangning","kind":"waterway","name":"","highway":"","waterway":"stream","bridge":"","tunnel":"","layer":0,"width_m":6,"z_offset_m":0},"geometry":{"type":"LineString","coordinates":[[118.8878323,32.0190529],[118.8875299,32.0191575],[118.8873214,32.0192724],[118.8871068,32.0194543],[118.8869137,32.0195657],[118.8867742,32.0195725],[118.8866213,32.0195589],[118.8865412,32.0195167]]}},{"type":"Feature","properties":{"osm_id":1148620887,"dataset":"jiangning","kind":"waterway","name":"","highway":"","waterway":"stream","bridge":"","tunnel":"culvert","layer":-1,"width_m":6,"z_offset_m":0},"geometry":{"type":"LineString","coordinates":[[118.8865412,32.0195167],[118.8861195,32.0192945]]}},{"type":"Feature","properties":{"osm_id":1149818302,"dataset":"jiangning","kind":"waterway","name":"","highway":"","waterway":"river","bridge":"","tunnel":"","layer":0,"width_m":18,"z_offset_m":0},"geometry":{"type":"LineString","coordinates":[[118.7587692,31.8109463],[118.7588351,31.8112976],[118.7589451,31.8115069],[118.7590946,31.8116863],[118.7593981,31.8117573],[118.7606428,31.8115816],[118.761131,31.8115667],[118.7614001,31.8115051],[118.7618655,31.8113985],[118.762213,31.8110098],[118.7628903,31.8106473],[118.7634972,31.8105052],[118.7639019,31.8105613],[118.7641438,31.8107444],[118.7648958,31.8113013],[118.7653972,31.8117162]]}},{"type":"Feature","properties":{"osm_id":1149818303,"dataset":"jiangning","kind":"waterway","name":"","highway":"","waterway":"river","bridge":"","tunnel":"","layer":0,"width_m":18,"z_offset_m":0},"geometry":{"type":"LineString","coordinates":[[118.7504939,31.8053083],[118.7508982,31.8055967],[118.7506126,31.8062888],[118.7506492,31.8063927],[118.7520563,31.80763],[118.7525221,31.8080396],[118.7524842,31.8081335],[118.75269,31.8082296],[118.752786,31.8082744],[118.7540404,31.8091337],[118.7545487,31.8098199],[118.7549157,31.8095406],[118.7559226,31.8100847],[118.7567942,31.8105557]]}},{"type":"Feature","properties":{"osm_id":1149818304,"dataset":"jiangning","kind":"waterway","name":"","highway":"","waterway":"river","bridge":"","tunnel":"","layer":0,"width_m":18,"z_offset_m":0},"geometry":{"type":"LineString","coordinates":[[118.7567942,31.8105557],[118.7573451,31.8100547],[118.7574226,31.8100415],[118.7574925,31.8100217],[118.7575429,31.8099772],[118.7576166,31.8099393],[118.7577019,31.809964],[118.7577465,31.8100415],[118.7577892,31.8100712],[118.7578202,31.8100893],[118.7579133,31.8100695],[118.7580239,31.8100827],[118.758143,31.810094],[118.7584325,31.8103971],[118.7586374,31.8107002],[118.7587692,31.8109463]]}},{"type":"Feature","properties":{"osm_id":1190273234,"dataset":"jiangning","kind":"waterway","name":"","highway":"","waterway":"dam","bridge":"","tunnel":"","layer":0,"width_m":5,"z_offset_m":0},"geometry":{"type":"LineString","coordinates":[[118.668546,31.7380467],[118.6705935,31.7375294]]}},{"type":"Feature","properties":{"osm_id":1190273237,"dataset":"jiangning","kind":"waterway","name":"","highway":"","waterway":"dam","bridge":"","tunnel":"","layer":0,"width_m":5,"z_offset_m":0},"geometry":{"type":"LineString","coordinates":[[118.6776321,31.7574415],[118.6794149,31.7578544],[118.6796198,31.7577834]]}},{"type":"Feature","properties":{"osm_id":1213932056,"dataset":"jiangning","kind":"waterway","name":"","highway":"","waterway":"dam","bridge":"","tunnel":"","layer":0,"width_m":5,"z_offset_m":0},"geometry":{"type":"LineString","coordinates":[[118.7298458,31.7183909],[118.7306689,31.7192073]]}},{"type":"Feature","properties":{"osm_id":1213932085,"dataset":"jiangning","kind":"waterway","name":"横溪河","highway":"","waterway":"river","bridge":"","tunnel":"culvert","layer":-1,"width_m":18,"z_offset_m":0},"geometry":{"type":"LineString","coordinates":[[118.7630402,31.7028403],[118.7633588,31.7031372]]}},{"type":"Feature","properties":{"osm_id":1213932086,"dataset":"jiangning","kind":"waterway","name":"横溪河","highway":"","waterway":"river","bridge":"","tunnel":"","layer":0,"width_m":18,"z_offset_m":0},"geometry":{"type":"LineString","coordinates":[[118.7484518,31.7049206],[118.7494748,31.7042219],[118.7499848,31.7038667],[118.7508855,31.7037265],[118.7509933,31.7040956],[118.7513401,31.7042913],[118.751614,31.7041939],[118.7517057,31.7036043],[118.7519229,31.7034911],[118.7522498,31.7037097],[118.7532481,31.7036795],[118.7536132,31.7036804],[118.7538278,31.7036324],[118.7539995,31.7036507],[118.7541019,31.7036024],[118.7541631,31.7034659],[118.7541443,31.703402],[118.7540719,31.703313],[118.7540648,31.70297],[118.7541389,31.7028474],[118.754265,31.7028246],[118.7546901,31.70288],[118.7551019,31.7032742],[118.7552601,31.7033609],[118.7554273,31.7033757],[118.7585301,31.7030694],[118.7592394,31.7029823],[118.7598612,31.7028848],[118.762787,31.7026179],[118.7630402,31.7028403]]}},{"type":"Feature","properties":{"osm_id":1227537562,"dataset":"jiangning","kind":"waterway","name":"","highway":"","waterway":"canal","bridge":"","tunnel":"","layer":0,"width_m":12,"z_offset_m":0},"geometry":{"type":"LineString","coordinates":[[118.8909425,31.9070586],[118.8914939,31.907113],[118.8919437,31.9069884],[118.8925779,31.9066993],[118.8929965,31.9066582],[118.8933433,31.9064619],[118.8935495,31.9061079],[118.894179,31.9047328],[118.8947772,31.9046161],[118.8955692,31.9048959],[118.896558,31.9051717],[118.8967626,31.9051664],[118.8973296,31.9045577],[118.8977763,31.9042872],[118.8980591,31.9042938],[118.8984652,31.9042846],[118.8989932,31.904026]]}},{"type":"Feature","properties":{"osm_id":1227537571,"dataset":"jiangning","kind":"waterway","name":"","highway":"","waterway":"canal","bridge":"","tunnel":"","layer":0,"width_m":12,"z_offset_m":0},"geometry":{"type":"LineString","coordinates":[[118.8995436,31.9039414],[118.899657,31.9039212],[118.8997648,31.9037833],[118.9005989,31.9037939],[118.9011468,31.90383]]}},{"type":"Feature","properties":{"osm_id":1227537572,"dataset":"jiangning","kind":"waterway","name":"","highway":"","waterway":"canal","bridge":"","tunnel":"culvert","layer":-1,"width_m":12,"z_offset_m":0},"geometry":{"type":"LineString","coordinates":[[118.8989932,31.904026],[118.8995436,31.9039414]]}},{"type":"Feature","properties":{"osm_id":1227537573,"dataset":"jiangning","kind":"waterway","name":"","highway":"","waterway":"canal","bridge":"","tunnel":"","layer":0,"width_m":12,"z_offset_m":0},"geometry":{"type":"LineString","coordinates":[[118.894179,31.9047328],[118.8941376,31.9043227],[118.8941535,31.9041954],[118.894708,31.9027489],[118.8946435,31.9027004],[118.8945125,31.902669],[118.8944682,31.9026314],[118.8945199,31.9024811],[118.894708,31.9019439],[118.8945125,31.9014115]]}},{"type":"Feature","properties":{"osm_id":1268939575,"dataset":"jiangning","kind":"waterway","name":"","highway":"","waterway":"canal","bridge":"","tunnel":"","layer":0,"width_m":12,"z_offset_m":0},"geometry":{"type":"LineString","coordinates":[[118.8331586,31.9659886],[118.8326168,31.9664983],[118.8321072,31.9676815],[118.832134,31.9680638],[118.8312328,31.9697613],[118.8309216,31.970098]]}},{"type":"Feature","properties":{"osm_id":1268939576,"dataset":"jiangning","kind":"waterway","name":"","highway":"","waterway":"canal","bridge":"","tunnel":"","layer":0,"width_m":12,"z_offset_m":0},"geometry":{"type":"LineString","coordinates":[[118.8352845,31.9668004],[118.8356912,31.9669624],[118.8370099,31.9669415],[118.8374474,31.9626913]]}},{"type":"Feature","properties":{"osm_id":1268939624,"dataset":"jiangning","kind":"waterway","name":"","highway":"","waterway":"canal","bridge":"","tunnel":"","layer":0,"width_m":12,"z_offset_m":0},"geometry":{"type":"LineString","coordinates":[[118.8520008,31.9765261],[118.8522132,31.9758626],[118.8521707,31.9756375],[118.8520291,31.9756285],[118.8512753,31.9758296],[118.8512611,31.9757605],[118.852015,31.9755744],[118.8518486,31.9752262],[118.8517531,31.9751421],[118.8514487,31.9748689],[118.8511514,31.9743705],[118.8510417,31.9739112],[118.8507975,31.9734398],[118.8507126,31.9730135],[118.8507069,31.9728135],[118.8506772,31.9717585]]}},{"type":"Feature","properties":{"osm_id":1278718174,"dataset":"jiangning","kind":"waterway","name":"","highway":"","waterway":"dam","bridge":"","tunnel":"","layer":0,"width_m":5,"z_offset_m":0},"geometry":{"type":"LineString","coordinates":[[118.740336,31.8857961],[118.7425395,31.8859894],[118.7423275,31.8854868],[118.7410956,31.8853349],[118.740336,31.8857961]]}},{"type":"Feature","properties":{"osm_id":1279619926,"dataset":"jiangning","kind":"waterway","name":"","highway":"","waterway":"dam","bridge":"","tunnel":"","layer":0,"width_m":5,"z_offset_m":0},"geometry":{"type":"LineString","coordinates":[[118.7176604,31.9252559],[118.7177173,31.9249798],[118.7173921,31.9243656],[118.7165383,31.9238067],[118.7160993,31.9242759],[118.7174084,31.9251938],[118.7176604,31.9252559]]}},{"type":"Feature","properties":{"osm_id":1280090809,"dataset":"jiangning","kind":"waterway","name":"","highway":"","waterway":"dam","bridge":"","tunnel":"","layer":0,"width_m":5,"z_offset_m":0},"geometry":{"type":"LineString","coordinates":[[118.7368272,31.7081263],[118.7367958,31.7090063]]}},{"type":"Feature","properties":{"osm_id":1280090814,"dataset":"jiangning","kind":"waterway","name":"","highway":"","waterway":"stream","bridge":"","tunnel":"","layer":0,"width_m":6,"z_offset_m":0},"geometry":{"type":"LineString","coordinates":[[118.7887248,31.7321186],[118.7891371,31.7325901]]}},{"type":"Feature","properties":{"osm_id":1280090815,"dataset":"jiangning","kind":"waterway","name":"","highway":"","waterway":"stream","bridge":"","tunnel":"culvert","layer":-1,"width_m":6,"z_offset_m":0},"geometry":{"type":"LineString","coordinates":[[118.7883868,31.7318195],[118.7887248,31.7321186]]}},{"type":"Feature","properties":{"osm_id":1280090816,"dataset":"jiangning","kind":"waterway","name":"","highway":"","waterway":"stream","bridge":"","tunnel":"culvert","layer":-1,"width_m":6,"z_offset_m":0},"geometry":{"type":"LineString","coordinates":[[118.788401,31.7326655],[118.7887302,31.7326318]]}},{"type":"Feature","properties":{"osm_id":1280090817,"dataset":"jiangning","kind":"waterway","name":"","highway":"","waterway":"stream","bridge":"","tunnel":"","layer":0,"width_m":6,"z_offset_m":0},"geometry":{"type":"LineString","coordinates":[[118.7872266,31.7327859],[118.788401,31.7326655]]}},{"type":"Feature","properties":{"osm_id":1304740842,"dataset":"jiangning","kind":"waterway","name":"","highway":"","waterway":"river","bridge":"","tunnel":"","layer":0,"width_m":18,"z_offset_m":0},"geometry":{"type":"LineString","coordinates":[[118.7551313,31.8378362],[118.7582122,31.8372267],[118.760301,31.8360676],[118.7612794,31.8327789],[118.7612472,31.8311018],[118.7608985,31.8292249],[118.7605562,31.8258299],[118.7598743,31.8244966],[118.7599525,31.8238623],[118.7606214,31.8229885],[118.760495,31.8214031],[118.7606163,31.8208423],[118.760829,31.8204228],[118.7612968,31.8200661],[118.7618335,31.8191818],[118.7617928,31.8184633],[118.7626628,31.8178034],[118.7630287,31.816311],[118.7635091,31.8157644]]}},{"type":"Feature","properties":{"osm_id":1304740843,"dataset":"jiangning","kind":"waterway","name":"","highway":"","waterway":"river","bridge":"","tunnel":"culvert","layer":-1,"width_m":18,"z_offset_m":0},"geometry":{"type":"LineString","coordinates":[[118.7547255,31.8379103],[118.7551313,31.8378362]]}},{"type":"Feature","properties":{"osm_id":1305161751,"dataset":"jiangning","kind":"waterway","name":"","highway":"","waterway":"weir","bridge":"","tunnel":"","layer":0,"width_m":5,"z_offset_m":0},"geometry":{"type":"LineString","coordinates":[[119.0428747,32.0393551],[119.0434606,32.039759]]}},{"type":"Feature","properties":{"osm_id":1310986547,"dataset":"jiangning","kind":"waterway","name":"","highway":"","waterway":"dam","bridge":"","tunnel":"","layer":0,"width_m":5,"z_offset_m":0},"geometry":{"type":"LineString","coordinates":[[118.6927612,31.7750762],[118.6951192,31.7747997],[118.6947818,31.7744955],[118.6930092,31.7747098],[118.6927612,31.7750762]]}},{"type":"Feature","properties":{"osm_id":1353430410,"dataset":"jiangning","kind":"waterway","name":"","highway":"","waterway":"dam","bridge":"","tunnel":"","layer":0,"width_m":5,"z_offset_m":0},"geometry":{"type":"LineString","coordinates":[[118.5762433,31.7644434],[118.5770209,31.764466]]}},{"type":"Feature","properties":{"osm_id":1408453608,"dataset":"jiangning","kind":"waterway","name":"禄口","highway":"","waterway":"river","bridge":"","tunnel":"","layer":0,"width_m":18,"z_offset_m":0},"geometry":{"type":"LineString","coordinates":[[118.8693822,31.7663985],[118.8704382,31.766924],[118.8732921,31.7685969],[118.8749872,31.7706456]]}},{"type":"Feature","properties":{"osm_id":1411704463,"dataset":"jiangning","kind":"waterway","name":"","highway":"","waterway":"stream","bridge":"","tunnel":"yes","layer":-1,"width_m":6,"z_offset_m":0},"geometry":{"type":"LineString","coordinates":[[118.9441681,32.0950548],[118.9506738,32.0947094]]}},{"type":"Feature","properties":{"osm_id":1413064615,"dataset":"jiangning","kind":"waterway","name":"横溪河","highway":"","waterway":"drain","bridge":"","tunnel":"culvert","layer":-1,"width_m":4,"z_offset_m":0},"geometry":{"type":"LineString","coordinates":[[118.8011004,31.6717796],[118.8011587,31.6720253],[118.8011835,31.6721491]]}},{"type":"Feature","properties":{"osm_id":1413064773,"dataset":"jiangning","kind":"waterway","name":"大山凹水库大坝","highway":"","waterway":"dam","bridge":"","tunnel":"","layer":0,"width_m":5,"z_offset_m":0},"geometry":{"type":"LineString","coordinates":[[118.8015859,31.6365321],[118.8036981,31.6373428],[118.80365,31.6374321],[118.8035023,31.6377059],[118.8015872,31.6369637],[118.8015861,31.6366157],[118.8015859,31.6365321]]}},{"type":"Feature","properties":{"osm_id":1413159942,"dataset":"jiangning","kind":"waterway","name":"横溪河","highway":"","waterway":"stream","bridge":"","tunnel":"culvert","layer":-1,"width_m":6,"z_offset_m":0},"geometry":{"type":"LineString","coordinates":[[118.8036439,31.6372449],[118.8037491,31.6373086],[118.8036606,31.6374821]]}},{"type":"Feature","properties":{"osm_id":1413159943,"dataset":"jiangning","kind":"waterway","name":"横溪河","highway":"","waterway":"river","bridge":"","tunnel":"","layer":0,"width_m":18,"z_offset_m":0},"geometry":{"type":"LineString","coordinates":[[118.8036606,31.6374821],[118.8034996,31.6377938],[118.8034746,31.6378224],[118.8034428,31.6378456],[118.8034058,31.6378623],[118.8033687,31.6378713],[118.8033302,31.6378738],[118.803292,31.6378696],[118.8032556,31.6378589],[118.8018662,31.637618],[118.8015202,31.6380918],[118.8014182,31.6385794],[118.8013914,31.6391446],[118.8013539,31.639414],[118.8012439,31.6396287],[118.8009998,31.6397406],[118.8006136,31.6397885],[118.8001817,31.6396858],[118.799884,31.6397314],[118.7990713,31.6398799],[118.798669,31.6399781],[118.798492,31.6401242],[118.7985295,31.6404325],[118.7984303,31.6406974],[118.7981459,31.6410719],[118.7977141,31.6411838],[118.7970878,31.6416713],[118.7968223,31.6418129],[118.7965849,31.6420035],[118.7966211,31.6422844],[118.7968531,31.6426223],[118.7968102,31.6430608],[118.7966225,31.6432777],[118.7960753,31.6435426],[118.7958929,31.6437458],[118.7958527,31.6440381],[118.7955952,31.6444925],[118.7951902,31.6447779],[118.7950882,31.645109],[118.795048,31.6456273],[118.7950748,31.6458374],[118.7951982,31.6461342],[118.7952384,31.6465978],[118.7951177,31.6470202],[118.7948844,31.6473216],[118.7947905,31.6475728],[118.7947234,31.6479016],[118.7952465,31.6479632],[118.7956059,31.648123],[118.795689,31.648308],[118.7955576,31.6486802],[118.7954369,31.6489382],[118.7953135,31.6492853],[118.7951982,31.6495912],[118.7954664,31.6497693],[118.7957615,31.6498835],[118.7958634,31.6503858],[118.7959492,31.6506529],[118.796204,31.6509406],[118.7965366,31.6510457],[118.7968236,31.6512078],[118.7978616,31.6513676],[118.7981406,31.6515799],[118.7983605,31.651911],[118.7982479,31.6521393],[118.7980199,31.6524955],[118.7976927,31.6531668],[118.7975666,31.653217],[118.7973386,31.6531713],[118.7975612,31.6534864],[118.7976122,31.653733],[118.7975371,31.6543358],[118.7975879,31.6550846]]}},{"type":"Feature","properties":{"osm_id":1413304607,"dataset":"jiangning","kind":"waterway","name":"花津河","highway":"","waterway":"stream","bridge":"","tunnel":"culvert","layer":-1,"width_m":6,"z_offset_m":0},"geometry":{"type":"LineString","coordinates":[[118.7184275,31.7140138],[118.7185863,31.7137866],[118.7186158,31.7132322]]}},{"type":"Feature","properties":{"osm_id":1413304610,"dataset":"jiangning","kind":"waterway","name":"丹阳河","highway":"","waterway":"stream","bridge":"","tunnel":"yes","layer":-1,"width_m":6,"z_offset_m":0},"geometry":{"type":"LineString","coordinates":[[118.6958069,31.6566488],[118.6967456,31.6564115]]}},{"type":"Feature","properties":{"osm_id":1413304611,"dataset":"jiangning","kind":"waterway","name":"丹阳河","highway":"","waterway":"river","bridge":"","tunnel":"","layer":0,"width_m":18,"z_offset_m":0},"geometry":{"type":"LineString","coordinates":[[118.6677037,31.6577168],[118.6682706,31.6572184],[118.668475,31.6570444],[118.6688375,31.6568229],[118.6694044,31.6569573],[118.6700735,31.656815],[118.6706311,31.6569573],[118.6715047,31.6572026],[118.6720437,31.6571947],[118.6723225,31.6574715],[118.672592,31.6574399],[118.673224,31.6572105],[118.6738931,31.6568624],[118.6739489,31.6565618],[118.6741719,31.656277],[118.6746923,31.6559131],[118.674776,31.6554543],[118.6749711,31.6551221],[118.6753986,31.6546949],[118.6761793,31.6544655],[118.6768763,31.6543785],[118.6768484,31.6538484],[118.6773131,31.6533975],[118.6776197,31.653358],[118.6783725,31.6534292],[118.6791439,31.653706],[118.6795621,31.6541332],[118.6797665,31.6544813],[118.6796085,31.6547186],[118.6796829,31.6553278],[118.6799431,31.6554385],[118.6810211,31.6552012],[118.6819876,31.655217],[118.6837906,31.6556758],[118.6839764,31.6564748],[118.6842366,31.6569494],[118.6847664,31.6572896],[118.6855563,31.6575744],[118.6860582,31.6577721],[118.6864392,31.6578275],[118.6866808,31.6574241],[118.6869782,31.6571551],[118.6872756,31.6572896],[118.6873871,31.6575823],[118.6875823,31.6576139],[118.6878053,31.6575823],[118.6881027,31.6572421],[118.6878982,31.6568941],[118.6881213,31.6567833],[118.688335,31.656807],[118.6886975,31.6572421],[118.6891807,31.657432],[118.6899707,31.6571235],[118.6904818,31.6568624],[118.6915413,31.6564985],[118.6920431,31.6564827],[118.6926658,31.6563166],[118.6932512,31.6567833],[118.6941155,31.6573054],[118.6946804,31.656999],[118.6956541,31.6569982],[118.6958069,31.6566488]]}},{"type":"Feature","properties":{"osm_id":1413304723,"dataset":"jiangning","kind":"waterway","name":"花津河","highway":"","waterway":"stream","bridge":"","tunnel":"","layer":0,"width_m":6,"z_offset_m":0},"geometry":{"type":"LineString","coordinates":[[118.7392929,31.6712548],[118.7391266,31.6710631],[118.7387377,31.6709079],[118.7385003,31.6708143],[118.7385231,31.6704422],[118.7384051,31.6701546],[118.7383836,31.669803],[118.7385312,31.6696364],[118.7387967,31.6694743],[118.7390891,31.6692551],[118.7390676,31.6690862],[118.7390703,31.6688168],[118.7390327,31.6685475],[118.7389442,31.668253],[118.7391266,31.6679311],[118.7391159,31.6677348],[118.7392473,31.6675476],[118.7393787,31.6674905],[118.7395719,31.6675133],[118.7397596,31.6675247],[118.7399903,31.6674311],[118.7401137,31.6673124],[118.7403014,31.6672554],[118.7405884,31.6672896],[118.7407547,31.6671983],[118.7407628,31.6670225],[118.7409881,31.6669289],[118.7411785,31.6670522],[118.7413797,31.6671983],[118.7417471,31.6671549],[118.7419671,31.6669403],[118.7420663,31.6666961],[118.7420824,31.6664678],[118.7420583,31.6659838],[118.741892,31.6656962],[118.7415755,31.6652898],[118.7413663,31.6647921],[118.7413073,31.6643036],[118.7414145,31.6640205],[118.7416586,31.6638516],[118.7419671,31.6636073],[118.7421656,31.6632991],[118.7423909,31.6631279],[118.7427986,31.663153],[118.7431473,31.6631872],[118.7431902,31.6629429],[118.7430802,31.6627032],[118.7428227,31.6625343],[118.7427101,31.6623517],[118.7427717,31.6620868],[118.7428844,31.6618563],[118.7429863,31.6616143],[118.7426645,31.661443],[118.7423909,31.6614453],[118.7421012,31.661717],[118.7419215,31.6618654],[118.7418357,31.662096],[118.7415996,31.6622238],[118.7410954,31.6621028],[118.7409049,31.6619316],[118.7407735,31.6616257],[118.7406448,31.6613814],[118.7405267,31.661144],[118.7403819,31.6609294],[118.7403041,31.6606896],[118.7401941,31.6604408],[118.7399393,31.6603883],[118.7396647,31.6603437]]}},{"type":"Feature","properties":{"osm_id":1413304725,"dataset":"jiangning","kind":"waterway","name":"花津河","highway":"","waterway":"stream","bridge":"","tunnel":"","layer":0,"width_m":6,"z_offset_m":0},"geometry":{"type":"LineString","coordinates":[[118.7186158,31.7132322],[118.7188303,31.7128192],[118.7189913,31.7125591],[118.7191978,31.7122419],[118.7196645,31.7122099],[118.7199703,31.7120571],[118.7200695,31.7118471],[118.7202573,31.7116258],[118.7203994,31.7114912],[118.7203431,31.7112219],[118.7201554,31.7110097],[118.7200105,31.7106081],[118.7201419,31.7103822],[118.7204102,31.7101267],[118.7205577,31.7099943],[118.7203458,31.7098232],[118.7201875,31.7097023],[118.720032,31.709538],[118.7199301,31.7093988],[118.7198657,31.7091729],[118.7198952,31.709077],[118.7201017,31.7089128],[118.7203109,31.7087941],[118.7204531,31.7086686],[118.7204745,31.7085408],[118.7204477,31.7083697],[118.7203753,31.7082601],[118.7202385,31.7081529],[118.720091,31.708016],[118.7200668,31.7078471],[118.7201527,31.707587],[118.7202144,31.707425],[118.7202707,31.7072561],[118.7202814,31.7069914],[118.7204638,31.7067427],[118.7205094,31.7065579],[118.7205014,31.7062635],[118.7205631,31.7059418],[118.7207615,31.7056679],[118.7211102,31.7055242],[118.7213248,31.7055515],[118.7215152,31.7056154],[118.7217298,31.7055835],[118.7219122,31.705369],[118.7222716,31.704527],[118.722631,31.7041573],[118.7229502,31.7040272],[118.7231246,31.7038013],[118.7230495,31.7035754],[118.7228268,31.7033518],[118.7223816,31.7031624],[118.7221348,31.7029342],[118.7220973,31.7027196],[118.7221295,31.7025051],[118.7222958,31.7022701],[118.7225237,31.7021537],[118.7227061,31.7020168],[118.7228912,31.7018183],[118.7232667,31.7014326],[118.7235591,31.7012044],[118.7237549,31.7009557],[118.7238273,31.7007913],[118.7236932,31.7004605],[118.7239292,31.7002277],[118.7242189,31.7000816],[118.7242538,31.699915],[118.7243852,31.6997644],[118.7247929,31.6996435],[118.7250236,31.6994769],[118.7251389,31.6993263],[118.7251282,31.6991163],[118.7252435,31.6989132],[118.7255841,31.6987238],[118.7258765,31.6987352],[118.7261662,31.6986941],[118.7263808,31.6984591],[118.7265605,31.6981875],[118.7267992,31.6978908],[118.7271586,31.6978954],[118.7273571,31.6978041],[118.7273276,31.6974572],[118.7274027,31.6972427],[118.7275207,31.6971081],[118.7279686,31.697083],[118.7281537,31.6969164],[118.7282824,31.6965147],[118.7283388,31.6961085],[118.7283629,31.6958073],[118.7282717,31.6954604],[118.7280437,31.695255],[118.7280008,31.6948533],[118.7278292,31.6944562],[118.7276977,31.6939975],[118.7273115,31.6935251],[118.7269092,31.6931051],[118.7266973,31.692918],[118.7262896,31.6926647],[118.7259489,31.6924638],[118.7257558,31.6922721],[118.7256646,31.6920234],[118.725552,31.6917472],[118.7256485,31.6915874],[118.725501,31.6914528],[118.7253991,31.6913273],[118.7253615,31.6910899],[118.7252891,31.6908023],[118.7252864,31.6905262],[118.7253535,31.6901838],[118.7254769,31.6898027],[118.7254634,31.6895288],[118.7253723,31.6893896],[118.725273,31.6892002],[118.7253857,31.6888601],[118.7254822,31.6887049],[118.7253615,31.6884812],[118.7250692,31.6882553],[118.7249002,31.6880362],[118.7248385,31.6878125],[118.7248251,31.687598],[118.7246668,31.6873538],[118.7244415,31.6870822],[118.7243986,31.686612],[118.7245649,31.686418],[118.7246454,31.686281],[118.7246829,31.6859889],[118.7248009,31.6856648],[118.7249699,31.6853224],[118.725163,31.6851467],[118.7252945,31.6850348],[118.7252408,31.6848386],[118.7252891,31.6846377],[118.7250853,31.684414],[118.7248439,31.684147],[118.724632,31.6840214],[118.7244388,31.683953],[118.7242296,31.6838936],[118.7239936,31.6836403],[118.7237602,31.6833276],[118.7236851,31.6830856],[118.7238514,31.6829715],[118.7240472,31.6828711],[118.7240553,31.6827204],[118.7239453,31.6825242],[118.7236556,31.6824306],[118.7233686,31.6822754],[118.7232614,31.6820517],[118.7230897,31.6820266],[118.7228724,31.6820882],[118.7227383,31.6819535],[118.7230656,31.681691],[118.7233338,31.6814719],[118.7235805,31.6813076],[118.7238058,31.6811638],[118.7238541,31.680826],[118.7238112,31.6804927],[118.7235296,31.679808],[118.7235242,31.6794542],[118.7235457,31.6789657],[118.723712,31.6786119],[118.7239292,31.6782079],[118.7241653,31.6779499],[118.7242538,31.6774364],[118.724345,31.6770985],[118.7246963,31.6768406],[118.7250397,31.6764069],[118.7254205,31.6759458],[118.7256995,31.6755326],[118.725442,31.67514],[118.724691,31.6746036],[118.7245917,31.6742201],[118.7244013,31.6731997],[118.724463,31.6724031],[118.7244523,31.671942],[118.7247339,31.6717525],[118.7251684,31.6716452],[118.7254259,31.6714534],[118.7257236,31.6709946],[118.7261876,31.6705746],[118.7266114,31.670328],[118.726944,31.6701066],[118.7276146,31.6699879],[118.7281725,31.6698989],[118.7287813,31.6696752],[118.7292561,31.6693738],[118.7300795,31.6692118],[118.7304175,31.6688305],[118.730801,31.6686958],[118.7311819,31.6687118],[118.7314904,31.6688716],[118.7319034,31.6690908],[118.7322092,31.6692392],[118.7326008,31.669262],[118.733317,31.6690862],[118.7341243,31.6692734],[118.7345481,31.669109],[118.7345964,31.6688009],[118.7347144,31.6685246],[118.7349424,31.6682507],[118.7351891,31.6678991],[118.7354466,31.6676252],[118.7354735,31.6674038],[118.7354842,31.6671892],[118.7356558,31.6670499],[118.7358651,31.6667486],[118.7360394,31.666429],[118.7361762,31.6662395],[118.7363827,31.6659359],[118.7366644,31.6659541],[118.7368789,31.6660683],[118.7371445,31.6661893],[118.73741,31.6661915],[118.7375575,31.6660249],[118.7377855,31.6657898],[118.7380055,31.6656551],[118.7380537,31.6654702],[118.7379304,31.6651871],[118.7378526,31.6648971],[118.7379411,31.6646186],[118.7380296,31.6643401],[118.7381744,31.6640547],[118.7382898,31.6636301],[118.7381503,31.6632009],[118.7382522,31.6629178],[118.7385151,31.6628539],[118.7387431,31.6627603],[118.7387592,31.6625708],[118.7386867,31.6622969],[118.7387645,31.6618722],[118.738794,31.661717],[118.7387538,31.6614704],[118.7390166,31.6612946],[118.7391937,31.6611303],[118.739301,31.660902],[118.7392607,31.6606942],[118.7394699,31.6605641],[118.7396647,31.6603437],[118.739706,31.660297],[118.7397569,31.6600253],[118.7397248,31.6596509],[118.7396979,31.6592239],[118.739832,31.6589111],[118.7399474,31.6586006],[118.7399179,31.6584249],[118.7394968,31.6581486],[118.7393841,31.6579089],[118.7391776,31.6576235],[118.7390649,31.6574112],[118.7391856,31.6570527],[118.7391213,31.6567993],[118.7386867,31.6565344],[118.738381,31.6563244],[118.7381476,31.6560344],[118.7376863,31.6556006],[118.737359,31.6553381],[118.7369674,31.6551166],[118.7363318,31.6548837],[118.7357578,31.6546006],[118.7353206,31.6542604],[118.7349772,31.6538586],[118.7345991,31.6534385],[118.7343389,31.6531599],[118.7345508,31.652596],[118.7347868,31.652338],[118.7350255,31.6522535],[118.7354466,31.6523699],[118.7358355,31.6523745],[118.736085,31.6520845],[118.7362862,31.6513356],[118.7364042,31.6508059],[118.7360957,31.650331],[118.7356988,31.6499017],[118.7353286,31.6495455],[118.7350443,31.6493629],[118.7344113,31.6494063],[118.7338963,31.6493971],[118.7335771,31.6491231],[118.7333894,31.6484336],[118.7334162,31.6481002],[118.7335744,31.6475636],[118.7338856,31.6473262],[118.7340492,31.6469494],[118.7340251,31.6463786],[118.7340867,31.6459561],[118.7344059,31.6454127],[118.7347627,31.6451113],[118.7349907,31.6447505],[118.7344891,31.6442984],[118.7341243,31.6439056],[118.7339151,31.6434261],[118.7335986,31.6429557],[118.7330407,31.6426863],[118.7325472,31.6423712],[118.7319732,31.6420697],[118.731603,31.6416816],[118.7314528,31.641266],[118.7314528,31.6407636],[118.7316674,31.6403252],[118.7315869,31.6399278],[118.7315977,31.6395396],[118.7316191,31.6391788],[118.7315816,31.6388591],[118.7311417,31.6386034],[118.7307072,31.6384161],[118.7306589,31.6379868],[118.7312382,31.6376534],[118.7316781,31.6373748],[118.7316835,31.6371099],[118.7315869,31.6368085],[118.7317693,31.6362102],[118.7316835,31.635959],[118.7314045,31.6357123],[118.7311685,31.6355068],[118.730911,31.6353241],[118.7304604,31.6352876],[118.7300956,31.6353698],[118.729763,31.6354885],[118.7294197,31.6354611],[118.7292749,31.6351551],[118.7292856,31.6348765],[118.7293607,31.6344746],[118.7291729,31.634196]]}},{"type":"Feature","properties":{"osm_id":1413304725,"dataset":"jiangning","kind":"waterway","name":"花津河","highway":"","waterway":"stream","bridge":"","tunnel":"","layer":0,"width_m":6,"z_offset_m":0},"geometry":{"type":"LineString","coordinates":[[118.7285507,31.6341001],[118.7283629,31.6342691],[118.7282181,31.6345842],[118.7281913,31.6348674],[118.7283361,31.6352419],[118.7281269,31.6356073],[118.7276441,31.6358905],[118.7271452,31.6360183],[118.7267214,31.635959],[118.7262547,31.6356027],[118.7256378,31.6352602],[118.7250638,31.6350683],[118.7246507,31.6351094],[118.7243771,31.6353972],[118.7242055,31.6357626],[118.7239855,31.6361051],[118.7236851,31.6362969],[118.7232882,31.6362924],[118.7228966,31.6361279],[118.7225157,31.6357945],[118.7220275,31.6352693],[118.7214653,31.634465]]}},{"type":"Feature","properties":{"osm_id":1413458626,"dataset":"jiangning","kind":"waterway","name":"","highway":"","waterway":"canal","bridge":"","tunnel":"","layer":0,"width_m":12,"z_offset_m":0},"geometry":{"type":"LineString","coordinates":[[118.8893343,31.7336126],[118.8896502,31.7337513]]}},{"type":"Feature","properties":{"osm_id":1413458627,"dataset":"jiangning","kind":"waterway","name":"","highway":"","waterway":"canal","bridge":"","tunnel":"yes","layer":-1,"width_m":12,"z_offset_m":0},"geometry":{"type":"LineString","coordinates":[[118.8889706,31.7332215],[118.8893343,31.7336126]]}},{"type":"Feature","properties":{"osm_id":1413458630,"dataset":"jiangning","kind":"waterway","name":"","highway":"","waterway":"canal","bridge":"","tunnel":"","layer":0,"width_m":12,"z_offset_m":0},"geometry":{"type":"LineString","coordinates":[[118.8864493,31.7146063],[118.886323,31.7146503]]}},{"type":"Feature","properties":{"osm_id":1413458631,"dataset":"jiangning","kind":"waterway","name":"","highway":"","waterway":"river","bridge":"","tunnel":"yes","layer":-1,"width_m":18,"z_offset_m":0},"geometry":{"type":"LineString","coordinates":[[118.8869063,31.714468],[118.8864493,31.7146063]]}},{"type":"Feature","properties":{"osm_id":1420134463,"dataset":"jiangning","kind":"waterway","name":"","highway":"","waterway":"canal","bridge":"","tunnel":"","layer":0,"width_m":12,"z_offset_m":0},"geometry":{"type":"LineString","coordinates":[[118.9537588,31.770747],[118.9536921,31.7709726]]}},{"type":"Feature","properties":{"osm_id":1430924760,"dataset":"jiangning","kind":"waterway","name":"","highway":"","waterway":"river","bridge":"","tunnel":"","layer":0,"width_m":18,"z_offset_m":0},"geometry":{"type":"LineString","coordinates":[[118.8749872,31.7706456],[118.8765858,31.7707215],[118.8758578,31.7727737],[118.8750934,31.7740615],[118.873614,31.7758005],[118.8732034,31.7764384],[118.8727717,31.7764504],[118.8719364,31.777016]]}},{"type":"Feature","properties":{"osm_id":1431434852,"dataset":"jiangning","kind":"waterway","name":"","highway":"","waterway":"drain","bridge":"","tunnel":"","layer":0,"width_m":4,"z_offset_m":0},"geometry":{"type":"LineString","coordinates":[[118.7215161,31.9002439],[118.7213004,31.899964],[118.72115,31.9000576],[118.7211352,31.9000657],[118.7211162,31.9000721],[118.721104,31.9000753]]}},{"type":"Feature","properties":{"osm_id":1431440495,"dataset":"jiangning","kind":"waterway","name":"","highway":"","waterway":"stream","bridge":"","tunnel":"","layer":0,"width_m":6,"z_offset_m":0},"geometry":{"type":"LineString","coordinates":[[118.7232321,31.9015753],[118.7224008,31.9005646],[118.722285,31.9003609],[118.7221574,31.9001095],[118.7219804,31.8999144],[118.7218306,31.8998436],[118.7217296,31.8997234],[118.7214677,31.8994133],[118.7207699,31.8985189],[118.7207248,31.8984431],[118.7205563,31.8982437],[118.720347,31.8980053],[118.720027,31.8977315],[118.7199428,31.8977192],[118.7198543,31.8977647],[118.7197836,31.8978319]]}},{"type":"Feature","properties":{"osm_id":1431440517,"dataset":"jiangning","kind":"waterway","name":"","highway":"","waterway":"stream","bridge":"","tunnel":"","layer":0,"width_m":6,"z_offset_m":0},"geometry":{"type":"LineString","coordinates":[[118.7197204,31.8979043],[118.7196492,31.8979858]]}},{"type":"Feature","properties":{"osm_id":1431440518,"dataset":"jiangning","kind":"waterway","name":"","highway":"","waterway":"stream","bridge":"","tunnel":"culvert","layer":-1,"width_m":6,"z_offset_m":0},"geometry":{"type":"LineString","coordinates":[[118.7197836,31.8978319],[118.7197204,31.8979043]]}},{"type":"Feature","properties":{"osm_id":1431997641,"dataset":"jiangning","kind":"waterway","name":"","highway":"","waterway":"dam","bridge":"","tunnel":"","layer":0,"width_m":5,"z_offset_m":0},"geometry":{"type":"LineString","coordinates":[[118.7268614,31.8029124],[118.7271836,31.8028589],[118.7271652,31.8027856],[118.7268386,31.8028343],[118.7268614,31.8029124]]}},{"type":"Feature","properties":{"osm_id":1432339358,"dataset":"jiangning","kind":"waterway","name":"","highway":"","waterway":"dam","bridge":"","tunnel":"","layer":0,"width_m":5,"z_offset_m":0},"geometry":{"type":"LineString","coordinates":[[118.7506489,31.8058419],[118.7506788,31.8057546],[118.750736,31.8057706],[118.7508502,31.8058025],[118.7508721,31.8058086],[118.7508376,31.8058967],[118.7506489,31.8058419]]}},{"type":"Feature","properties":{"osm_id":1435042655,"dataset":"jiangning","kind":"waterway","name":"","highway":"","waterway":"ditch","bridge":"","tunnel":"","layer":-1,"width_m":3,"z_offset_m":0},"geometry":{"type":"LineString","coordinates":[[118.7579834,31.8086488],[118.7589492,31.8096261],[118.7589544,31.80963],[118.758961,31.8096311],[118.7589698,31.8096268],[118.7589848,31.809614],[118.7600037,31.8087172],[118.7600041,31.8087096],[118.7599996,31.8087024],[118.7599919,31.8086951],[118.759983,31.8086903],[118.7599728,31.8086848],[118.7599569,31.8086737],[118.7599354,31.8086609],[118.759909,31.8086409],[118.7597805,31.8085514],[118.7592123,31.8081523],[118.7591916,31.80814],[118.7591802,31.8081371],[118.7591688,31.8081353],[118.7591578,31.8081389],[118.7591482,31.8081476],[118.7591362,31.8081594],[118.7590241,31.8082743],[118.7590016,31.8082949],[118.7589768,31.8083122],[118.7589394,31.8083348],[118.75889,31.8083659],[118.7587078,31.8084749],[118.7586837,31.8084862],[118.7586612,31.8084916],[118.758643,31.8084937],[118.7586218,31.8084941],[118.758591,31.8084926],[118.7585718,31.8084886],[118.7585548,31.808483],[118.7585246,31.8084703],[118.7584945,31.8084543],[118.7584586,31.8084324],[118.7584319,31.8084148],[118.7583876,31.808383],[118.7583299,31.8083453],[118.7582989,31.8083241],[118.7582608,31.8083021],[118.7582412,31.8082981],[118.7582227,31.8083001],[118.7582015,31.8083054],[118.7581872,31.8083162],[118.7581695,31.80834]]}},{"type":"Feature","properties":{"osm_id":1435042656,"dataset":"jiangning","kind":"waterway","name":"","highway":"","waterway":"ditch","bridge":"","tunnel":"","layer":0,"width_m":3,"z_offset_m":0},"geometry":{"type":"LineString","coordinates":[[118.7592493,31.8080911],[118.7600442,31.8086456],[118.7600547,31.8086528],[118.7600626,31.8086567],[118.760069,31.8086587],[118.7600727,31.8086592],[118.7600812,31.8086568],[118.7600891,31.8086506],[118.7601,31.8086403],[118.7607108,31.8081457],[118.7607165,31.8081405],[118.7607201,31.8081359],[118.7607221,31.8081314],[118.7607213,31.8081272],[118.7607175,31.8081229],[118.7607073,31.8081126],[118.7599589,31.8074731]]}},{"type":"Feature","properties":{"osm_id":1435042668,"dataset":"jiangning","kind":"waterway","name":"","highway":"","waterway":"ditch","bridge":"","tunnel":"","layer":0,"width_m":3,"z_offset_m":0},"geometry":{"type":"LineString","coordinates":[[118.7600247,31.8074295],[118.7607564,31.8080534],[118.7607729,31.8080681],[118.7607799,31.8080714],[118.7607869,31.8080722],[118.7607942,31.8080697],[118.7608031,31.8080637],[118.7608187,31.8080518],[118.7618544,31.8072244],[118.7618628,31.8072155],[118.7618664,31.8072071],[118.7618658,31.807199],[118.7618612,31.8071854],[118.7618532,31.8071713],[118.7618384,31.8071545],[118.7618085,31.8071281],[118.7615433,31.8069548],[118.7615294,31.8069466],[118.7615133,31.8069393],[118.7615036,31.8069366],[118.7614934,31.8069355],[118.7614808,31.8069343],[118.7614687,31.8069366],[118.7614532,31.8069412],[118.761439,31.8069485],[118.7614223,31.8069612],[118.7611856,31.8071318],[118.7611661,31.8071436],[118.7611446,31.8071535],[118.7611199,31.8071626],[118.7610982,31.8071672],[118.7610816,31.8071686],[118.7610613,31.8071668],[118.7610403,31.8071622],[118.7610202,31.8071545],[118.7610024,31.8071442],[118.7609859,31.8071323],[118.7609585,31.8071069],[118.7607314,31.8068796],[118.7607231,31.806873],[118.7607147,31.8068678],[118.7607067,31.8068629],[118.7606976,31.8068604],[118.7606865,31.8068612],[118.7606771,31.8068644],[118.7606701,31.8068684],[118.760651,31.8068813],[118.7600304,31.8074034],[118.7600215,31.8074104],[118.760019,31.8074152],[118.760019,31.80742],[118.7600205,31.8074245],[118.7600247,31.8074295]]}},{"type":"Feature","properties":{"osm_id":1435257519,"dataset":"jiangning","kind":"waterway","name":"","highway":"","waterway":"stream","bridge":"","tunnel":"","layer":0,"width_m":6,"z_offset_m":0},"geometry":{"type":"LineString","coordinates":[[118.7640587,31.8071501],[118.7640251,31.8071721],[118.7639758,31.8072084],[118.7639214,31.8072404],[118.7638709,31.8072536],[118.7638139,31.8072381],[118.763757,31.8072117],[118.7636948,31.8072062],[118.7636119,31.8072018],[118.7635523,31.8071875],[118.7635005,31.8071589],[118.7634539,31.8071259],[118.7633982,31.8070929],[118.7633451,31.807073],[118.7632933,31.8070554],[118.7632557,31.8070532],[118.7632026,31.8070565],[118.7631521,31.8070389],[118.7631081,31.807007],[118.7630873,31.8069674],[118.7630886,31.8069366],[118.7631145,31.8069035],[118.763165,31.8068727],[118.763213,31.8068386],[118.7632324,31.8067957],[118.7632454,31.8067461],[118.7632505,31.80669],[118.7632415,31.8066405],[118.763222,31.8065942],[118.7631897,31.8065414],[118.763156,31.8064996],[118.7631353,31.80646],[118.7631288,31.806417],[118.7631391,31.8063752],[118.7631521,31.8063268],[118.7631638,31.8062761],[118.7631638,31.8062442],[118.7631443,31.8062145],[118.7631068,31.8061925],[118.763077,31.8061771],[118.7630627,31.8061496]]}},{"type":"Feature","properties":{"osm_id":1435257520,"dataset":"jiangning","kind":"waterway","name":"","highway":"","waterway":"stream","bridge":"","tunnel":"","layer":0,"width_m":6,"z_offset_m":0},"geometry":{"type":"LineString","coordinates":[[118.7630285,31.8060147],[118.7630122,31.8059503],[118.7629876,31.8059173]]}},{"type":"Feature","properties":{"osm_id":1435257521,"dataset":"jiangning","kind":"waterway","name":"","highway":"","waterway":"stream","bridge":"","tunnel":"culvert","layer":-1,"width_m":6,"z_offset_m":0},"geometry":{"type":"LineString","coordinates":[[118.7630627,31.8061496],[118.7630546,31.8061177],[118.7630285,31.8060147]]}},{"type":"Feature","properties":{"osm_id":1435257522,"dataset":"jiangning","kind":"waterway","name":"","highway":"","waterway":"stream","bridge":"","tunnel":"","layer":0,"width_m":6,"z_offset_m":0},"geometry":{"type":"LineString","coordinates":[[118.763165,31.8058425],[118.7632389,31.8058469],[118.763314,31.8058711],[118.7634357,31.8059294],[118.7635303,31.8059657],[118.7635951,31.8059844],[118.7636844,31.806001],[118.7637945,31.8060186],[118.7638567,31.8060395],[118.7638904,31.8060549],[118.7639253,31.8060571],[118.7639474,31.8060549],[118.7639758,31.8060615],[118.7639875,31.8060791],[118.7639927,31.8061055],[118.7639953,31.8061374],[118.7640061,31.8061665],[118.7640233,31.8061945],[118.7640547,31.8062195],[118.7640959,31.8062478],[118.7641666,31.8062887],[118.7642338,31.8063179],[118.7642574,31.8063267],[118.7643266,31.8063525],[118.764437,31.8063721],[118.7645532,31.8064164],[118.7646247,31.806491],[118.7646648,31.8065555],[118.7646931,31.8066035],[118.7647322,31.8066401],[118.7648388,31.8066804],[118.7649324,31.8067134],[118.7650023,31.8067537],[118.7651618,31.8068251],[118.7652723,31.8068643],[118.7653185,31.8069075],[118.765376,31.8069376],[118.7654505,31.8069539],[118.7655469,31.8069448],[118.7656066,31.8069276],[118.7656839,31.806917],[118.7657707,31.8069362],[118.7658569,31.8069621],[118.7658958,31.8069664],[118.765978,31.806971],[118.7660568,31.806952],[118.7661134,31.8069457],[118.7661982,31.806947],[118.7663187,31.8069887],[118.7664347,31.8070393],[118.7665195,31.8070987],[118.7666281,31.8071606],[118.7667159,31.8071973],[118.7668305,31.8072264],[118.7669599,31.8072631],[118.7670551,31.8073162],[118.7671697,31.8073908],[118.7672739,31.8074628],[118.7673944,31.80754],[118.7675461,31.8076348],[118.7676666,31.8076854],[118.7677063,31.8077031],[118.7677574,31.8077258],[118.7678392,31.8077739],[118.7679582,31.807832],[118.7680802,31.8078598],[118.7682513,31.807894],[118.7684076,31.8079129],[118.768598,31.807937],[118.768714,31.8079496],[118.7687455,31.8079572],[118.7687646,31.8079724],[118.7687703,31.8079844],[118.7687706,31.8080179],[118.7687691,31.8080659],[118.7687631,31.8081165],[118.7687676,31.8081595],[118.7687795,31.8081999],[118.7688003,31.8082328],[118.7688479,31.8082657],[118.7689134,31.8082922],[118.7690696,31.8083529],[118.7693002,31.8084288],[118.7694788,31.8084478],[118.7697629,31.8084667],[118.7700263,31.8084629]]}},{"type":"Feature","properties":{"osm_id":1435257523,"dataset":"jiangning","kind":"waterway","name":"","highway":"","waterway":"stream","bridge":"","tunnel":"","layer":0,"width_m":6,"z_offset_m":0},"geometry":{"type":"LineString","coordinates":[[118.7595211,31.807524],[118.7596305,31.8074656],[118.7596654,31.8074368],[118.7596846,31.8074033],[118.7597128,31.8073161],[118.7597506,31.8072548],[118.759781,31.8071959],[118.7598081,31.807159],[118.7598599,31.8070761],[118.7599175,31.8069788],[118.7599648,31.8069256],[118.7600855,31.8068538],[118.7602298,31.806792],[118.7603499,31.8067508],[118.7604147,31.8067086],[118.7604615,31.8066674],[118.7605162,31.8066248],[118.7606002,31.8065845],[118.7606825,31.8065601],[118.7607157,31.8065529],[118.7607479,31.8065495],[118.7607772,31.8065376],[118.7610283,31.8064209],[118.7612254,31.8063501],[118.7613124,31.8063058],[118.7614248,31.8062363],[118.7615237,31.8061649],[118.7616018,31.806113],[118.7616941,31.8060504],[118.7618019,31.8060081],[118.7620236,31.8059486],[118.76213,31.8059271],[118.7623115,31.8058886],[118.7624819,31.805862],[118.7626262,31.8058608],[118.7627772,31.8058721],[118.7628821,31.8058911],[118.7629876,31.8059173]]}},{"type":"Feature","properties":{"osm_id":1435257524,"dataset":"jiangning","kind":"waterway","name":"","highway":"","waterway":"stream","bridge":"","tunnel":"","layer":0,"width_m":6,"z_offset_m":0},"geometry":{"type":"LineString","coordinates":[[118.7583935,31.8069434],[118.7583567,31.8069903],[118.7582958,31.8070505],[118.7582505,31.807107],[118.758235,31.8071527],[118.7582479,31.8071862],[118.7584304,31.8072729],[118.7585777,31.8073563],[118.7586857,31.8074014],[118.7588113,31.8074214],[118.7589193,31.8074831],[118.7590194,31.8075515],[118.7590842,31.8075964],[118.7591022,31.8076088],[118.7591321,31.8076151],[118.7591688,31.8076074],[118.7592246,31.8075921],[118.7593199,31.8075782],[118.7593988,31.8075753],[118.7594523,31.8075643]]}},{"type":"Feature","properties":{"osm_id":1435257525,"dataset":"jiangning","kind":"waterway","name":"","highway":"","waterway":"stream","bridge":"","tunnel":"culvert","layer":-1,"width_m":6,"z_offset_m":0},"geometry":{"type":"LineString","coordinates":[[118.7594523,31.8075643],[118.7595211,31.807524]]}},{"type":"Feature","properties":{"osm_id":1435257526,"dataset":"jiangning","kind":"waterway","name":"","highway":"","waterway":"stream","bridge":"","tunnel":"culvert","layer":-1,"width_m":6,"z_offset_m":0},"geometry":{"type":"LineString","coordinates":[[118.7630604,31.8058866],[118.763165,31.8058425]]}},{"type":"Feature","properties":{"osm_id":1435257527,"dataset":"jiangning","kind":"waterway","name":"","highway":"","waterway":"stream","bridge":"","tunnel":"","layer":0,"width_m":6,"z_offset_m":0},"geometry":{"type":"LineString","coordinates":[[118.7629876,31.8059173],[118.7630604,31.8058866]]}},{"type":"Feature","properties":{"osm_id":1435257531,"dataset":"jiangning","kind":"waterway","name":"","highway":"","waterway":"stream","bridge":"","tunnel":"","layer":0,"width_m":6,"z_offset_m":0},"geometry":{"type":"LineString","coordinates":[[118.7585266,31.8060712],[118.7585351,31.8062276],[118.7585266,31.8064826],[118.7584629,31.8067292],[118.7584261,31.8068496]]}},{"type":"Feature","properties":{"osm_id":1435257532,"dataset":"jiangning","kind":"waterway","name":"","highway":"","waterway":"stream","bridge":"","tunnel":"culvert","layer":-1,"width_m":6,"z_offset_m":0},"geometry":{"type":"LineString","coordinates":[[118.7584261,31.8068496],[118.7583935,31.8069434]]}},{"type":"Feature","properties":{"osm_id":1435257560,"dataset":"jiangning","kind":"waterway","name":"","highway":"","waterway":"stream","bridge":"","tunnel":"","layer":0,"width_m":6,"z_offset_m":0},"geometry":{"type":"LineString","coordinates":[[118.7630459,31.8060975],[118.7630384,31.8060925],[118.7630293,31.8060907],[118.7630191,31.8060914],[118.7630001,31.8060989],[118.7629296,31.8061228],[118.7627662,31.8061677]]}},{"type":"Feature","properties":{"osm_id":1435257561,"dataset":"jiangning","kind":"waterway","name":"","highway":"","waterway":"stream","bridge":"","tunnel":"","layer":0,"width_m":6,"z_offset_m":0},"geometry":{"type":"LineString","coordinates":[[118.7630627,31.8061496],[118.7630546,31.8061177],[118.7630526,31.806113]]}},{"type":"Feature","properties":{"osm_id":1435257562,"dataset":"jiangning","kind":"waterway","name":"","highway":"","waterway":"stream","bridge":"","tunnel":"culvert","layer":-1,"width_m":6,"z_offset_m":0},"geometry":{"type":"LineString","coordinates":[[118.7630526,31.806113],[118.7630459,31.8060975]]}},{"type":"Feature","properties":{"osm_id":1443413388,"dataset":"jiangning","kind":"waterway","name":"","highway":"","waterway":"stream","bridge":"","tunnel":"","layer":0,"width_m":6,"z_offset_m":0},"geometry":{"type":"LineString","coordinates":[[118.756046,31.8049536],[118.7562432,31.8049977],[118.7563863,31.8050315],[118.7564554,31.8050917],[118.7565115,31.8051566],[118.7565359,31.8051801],[118.7565708,31.8052015],[118.7566554,31.8052271],[118.7567229,31.8052375],[118.756844,31.8052458],[118.7569148,31.8052623],[118.7569611,31.80529],[118.7570107,31.8053045],[118.7570749,31.8053232],[118.757101,31.8053314],[118.7571628,31.8053542],[118.7572468,31.8053946],[118.7573101,31.8054293],[118.7573422,31.8054475],[118.7573884,31.8054484],[118.7574388,31.805443],[118.7575536,31.8054147],[118.7576587,31.8053883],[118.7577692,31.8053755],[118.7578894,31.8053728],[118.758031,31.8053965],[118.7581093,31.8054238],[118.7581684,31.8054648],[118.7582338,31.8055214],[118.7582928,31.8055743],[118.7583626,31.8056126],[118.7584259,31.8056454],[118.7585042,31.8056764],[118.7585771,31.8056992],[118.7586415,31.8057265],[118.7586909,31.8057721],[118.7587327,31.8058387],[118.7587885,31.8059007],[118.7588571,31.8059727],[118.7589226,31.8060374],[118.7589837,31.8061104],[118.7590127,31.8061842],[118.7590277,31.8062253],[118.7590346,31.8062337],[118.7590657,31.8062455],[118.7591477,31.8062619],[118.7593425,31.8063025],[118.7594106,31.8063217]]}},{"type":"Feature","properties":{"osm_id":1443413392,"dataset":"jiangning","kind":"waterway","name":"","highway":"","waterway":"stream","bridge":"","tunnel":"","layer":0,"width_m":6,"z_offset_m":0},"geometry":{"type":"LineString","coordinates":[[118.7781339,31.81177],[118.7780565,31.811616],[118.7779206,31.8114765],[118.777779,31.8114211],[118.7776205,31.8113875],[118.7775016,31.8113706],[118.7774563,31.8113321],[118.7774223,31.8112696],[118.7773713,31.8111372],[118.7773147,31.8110819],[118.7772524,31.8110626],[118.7771477,31.8110554],[118.7770486,31.8110554],[118.7769381,31.8110338],[118.7768532,31.8109977],[118.7767824,31.8109471],[118.7767513,31.8108701],[118.7767484,31.8107811],[118.7767541,31.8107065],[118.7767852,31.8106344],[118.7768077,31.8105296],[118.7768274,31.8104112],[118.7768287,31.8103222],[118.7768287,31.8102301],[118.7768496,31.8100583],[118.7768619,31.8099619],[118.7768804,31.8098949],[118.7769038,31.8098614],[118.7769334,31.8098363],[118.7769901,31.8098153],[118.7770677,31.809809],[118.7771614,31.809808],[118.7772452,31.8097986],[118.7772847,31.8097787],[118.7773031,31.8097567],[118.7773155,31.80972],[118.7773216,31.8096603],[118.7773167,31.8096048],[118.7773056,31.809543],[118.7772637,31.8094278],[118.7772243,31.809365],[118.7771774,31.8093157],[118.7771158,31.8092728],[118.777064,31.8092445],[118.7770184,31.80921],[118.7769815,31.8091691],[118.7769285,31.8090874],[118.776889,31.8090047],[118.7768681,31.8089513],[118.7768595,31.808901],[118.7768434,31.8088518],[118.7768003,31.8087753],[118.776751,31.8087345],[118.7766943,31.8086874],[118.7766315,31.8086507],[118.7765637,31.8086057],[118.7764934,31.8085554],[118.7764047,31.8084747],[118.7762901,31.8083815],[118.7762211,31.8083061],[118.7761767,31.8082454],[118.7761656,31.8082066],[118.7761681,31.8081427],[118.7761705,31.8081019],[118.7761632,31.8080715],[118.7761508,31.8080401],[118.7761274,31.8080139],[118.7760892,31.8079835],[118.7760042,31.8079186],[118.7758205,31.8077992],[118.7757712,31.8077699],[118.7757293,31.8077332],[118.7757121,31.8076924],[118.775701,31.8076515],[118.7756887,31.8076076],[118.7756616,31.807573],[118.7756073,31.80755],[118.775542,31.8075342],[118.7754705,31.8075384],[118.7753954,31.8075562],[118.7753239,31.8075761],[118.7752635,31.807574],[118.7752117,31.8075625],[118.7751501,31.8075353],[118.7751094,31.8074923],[118.7750848,31.8074536],[118.775049,31.8074306],[118.77498,31.8073771],[118.7749332,31.8073415],[118.7748901,31.8072996],[118.7748716,31.8072483],[118.7748728,31.8071918],[118.7748703,31.8071195],[118.7748679,31.8070525],[118.7748605,31.8069592],[118.7748494,31.8068797],[118.7747828,31.8067037],[118.7747003,31.8065843],[118.7746041,31.8064668],[118.7745017,31.80637],[118.7744074,31.8062982],[118.7743163,31.8062277],[118.774235,31.8061683],[118.7741992,31.8061213],[118.7741635,31.8060619],[118.7740968,31.8059333],[118.774048,31.805867],[118.7739732,31.805802],[118.7739179,31.805762],[118.7738642,31.8057398],[118.7738171,31.8057025],[118.7737862,31.8056729],[118.7737744,31.8056319],[118.7737765,31.8055726],[118.7738216,31.8055206],[118.7738731,31.8054714],[118.7739171,31.8054368],[118.7739643,31.805393],[118.7739986,31.8053602],[118.7740168,31.8053337],[118.7740254,31.8052845],[118.7740007,31.8052225],[118.7739814,31.8051641],[118.7739825,31.8051231],[118.7739846,31.8050675],[118.7740104,31.8049572],[118.7740254,31.8048687],[118.7740297,31.8048131],[118.7740211,31.8047566],[118.774004,31.8047192],[118.7739439,31.8046107],[118.7738688,31.8044912],[118.7737679,31.804318],[118.7737025,31.8042669],[118.7736006,31.8042223],[118.773533,31.8041967],[118.7734943,31.8041603],[118.7734214,31.8040891],[118.7733677,31.8040162],[118.773342,31.8039679],[118.7731188,31.8035047],[118.773033,31.8032986],[118.7729927,31.8032301],[118.7729594,31.8031966],[118.7729175,31.8031787],[118.7728584,31.8031672],[118.772798,31.8031672],[118.7727253,31.8031683],[118.7726106,31.8031746],[118.7725158,31.8031704],[118.7723777,31.8031515],[118.7720561,31.8030845],[118.7719636,31.8030541],[118.7718527,31.8030091],[118.7717701,31.8029735],[118.7716999,31.8029022],[118.7716728,31.802831],[118.7716518,31.802765],[118.7716198,31.8027074],[118.7715298,31.8025587],[118.7714744,31.8024665],[118.7714288,31.8023859],[118.7713942,31.8023429],[118.7713795,31.8023251],[118.771271,31.802279],[118.7711897,31.8022329],[118.7711788,31.8022012],[118.7711895,31.8021346],[118.7712142,31.8020809],[118.7712196,31.8020152],[118.7711885,31.8019459],[118.7711262,31.8018766],[118.7710468,31.8018164],[118.7709825,31.8017663],[118.7708666,31.8016514],[118.7707775,31.8015866],[118.7706949,31.8015411],[118.7706302,31.8014977],[118.7706009,31.8014508],[118.7705977,31.8013236],[118.7706042,31.8011605],[118.7705928,31.8010126],[118.7705619,31.800927],[118.7705017,31.8008579],[118.7704074,31.8008454],[118.7702871,31.8008509],[118.7701488,31.8008551],[118.7700513,31.8008565],[118.7699017,31.8008496],[118.769687,31.8008551],[118.7695585,31.8008302],[118.7694008,31.800786],[118.7692967,31.8007542],[118.7691861,31.8007183],[118.7690593,31.8006823],[118.7688739,31.8006395],[118.7686755,31.8005883],[118.7685568,31.8005579],[118.7684316,31.800522],[118.7682836,31.800493],[118.7680722,31.8004695],[118.7679421,31.8004557],[118.767838,31.8004308],[118.7677372,31.8003824],[118.7676933,31.8003492],[118.7676104,31.8003271],[118.7675518,31.8003368],[118.7674786,31.8003644],[118.7673485,31.8003769],[118.7672363,31.8003755],[118.7671567,31.8003658],[118.7670867,31.8003271],[118.7670136,31.8002815],[118.766929,31.8002304],[118.7668038,31.8001585],[118.766703,31.8001171],[118.766555,31.8000728],[118.7664444,31.8000549],[118.7662009,31.8000299],[118.7659914,31.8000323],[118.7657677,31.8000323],[118.765561,31.7999842],[118.765445,31.7998807],[118.7653572,31.7998181],[118.7653031,31.7997663],[118.765186,31.7996986],[118.7649941,31.7996474],[118.764864,31.7996405],[118.7647957,31.7996419],[118.7647404,31.7996695],[118.7647176,31.7997207],[118.7646965,31.7997635],[118.7646444,31.7997787],[118.7645501,31.7997649],[118.7644607,31.7997649],[118.7643192,31.799758],[118.7641891,31.7997608],[118.7639533,31.7997746],[118.7638216,31.799776],[118.7636541,31.7997511],[118.7634541,31.7997234],[118.7632931,31.7997359],[118.7630963,31.79974],[118.7629386,31.7997359],[118.7627955,31.7997027],[118.7626459,31.799653],[118.7625141,31.7995839],[118.7624361,31.7995134],[118.7622686,31.7993475],[118.7621596,31.7992549],[118.7619596,31.7991333],[118.7617157,31.7989965],[118.7615856,31.7988956],[118.7615238,31.7988389],[118.7614262,31.7987117],[118.7613498,31.7986122],[118.7613059,31.7985818],[118.7612148,31.7985722],[118.7611303,31.7985763],[118.7610392,31.7985722],[118.760966,31.7985404],[118.7609123,31.7984975],[118.7608294,31.798427],[118.7607611,31.7983676],[118.7606538,31.7982861],[118.760631,31.7982252],[118.760592,31.7981935],[118.7604912,31.7981492],[118.7603692,31.7981257],[118.7602391,31.7981161],[118.7600293,31.7980815],[118.7599513,31.7980525],[118.7598748,31.7979903],[118.7598584,31.7979816],[118.7598371,31.7979702],[118.759816,31.7979624],[118.7598013,31.7979511],[118.7597879,31.7979354],[118.7597496,31.7979074],[118.7596968,31.797897],[118.7596065,31.7978687],[118.7595512,31.7978687]]}},{"type":"Feature","properties":{"osm_id":1443413399,"dataset":"jiangning","kind":"waterway","name":"","highway":"","waterway":"stream","bridge":"","tunnel":"","layer":0,"width_m":6,"z_offset_m":0},"geometry":{"type":"LineString","coordinates":[[118.7594715,31.7978825],[118.7593415,31.7979267],[118.7592406,31.7979309],[118.7591252,31.797906],[118.7590487,31.7978493],[118.7589967,31.7977678],[118.7589479,31.7977028],[118.7588877,31.7976074],[118.7588162,31.7974596],[118.7587723,31.7973628],[118.7587381,31.7972757],[118.7587186,31.7971928],[118.7587024,31.7970891],[118.7586828,31.7970145],[118.7586698,31.7969689],[118.7586731,31.7969316],[118.7586959,31.7968998],[118.7587105,31.7968459],[118.7587007,31.7967809],[118.7586585,31.7967035],[118.7586113,31.7966123],[118.758491,31.7964147],[118.758447,31.796358],[118.7584243,31.79634],[118.7584048,31.7963234],[118.7583983,31.7962944],[118.7583869,31.7962695],[118.7583657,31.7962516],[118.7583527,31.7962336],[118.7583381,31.7962101],[118.7583104,31.7961977],[118.7582796,31.7961797],[118.7582552,31.7961534],[118.758234,31.7961382],[118.7581153,31.7960456],[118.7580747,31.7960111],[118.7580307,31.7959917],[118.757995,31.7959586],[118.7579803,31.7959295],[118.7579868,31.7958604],[118.757995,31.7957761],[118.7579998,31.7957015],[118.757995,31.7956503],[118.7579673,31.795602],[118.7579267,31.7955881],[118.7578389,31.7956061],[118.7577673,31.795631],[118.7577201,31.7956282],[118.7576275,31.7956116],[118.75759,31.7956006],[118.7575608,31.7955798],[118.757499,31.7955246],[118.7574128,31.7954168],[118.7572762,31.7952827],[118.7571705,31.7952246],[118.7570241,31.7951887],[118.756842,31.795179],[118.7567428,31.7951763],[118.7565477,31.7951362],[118.7564533,31.7951224],[118.7563834,31.7950643],[118.7563249,31.7949689],[118.7562322,31.7948459],[118.7561801,31.7947975],[118.7561314,31.7947436],[118.7560663,31.7946718],[118.7559752,31.7946441],[118.75589,31.7946298],[118.7556939,31.7945853],[118.7554454,31.7945488],[118.7552605,31.7945282],[118.7550625,31.794525],[118.754872,31.7945107],[118.7547935,31.7945269],[118.7547337,31.7945393],[118.7546366,31.7946298],[118.7545581,31.7947187],[118.7541397,31.7949743],[118.7539081,31.7950331],[118.7535905,31.7950839],[118.7534728,31.7951363],[118.7533925,31.7952299],[118.7533608,31.7953411],[118.7533365,31.7954284],[118.7533402,31.7955062],[118.7533421,31.7955522],[118.7532804,31.7956777],[118.753159,31.7957396],[118.7530563,31.7957666],[118.7529816,31.7957634],[118.7529479,31.7957317],[118.7529162,31.7956697],[118.7528695,31.7956269],[118.7528097,31.7956078],[118.752735,31.7956046],[118.7526472,31.795611],[118.7525781,31.7956427],[118.7525444,31.7956872],[118.7525015,31.7957412],[118.7524604,31.7957999],[118.7524081,31.7959031],[118.7523726,31.7959428],[118.7523203,31.7960079],[118.7522699,31.7960635],[118.7522381,31.7961397],[118.7522456,31.7961825],[118.7522624,31.7962778],[118.7523035,31.7963572],[118.7523558,31.7964064],[118.7523913,31.7964667],[118.7523913,31.7965239],[118.752367,31.7965779],[118.7523053,31.7966096],[118.7522605,31.7966176],[118.752042,31.7967112],[118.751872,31.7967922],[118.751786,31.7968271],[118.7516926,31.7968621],[118.7516274,31.7968745],[118.7515726,31.796875],[118.7515295,31.7968944],[118.7514851,31.7969022],[118.7514555,31.7969096],[118.7514333,31.7969201],[118.7514044,31.7969253],[118.7513822,31.7969342],[118.75136,31.7969478],[118.751331,31.7969578],[118.7513138,31.7969614],[118.7512935,31.7969698],[118.7512774,31.7969803],[118.7512368,31.7969819],[118.7511899,31.7969735],[118.7511523,31.7969457],[118.7511289,31.7969221],[118.7511203,31.7968965],[118.7511203,31.7968724],[118.7511351,31.7968493],[118.7511431,31.7968284],[118.7511406,31.7967996],[118.7511308,31.796764],[118.7511043,31.7967032],[118.7511006,31.7966624],[118.7510938,31.7966205],[118.7510765,31.7965948],[118.7510501,31.7965681],[118.7510001,31.796532],[118.7509761,31.7965204],[118.7509137,31.796488],[118.7508535,31.7964765],[118.7508403,31.7964603],[118.7508303,31.796426],[118.7508112,31.7964013],[118.7507702,31.7963731],[118.7507397,31.796346],[118.750722,31.7963105],[118.7507298,31.796272],[118.7507242,31.7962485],[118.7507171,31.796222],[118.7507164,31.796204],[118.7507022,31.7961866],[118.7506654,31.7961715],[118.7506392,31.7961559],[118.7506265,31.796136],[118.7506286,31.7961047],[118.7506392,31.7960584],[118.7506442,31.7960325],[118.7506371,31.7960157],[118.7506194,31.7959952],[118.7506152,31.795973],[118.7506194,31.7959387],[118.7506166,31.795911],[118.7506081,31.7958827],[118.7505868,31.7958478],[118.7505741,31.7958244],[118.7505614,31.7957907],[118.7505309,31.7957414],[118.750521,31.7957035],[118.750526,31.7956674],[118.7505224,31.7956457],[118.750501,31.7955862],[118.7504785,31.795526],[118.7504318,31.7954802],[118.7502824,31.79545],[118.7501012,31.7954278],[118.7499462,31.7953865],[118.7497762,31.7953277],[118.7496884,31.7952738],[118.7494624,31.7952055],[118.7492531,31.7951817],[118.7491023,31.7951469],[118.7490224,31.7951295],[118.7488878,31.7950773],[118.7488558,31.7950543],[118.7488336,31.7950197],[118.7487868,31.7949904],[118.7487116,31.7949788],[118.7486795,31.794982],[118.7486302,31.7949904],[118.7485871,31.7949799],[118.7485021,31.7949254],[118.7484639,31.7948835],[118.7484343,31.7948186],[118.7483628,31.7947463],[118.7482581,31.7946971],[118.7480917,31.7946447],[118.7479068,31.7946195],[118.7477959,31.7945756],[118.7477392,31.7945263],[118.7476443,31.7944949],[118.7475334,31.7944855],[118.7474114,31.7944813],[118.7473214,31.7944823],[118.7472265,31.7944792],[118.74716,31.7944719],[118.7470983,31.7944415],[118.7470749,31.7943954],[118.747049,31.7943346],[118.7470207,31.7942791],[118.7469283,31.7941346],[118.7468851,31.794055],[118.7468149,31.7939607],[118.7467052,31.7938517],[118.746598,31.7937774],[118.7464846,31.7937208],[118.7463946,31.7936998],[118.7462813,31.7936789],[118.746158,31.7936705],[118.7460027,31.7936548],[118.7458684,31.7936443],[118.7455868,31.7936109],[118.7455042,31.7935784],[118.7454537,31.7935522],[118.7454291,31.7935082],[118.7454241,31.7934475],[118.7454303,31.7933836],[118.745418,31.7932683],[118.7454054,31.7931905]]}},{"type":"Feature","properties":{"osm_id":1443413400,"dataset":"jiangning","kind":"waterway","name":"","highway":"","waterway":"river","bridge":"","tunnel":"culvert","layer":-1,"width_m":18,"z_offset_m":0},"geometry":{"type":"LineString","coordinates":[[118.7595512,31.7978687],[118.7594715,31.7978825]]}},{"type":"Feature","properties":{"osm_id":1455414535,"dataset":"jiangning","kind":"waterway","name":"","highway":"","waterway":"ditch","bridge":"","tunnel":"","layer":0,"width_m":3,"z_offset_m":0},"geometry":{"type":"LineString","coordinates":[[118.7772335,31.8188423],[118.7773839,31.8188292],[118.7774547,31.8188278],[118.7775352,31.8188312],[118.7776433,31.8188388],[118.7777319,31.8188464],[118.7778018,31.8188568],[118.7778734,31.8188713],[118.7779059,31.8188761],[118.7779393,31.8188761],[118.7780053,31.81887],[118.7780656,31.8188604],[118.7781137,31.8188537],[118.7781837,31.8188489],[118.7782575,31.8188501],[118.7783444,31.8188593],[118.778413,31.8188731],[118.7784742,31.8188807],[118.77854,31.8188843],[118.7786199,31.8188783],[118.7786979,31.818872],[118.7787763,31.8188632],[118.7788399,31.8188577],[118.7789234,31.8188489],[118.7789954,31.8188414],[118.7790715,31.8188406],[118.779121,31.8188481],[118.7791602,31.8188593],[118.7792475,31.8188811],[118.7793125,31.8188946],[118.7793582,31.8188981],[118.7794119,31.8189013],[118.7794736,31.8189013],[118.7795058,31.8189005],[118.7795375,31.8189053],[118.7795609,31.8189053],[118.7796104,31.8189009],[118.779708,31.818891],[118.7798355,31.8188771],[118.779956,31.8188628],[118.780027,31.818862],[118.7800928,31.8188684],[118.7801792,31.8188771],[118.7802833,31.8188866],[118.7803707,31.8188962],[118.7804463,31.8189017],[118.7804874,31.8189057],[118.7805052,31.8189104],[118.7805126,31.8189144]]}},{"type":"Feature","properties":{"osm_id":1455414555,"dataset":"jiangning","kind":"waterway","name":"","highway":"","waterway":"ditch","bridge":"","tunnel":"","layer":0,"width_m":3,"z_offset_m":0},"geometry":{"type":"LineString","coordinates":[[118.7805168,31.8196342],[118.7804508,31.8196296],[118.7805126,31.8189144],[118.7805501,31.818499],[118.7805683,31.8183376],[118.7805758,31.8183039],[118.7805769,31.8182711],[118.7805844,31.8181161],[118.7805908,31.8180586],[118.7805951,31.8180012],[118.7806305,31.8175864]]}},{"type":"Feature","properties":{"osm_id":1463735965,"dataset":"jiangning","kind":"waterway","name":"Pkháî Lqěmg","highway":"","waterway":"ditch","bridge":"","tunnel":"","layer":0,"width_m":3,"z_offset_m":0},"geometry":{"type":"LineString","coordinates":[[118.7921112,31.9349406],[118.7921098,31.9349411],[118.7921088,31.9349416],[118.7921082,31.934942],[118.7921074,31.9349423],[118.7921058,31.9349426],[118.7921049,31.9349427],[118.792104,31.9349425],[118.7921033,31.9349421],[118.7921026,31.9349417],[118.7921021,31.934941],[118.792102,31.9349402],[118.792102,31.9349393],[118.7921024,31.9349387],[118.7921032,31.9349381],[118.7921036,31.9349375],[118.7921036,31.9349367],[118.7921034,31.9349358],[118.7921027,31.9349352],[118.7921019,31.9349351],[118.7921011,31.9349347],[118.7921006,31.9349339],[118.7921001,31.9349333],[118.7921001,31.9349326],[118.7921004,31.9349319],[118.7921011,31.9349315],[118.7921019,31.9349313],[118.7921026,31.9349309],[118.7921033,31.9349303],[118.7921038,31.9349297],[118.7921044,31.934929],[118.7921048,31.9349284],[118.7921048,31.9349277],[118.7921046,31.934927],[118.7921038,31.9349264],[118.7921029,31.9349261],[118.7921021,31.9349265],[118.7921019,31.9349273],[118.7921018,31.9349281],[118.7921013,31.9349289],[118.7921008,31.9349294],[118.7920997,31.9349302],[118.7920987,31.9349305],[118.7920979,31.9349302],[118.7920977,31.9349294],[118.7920981,31.9349285],[118.7920989,31.9349276],[118.7920994,31.9349268],[118.7920997,31.9349257],[118.7920999,31.9349241],[118.7921001,31.9349228],[118.7921009,31.9349216],[118.7921016,31.9349212],[118.7921024,31.934921],[118.7921031,31.9349214],[118.7921038,31.9349218],[118.7921046,31.9349216],[118.792105,31.9349208],[118.7921046,31.9349198],[118.7921042,31.9349189],[118.7921042,31.9349179],[118.7921042,31.9349167],[118.7921044,31.9349156],[118.7921047,31.9349144],[118.7921048,31.9349134],[118.7921052,31.934912],[118.7921052,31.934911],[118.7921054,31.9349101],[118.7921053,31.9349092],[118.792105,31.9349082],[118.7921047,31.9349072],[118.7921044,31.9349062],[118.7921042,31.9349052],[118.7921044,31.934904],[118.792105,31.934903],[118.7921054,31.934902],[118.7921055,31.9349006],[118.7921057,31.9348993],[118.792106,31.934898],[118.7921064,31.9348971],[118.7921072,31.9348963],[118.7921082,31.9348957],[118.7921093,31.9348956],[118.7921103,31.9348959],[118.7921105,31.9348965],[118.7921101,31.9348973],[118.7921089,31.9348979],[118.7921081,31.9348985],[118.7921076,31.9348993],[118.7921076,31.9349003],[118.7921078,31.934901],[118.7921083,31.9349016],[118.7921088,31.9349024],[118.7921091,31.9349032],[118.7921093,31.9349042],[118.7921093,31.9349053],[118.7921093,31.9349063],[118.7921093,31.934908],[118.7921092,31.9349094],[118.7921091,31.9349107],[118.7921088,31.9349117],[118.792108,31.9349127],[118.792107,31.9349134],[118.7921063,31.9349143],[118.7921057,31.9349154],[118.7921054,31.9349165],[118.7921054,31.9349173],[118.7921059,31.9349181],[118.7921065,31.9349192],[118.7921071,31.93492],[118.7921077,31.9349205],[118.7921084,31.9349209],[118.7921089,31.9349203],[118.7921082,31.9349196],[118.7921074,31.9349187],[118.7921072,31.9349175],[118.7921074,31.9349161],[118.7921081,31.934915],[118.7921089,31.9349141],[118.7921092,31.934913],[118.7921097,31.9349123],[118.7921101,31.9349114],[118.7921109,31.934911],[118.7921107,31.9349119],[118.7921101,31.9349132],[118.7921098,31.9349142],[118.7921095,31.9349153],[118.7921093,31.9349163],[118.7921092,31.9349181],[118.7921093,31.9349195],[118.7921095,31.9349203],[118.7921095,31.9349211],[118.7921087,31.9349218],[118.7921073,31.9349224],[118.7921066,31.9349234],[118.7921063,31.9349243],[118.7921063,31.9349252],[118.7921066,31.9349264],[118.7921066,31.9349274],[118.7921064,31.9349286],[118.7921062,31.9349296],[118.7921055,31.9349306],[118.7921053,31.9349319],[118.7921059,31.9349334],[118.7921066,31.9349341],[118.7921071,31.9349351],[118.7921075,31.934936],[118.7921082,31.9349368],[118.7921096,31.9349376],[118.7921104,31.9349372],[118.7921109,31.9349362],[118.7921107,31.9349348],[118.7921105,31.9349339],[118.7921105,31.9349331],[118.792111,31.9349324],[118.7921118,31.934932],[118.7921126,31.9349318],[118.7921136,31.9349319],[118.7921141,31.9349327],[118.792114,31.9349336],[118.7921133,31.9349345],[118.7921129,31.9349354],[118.7921127,31.9349363],[118.7921122,31.9349372],[118.7921118,31.934938],[118.7921118,31.9349387],[118.7921122,31.9349393],[118.7921131,31.9349395],[118.7921137,31.9349401],[118.7921133,31.9349407],[118.7921123,31.9349407],[118.7921112,31.9349406]]}},{"type":"Feature","properties":{"osm_id":1468622183,"dataset":"jiangning","kind":"waterway","name":"汤山水库大坝","highway":"","waterway":"dam","bridge":"","tunnel":"","layer":0,"width_m":5,"z_offset_m":0},"geometry":{"type":"LineString","coordinates":[[119.0644773,32.0532804],[119.0660281,32.0513866],[119.0664383,32.0508869]]}},{"type":"Feature","properties":{"osm_id":1468622184,"dataset":"jiangning","kind":"waterway","name":"汤水河","highway":"","waterway":"drain","bridge":"","tunnel":"","layer":0,"width_m":4,"z_offset_m":0},"geometry":{"type":"LineString","coordinates":[[119.0662027,32.0513113],[119.0661053,32.0512488],[119.0660772,32.0512244]]}},{"type":"Feature","properties":{"osm_id":1468622185,"dataset":"jiangning","kind":"waterway","name":"汤水河","highway":"","waterway":"river","bridge":"","tunnel":"culvert","layer":-1,"width_m":18,"z_offset_m":0},"geometry":{"type":"LineString","coordinates":[[119.0660772,32.0512244],[119.0659945,32.0511527]]}},{"type":"Feature","properties":{"osm_id":1468622186,"dataset":"jiangning","kind":"waterway","name":"","highway":"","waterway":"drain","bridge":"","tunnel":"","layer":0,"width_m":4,"z_offset_m":0},"geometry":{"type":"LineString","coordinates":[[119.0666364,32.0508982],[119.0664426,32.0507234]]}},{"type":"Feature","properties":{"osm_id":1468622187,"dataset":"jiangning","kind":"waterway","name":"","highway":"","waterway":"river","bridge":"","tunnel":"culvert","layer":-1,"width_m":18,"z_offset_m":0},"geometry":{"type":"LineString","coordinates":[[119.0664426,32.0507234],[119.0663655,32.0506539]]}},{"type":"Feature","properties":{"osm_id":1468622188,"dataset":"jiangning","kind":"waterway","name":"","highway":"","waterway":"dam","bridge":"","tunnel":"","layer":0,"width_m":5,"z_offset_m":0},"geometry":{"type":"LineString","coordinates":[[119.0779536,32.0447554],[119.0767881,32.0458661]]}},{"type":"Feature","properties":{"osm_id":1468630977,"dataset":"jiangning","kind":"waterway","name":"窑湾水库大坝","highway":"","waterway":"dam","bridge":"","tunnel":"","layer":0,"width_m":5,"z_offset_m":0},"geometry":{"type":"LineString","coordinates":[[119.077989,32.0725002],[119.0792955,32.0722251],[119.0805645,32.0719105]]}},{"type":"Feature","properties":{"osm_id":1468630978,"dataset":"jiangning","kind":"waterway","name":"新塘水库大坝","highway":"","waterway":"dam","bridge":"","tunnel":"","layer":0,"width_m":5,"z_offset_m":0},"geometry":{"type":"LineString","coordinates":[[119.0720522,32.0742022],[119.0721325,32.0742108],[119.0724486,32.074234],[119.0729425,32.0742487],[119.0731621,32.0742521],[119.0732383,32.0742521],[119.0733481,32.0741944]]}},{"type":"Feature","properties":{"osm_id":1468630984,"dataset":"jiangning","kind":"waterway","name":"","highway":"","waterway":"drain","bridge":"","tunnel":"culvert","layer":-1,"width_m":4,"z_offset_m":0},"geometry":{"type":"LineString","coordinates":[[119.0253019,32.0053574],[119.0254193,32.0053144]]}},{"type":"Feature","properties":{"osm_id":1468630985,"dataset":"jiangning","kind":"waterway","name":"","highway":"","waterway":"drain","bridge":"","tunnel":"","layer":0,"width_m":4,"z_offset_m":0},"geometry":{"type":"LineString","coordinates":[[119.0252212,32.005387],[119.0253019,32.0053574]]}},{"type":"Feature","properties":{"osm_id":1468682378,"dataset":"jiangning","kind":"waterway","name":"","highway":"","waterway":"drain","bridge":"","tunnel":"","layer":0,"width_m":4,"z_offset_m":0},"geometry":{"type":"LineString","coordinates":[[119.0822482,31.9933899],[119.0821108,31.9929974],[119.0820872,31.9929679]]}},{"type":"Feature","properties":{"osm_id":1468682379,"dataset":"jiangning","kind":"waterway","name":"","highway":"","waterway":"drain","bridge":"","tunnel":"culvert","layer":-1,"width_m":4,"z_offset_m":0},"geometry":{"type":"LineString","coordinates":[[119.0820872,31.9929679],[119.0820269,31.9928928]]}},{"type":"Feature","properties":{"osm_id":1468682380,"dataset":"jiangning","kind":"waterway","name":"北庄水库大坝","highway":"","waterway":"dam","bridge":"","tunnel":"","layer":0,"width_m":5,"z_offset_m":0},"geometry":{"type":"LineString","coordinates":[[119.0821416,31.9929411],[119.0797669,31.9942402]]}},{"type":"Feature","properties":{"osm_id":1468682525,"dataset":"jiangning","kind":"waterway","name":"藏龙埝水库大坝","highway":"","waterway":"dam","bridge":"","tunnel":"","layer":0,"width_m":5,"z_offset_m":0},"geometry":{"type":"LineString","coordinates":[[118.9682269,31.9909188],[118.9707872,31.9912297]]}},{"type":"Feature","properties":{"osm_id":1468683260,"dataset":"jiangning","kind":"waterway","name":"","highway":"","waterway":"dam","bridge":"","tunnel":"","layer":0,"width_m":5,"z_offset_m":0},"geometry":{"type":"LineString","coordinates":[[118.9890847,32.0003601],[118.9892564,32.000417],[118.9907289,32.0015543],[118.9908254,32.0017499]]}},{"type":"Feature","properties":{"osm_id":1468684416,"dataset":"jiangning","kind":"waterway","name":"九乡河","highway":"","waterway":"drain","bridge":"","tunnel":"culvert","layer":-1,"width_m":4,"z_offset_m":0},"geometry":{"type":"LineString","coordinates":[[118.9613212,32.0208578],[118.96142,32.0209267]]}},{"type":"Feature","properties":{"osm_id":1468684417,"dataset":"jiangning","kind":"waterway","name":"九乡河","highway":"","waterway":"drain","bridge":"","tunnel":"","layer":0,"width_m":4,"z_offset_m":0},"geometry":{"type":"LineString","coordinates":[[118.9612403,32.0208014],[118.9613212,32.0208578]]}},{"type":"Feature","properties":{"osm_id":1468684418,"dataset":"jiangning","kind":"waterway","name":"龙尚水库大坝","highway":"","waterway":"dam","bridge":"","tunnel":"","layer":0,"width_m":5,"z_offset_m":0},"geometry":{"type":"LineString","coordinates":[[118.9581746,32.0234674],[118.9613602,32.0207989]]}},{"type":"Feature","properties":{"osm_id":1468684899,"dataset":"jiangning","kind":"waterway","name":"横山水库大坝","highway":"","waterway":"dam","bridge":"","tunnel":"","layer":0,"width_m":5,"z_offset_m":0},"geometry":{"type":"LineString","coordinates":[[118.9384747,31.9989242],[118.9384381,31.998738],[118.940601,31.9960866],[118.9413246,31.9949936]]}},{"type":"Feature","properties":{"osm_id":1468684901,"dataset":"jiangning","kind":"waterway","name":"解溪河","highway":"","waterway":"drain","bridge":"","tunnel":"culvert","layer":-1,"width_m":4,"z_offset_m":0},"geometry":{"type":"LineString","coordinates":[[118.9384072,31.9987844],[118.9382835,31.9987465]]}},{"type":"Feature","properties":{"osm_id":1468684902,"dataset":"jiangning","kind":"waterway","name":"解溪河","highway":"","waterway":"drain","bridge":"","tunnel":"","layer":0,"width_m":4,"z_offset_m":0},"geometry":{"type":"LineString","coordinates":[[118.9384715,31.9988041],[118.9384072,31.9987844]]}},{"type":"Feature","properties":{"osm_id":1468685393,"dataset":"jiangning","kind":"waterway","name":"解溪河","highway":"","waterway":"drain","bridge":"","tunnel":"culvert","layer":-1,"width_m":4,"z_offset_m":0},"geometry":{"type":"LineString","coordinates":[[118.9172985,31.9728847],[118.9172424,31.9727859]]}},{"type":"Feature","properties":{"osm_id":1468685394,"dataset":"jiangning","kind":"waterway","name":"解溪河","highway":"","waterway":"drain","bridge":"","tunnel":"","layer":0,"width_m":4,"z_offset_m":0},"geometry":{"type":"LineString","coordinates":[[118.9173028,31.9728924],[118.9172985,31.9728847]]}},{"type":"Feature","properties":{"osm_id":1468685397,"dataset":"jiangning","kind":"waterway","name":"佘村水库大坝","highway":"","waterway":"dam","bridge":"","tunnel":"","layer":0,"width_m":5,"z_offset_m":0},"geometry":{"type":"LineString","coordinates":[[118.9212534,31.9702405],[118.9206834,31.9706378],[118.917131,31.9729875]]}},{"type":"Feature","properties":{"osm_id":1468686982,"dataset":"jiangning","kind":"waterway","name":"","highway":"","waterway":"dam","bridge":"","tunnel":"","layer":0,"width_m":5,"z_offset_m":0},"geometry":{"type":"LineString","coordinates":[[118.8960552,31.9860515],[118.8971594,31.9854751],[118.8975239,31.985361],[118.8978165,31.9852895],[118.8979336,31.9852856],[118.8980322,31.9853],[118.8982417,31.9853849]]}},{"type":"Feature","properties":{"osm_id":1468689202,"dataset":"jiangning","kind":"waterway","name":"","highway":"","waterway":"dam","bridge":"","tunnel":"","layer":0,"width_m":5,"z_offset_m":0},"geometry":{"type":"LineString","coordinates":[[119.0001201,32.0273457],[119.0001201,32.0274645],[119.0004821,32.0279308]]}},{"type":"Feature","properties":{"osm_id":1468689205,"dataset":"jiangning","kind":"waterway","name":"","highway":"","waterway":"drain","bridge":"","tunnel":"","layer":0,"width_m":4,"z_offset_m":0},"geometry":{"type":"LineString","coordinates":[[119.0003927,32.0279556],[119.0002341,32.0280013],[119.0000631,32.0280353],[118.9999845,32.0280549],[118.9999491,32.0280758],[118.9997811,32.0283187],[118.9996995,32.0284467]]}},{"type":"Feature","properties":{"osm_id":1468689206,"dataset":"jiangning","kind":"waterway","name":"","highway":"","waterway":"drain","bridge":"","tunnel":"","layer":0,"width_m":4,"z_offset_m":0},"geometry":{"type":"LineString","coordinates":[[119.0005776,32.027859],[119.0004778,32.0279112]]}},{"type":"Feature","properties":{"osm_id":1468689207,"dataset":"jiangning","kind":"waterway","name":"","highway":"","waterway":"drain","bridge":"","tunnel":"culvert","layer":-1,"width_m":4,"z_offset_m":0},"geometry":{"type":"LineString","coordinates":[[119.0004778,32.0279112],[119.0003927,32.0279556]]}},{"type":"Feature","properties":{"osm_id":1468689209,"dataset":"jiangning","kind":"waterway","name":"","highway":"","waterway":"drain","bridge":"","tunnel":"","layer":0,"width_m":4,"z_offset_m":0},"geometry":{"type":"LineString","coordinates":[[118.9826654,32.0260416],[118.9830383,32.0265806],[118.9838885,32.0265373],[118.9840709,32.0265828],[118.9842292,32.0266465],[118.9845054,32.0268739],[118.9848058,32.0270172],[118.9856132,32.0272013]]}},{"type":"Feature","properties":{"osm_id":1468689211,"dataset":"jiangning","kind":"waterway","name":"","highway":"","waterway":"drain","bridge":"","tunnel":"","layer":0,"width_m":4,"z_offset_m":0},"geometry":{"type":"LineString","coordinates":[[118.9826815,32.0254708],[118.9825903,32.0258574],[118.9826239,32.0259397],[118.9826258,32.0259444]]}},{"type":"Feature","properties":{"osm_id":1468689212,"dataset":"jiangning","kind":"waterway","name":"","highway":"","waterway":"drain","bridge":"","tunnel":"culvert","layer":-1,"width_m":4,"z_offset_m":0},"geometry":{"type":"LineString","coordinates":[[118.9826258,32.0259444],[118.9826654,32.0260416]]}},{"type":"Feature","properties":{"osm_id":1468694708,"dataset":"jiangning","kind":"waterway","name":"","highway":"","waterway":"drain","bridge":"","tunnel":"","layer":0,"width_m":4,"z_offset_m":0},"geometry":{"type":"LineString","coordinates":[[119.0277706,32.0198975],[119.0276866,32.0196836],[119.027794,32.0195965],[119.0279639,32.0195367]]}},{"type":"Feature","properties":{"osm_id":1468694709,"dataset":"jiangning","kind":"waterway","name":"","highway":"","waterway":"drain","bridge":"","tunnel":"","layer":0,"width_m":4,"z_offset_m":0},"geometry":{"type":"LineString","coordinates":[[119.0280726,32.0194984],[119.028345,32.0194025],[119.0287326,32.0192956]]}},{"type":"Feature","properties":{"osm_id":1468694710,"dataset":"jiangning","kind":"waterway","name":"","highway":"","waterway":"drain","bridge":"","tunnel":"culvert","layer":-1,"width_m":4,"z_offset_m":0},"geometry":{"type":"LineString","coordinates":[[119.0279639,32.0195367],[119.0280726,32.0194984]]}},{"type":"Feature","properties":{"osm_id":1468694711,"dataset":"jiangning","kind":"waterway","name":"","highway":"","waterway":"dam","bridge":"","tunnel":"","layer":0,"width_m":5,"z_offset_m":0},"geometry":{"type":"LineString","coordinates":[[119.0295409,32.0219],[119.0295851,32.0217785],[119.0295851,32.021738],[119.0280473,32.0197455],[119.0280243,32.019729],[119.0279995,32.019729],[119.0278332,32.0197635]]}},{"type":"Feature","properties":{"osm_id":1468695606,"dataset":"jiangning","kind":"waterway","name":"","highway":"","waterway":"dam","bridge":"","tunnel":"","layer":0,"width_m":5,"z_offset_m":0},"geometry":{"type":"LineString","coordinates":[[119.0294949,31.9320561],[119.0325074,31.9340504]]}},{"type":"Feature","properties":{"osm_id":1468695607,"dataset":"jiangning","kind":"waterway","name":"","highway":"","waterway":"drain","bridge":"","tunnel":"","layer":0,"width_m":4,"z_offset_m":0},"geometry":{"type":"LineString","coordinates":[[119.0295313,31.9319419],[119.0296054,31.9317174],[119.0299084,31.930931],[119.0302571,31.9301707],[119.0304717,31.9297791]]}},{"type":"Feature","properties":{"osm_id":1468695610,"dataset":"jiangning","kind":"waterway","name":"","highway":"","waterway":"drain","bridge":"","tunnel":"culvert","layer":-1,"width_m":4,"z_offset_m":0},"geometry":{"type":"LineString","coordinates":[[119.0294981,31.9320423],[119.0295313,31.9319419]]}},{"type":"Feature","properties":{"osm_id":1468695611,"dataset":"jiangning","kind":"waterway","name":"","highway":"","waterway":"drain","bridge":"","tunnel":"","layer":0,"width_m":4,"z_offset_m":0},"geometry":{"type":"LineString","coordinates":[[119.0294686,31.9321317],[119.0294981,31.9320423]]}},{"type":"Feature","properties":{"osm_id":1468703446,"dataset":"jiangning","kind":"waterway","name":"安基山水库大坝","highway":"","waterway":"dam","bridge":"","tunnel":"","layer":0,"width_m":5,"z_offset_m":0},"geometry":{"type":"LineString","coordinates":[[119.0586218,32.0880468],[119.060365,32.0858539],[119.0604889,32.0858149]]}},{"type":"Feature","properties":{"osm_id":1468703447,"dataset":"jiangning","kind":"waterway","name":"七乡河","highway":"","waterway":"river","bridge":"","tunnel":"culvert","layer":-1,"width_m":18,"z_offset_m":0},"geometry":{"type":"LineString","coordinates":[[119.0583858,32.0884344],[119.0582656,32.0883989]]}},{"type":"Feature","properties":{"osm_id":1468703448,"dataset":"jiangning","kind":"waterway","name":"七乡河","highway":"","waterway":"river","bridge":"","tunnel":"","layer":0,"width_m":18,"z_offset_m":0},"geometry":{"type":"LineString","coordinates":[[119.0584463,32.0884523],[119.0583858,32.0884344]]}},{"type":"Feature","properties":{"osm_id":1468704715,"dataset":"jiangning","kind":"waterway","name":"","highway":"","waterway":"dam","bridge":"","tunnel":"","layer":0,"width_m":5,"z_offset_m":0},"geometry":{"type":"LineString","coordinates":[[119.0249102,32.0946387],[119.024886,32.0945546],[119.0235798,32.0945091],[119.0235449,32.0945614]]}},{"type":"Feature","properties":{"osm_id":1468704852,"dataset":"jiangning","kind":"waterway","name":"","highway":"","waterway":"drain","bridge":"","tunnel":"","layer":0,"width_m":4,"z_offset_m":0},"geometry":{"type":"LineString","coordinates":[[119.0250294,32.0944579],[119.0253067,32.0937218]]}},{"type":"Feature","properties":{"osm_id":1468704853,"dataset":"jiangning","kind":"waterway","name":"","highway":"","waterway":"drain","bridge":"","tunnel":"","layer":0,"width_m":4,"z_offset_m":0},"geometry":{"type":"LineString","coordinates":[[119.0249077,32.0947894],[119.0250007,32.0945361]]}},{"type":"Feature","properties":{"osm_id":1468704854,"dataset":"jiangning","kind":"waterway","name":"","highway":"","waterway":"drain","bridge":"","tunnel":"culvert","layer":-1,"width_m":4,"z_offset_m":0},"geometry":{"type":"LineString","coordinates":[[119.0250007,32.0945361],[119.0250294,32.0944579]]}},{"type":"Feature","properties":{"osm_id":1468705703,"dataset":"jiangning","kind":"waterway","name":"","highway":"","waterway":"dam","bridge":"","tunnel":"","layer":0,"width_m":5,"z_offset_m":0},"geometry":{"type":"LineString","coordinates":[[119.0510688,32.1021724],[119.0510128,32.1020913],[119.0502796,32.1016621],[119.0501932,32.1016186],[119.0501068,32.1015968],[119.0499504,32.101577]]}},{"type":"Feature","properties":{"osm_id":1468705705,"dataset":"jiangning","kind":"waterway","name":"","highway":"","waterway":"drain","bridge":"","tunnel":"","layer":0,"width_m":4,"z_offset_m":0},"geometry":{"type":"LineString","coordinates":[[119.0500053,32.1015391],[119.0501455,32.1014152],[119.0502817,32.1012791],[119.0504484,32.1011465]]}},{"type":"Feature","properties":{"osm_id":1468705706,"dataset":"jiangning","kind":"waterway","name":"","highway":"","waterway":"drain","bridge":"","tunnel":"culvert","layer":-1,"width_m":4,"z_offset_m":0},"geometry":{"type":"LineString","coordinates":[[119.0499926,32.1016131],[119.0500053,32.1015391]]}},{"type":"Feature","properties":{"osm_id":1468705707,"dataset":"jiangning","kind":"waterway","name":"","highway":"","waterway":"drain","bridge":"","tunnel":"","layer":0,"width_m":4,"z_offset_m":0},"geometry":{"type":"LineString","coordinates":[[119.0499849,32.1016579],[119.0499926,32.1016131]]}},{"type":"Feature","properties":{"osm_id":1468705709,"dataset":"jiangning","kind":"waterway","name":"","highway":"","waterway":"drain","bridge":"","tunnel":"","layer":0,"width_m":4,"z_offset_m":0},"geometry":{"type":"LineString","coordinates":[[119.0621575,32.0973245],[119.0619418,32.0970922],[119.0618247,32.0969382],[119.0615721,32.0958341]]}},{"type":"Feature","properties":{"osm_id":1468707171,"dataset":"jiangning","kind":"waterway","name":"","highway":"","waterway":"dam","bridge":"","tunnel":"","layer":0,"width_m":5,"z_offset_m":0},"geometry":{"type":"LineString","coordinates":[[118.8008689,31.6720324],[118.8010013,31.672056],[118.8061344,31.6717465],[118.8062514,31.6717151]]}},{"type":"Feature","properties":{"osm_id":1468708405,"dataset":"jiangning","kind":"waterway","name":"","highway":"","waterway":"dam","bridge":"","tunnel":"","layer":0,"width_m":5,"z_offset_m":0},"geometry":{"type":"LineString","coordinates":[[118.8248005,31.6774704],[118.825119,31.6774252],[118.8253738,31.6773258],[118.8257136,31.6771601],[118.8270903,31.6764042],[118.8273027,31.6762807],[118.8274124,31.6759704],[118.8274903,31.6756421],[118.8274191,31.67563]]}},{"type":"Feature","properties":{"osm_id":1468708407,"dataset":"jiangning","kind":"waterway","name":"","highway":"","waterway":"drain","bridge":"","tunnel":"","layer":0,"width_m":4,"z_offset_m":0},"geometry":{"type":"LineString","coordinates":[[118.8272701,31.6764211],[118.8273828,31.6765682],[118.8274833,31.6766854],[118.8275183,31.6767291],[118.8277868,31.676443],[118.8277915,31.6763655],[118.8276724,31.6762026],[118.8276304,31.6761191],[118.8276187,31.6760396],[118.8277074,31.6756322],[118.8277564,31.6755528],[118.8278172,31.675515],[118.8279292,31.6754733],[118.8280768,31.6754306],[118.8282887,31.6753712],[118.8286535,31.6752776],[118.8291551,31.6751452],[118.8293187,31.6750813],[118.8294823,31.6748873],[118.8297773,31.6744193],[118.8298444,31.674255],[118.8298446,31.6742401]]}},{"type":"Feature","properties":{"osm_id":1468708408,"dataset":"jiangning","kind":"waterway","name":"","highway":"","waterway":"drain","bridge":"","tunnel":"","layer":0,"width_m":4,"z_offset_m":0},"geometry":{"type":"LineString","coordinates":[[118.8271026,31.6762026],[118.8272065,31.6763381]]}},{"type":"Feature","properties":{"osm_id":1468708409,"dataset":"jiangning","kind":"waterway","name":"","highway":"","waterway":"drain","bridge":"","tunnel":"culvert","layer":-1,"width_m":4,"z_offset_m":0},"geometry":{"type":"LineString","coordinates":[[118.8272065,31.6763381],[118.8272701,31.6764211]]}},{"type":"Feature","properties":{"osm_id":1468709306,"dataset":"jiangning","kind":"waterway","name":"","highway":"","waterway":"dam","bridge":"","tunnel":"","layer":0,"width_m":5,"z_offset_m":0},"geometry":{"type":"LineString","coordinates":[[118.829785,31.6741617],[118.8351009,31.672749]]}},{"type":"Feature","properties":{"osm_id":1468709309,"dataset":"jiangning","kind":"waterway","name":"","highway":"","waterway":"drain","bridge":"","tunnel":"","layer":0,"width_m":4,"z_offset_m":0},"geometry":{"type":"LineString","coordinates":[[118.8298462,31.6741283],[118.8298471,31.6740655],[118.829949,31.6738373]]}},{"type":"Feature","properties":{"osm_id":1468709310,"dataset":"jiangning","kind":"waterway","name":"","highway":"","waterway":"drain","bridge":"","tunnel":"culvert","layer":-1,"width_m":4,"z_offset_m":0},"geometry":{"type":"LineString","coordinates":[[118.8298446,31.6742401],[118.8298462,31.6741283]]}},{"type":"Feature","properties":{"osm_id":1468711062,"dataset":"jiangning","kind":"waterway","name":"排驾口水库大坝","highway":"","waterway":"dam","bridge":"","tunnel":"","layer":0,"width_m":5,"z_offset_m":0},"geometry":{"type":"LineString","coordinates":[[118.8493396,31.6696829],[118.8493691,31.6696665],[118.849425,31.6696487],[118.8494917,31.6696632],[118.8495472,31.6697025],[118.851137,31.6690063],[118.8511863,31.6689525]]}},{"type":"Feature","properties":{"osm_id":1468713898,"dataset":"jiangning","kind":"waterway","name":"","highway":"","waterway":"drain","bridge":"","tunnel":"","layer":0,"width_m":4,"z_offset_m":0},"geometry":{"type":"LineString","coordinates":[[118.8933764,31.6688784],[118.8935759,31.6688766],[118.8935808,31.6688852]]}},{"type":"Feature","properties":{"osm_id":1468713899,"dataset":"jiangning","kind":"waterway","name":"","highway":"","waterway":"drain","bridge":"","tunnel":"culvert","layer":-1,"width_m":4,"z_offset_m":0},"geometry":{"type":"LineString","coordinates":[[118.8935808,31.6688852],[118.893637,31.6689833]]}},{"type":"Feature","properties":{"osm_id":1468713900,"dataset":"jiangning","kind":"waterway","name":"","highway":"","waterway":"dam","bridge":"","tunnel":"","layer":0,"width_m":5,"z_offset_m":0},"geometry":{"type":"LineString","coordinates":[[118.8936566,31.6688537],[118.8914999,31.6693887],[118.8910347,31.6696404],[118.8885359,31.671476],[118.8883911,31.6717461],[118.888274,31.6718798],[118.887994,31.6719497],[118.8877247,31.6720108]]}},{"type":"Feature","properties":{"osm_id":1469412872,"dataset":"jiangning","kind":"waterway","name":"黄梅河","highway":"","waterway":"river","bridge":"","tunnel":"","layer":0,"width_m":18,"z_offset_m":0},"geometry":{"type":"LineString","coordinates":[[119.1048,32.0035821],[119.1044567,32.0024903],[119.1040962,32.0014826],[119.1044234,32.0009845],[119.1042517,32.0002202],[119.1045092,31.999456],[119.104123,31.9988737],[119.1042517,31.9981094],[119.1038655,31.9965444],[119.1032647,31.9955253],[119.1016768,31.9946518],[119.1010331,31.9926499],[119.1027497,31.9919948],[119.1034267,31.9918992],[119.1036627,31.9917173],[119.1039846,31.9912987],[119.1041444,31.9911394],[119.1042137,31.991066]]}},{"type":"Feature","properties":{"osm_id":1469412873,"dataset":"jiangning","kind":"waterway","name":"黄梅河","highway":"","waterway":"drain","bridge":"","tunnel":"culvert","layer":-1,"width_m":4,"z_offset_m":0},"geometry":{"type":"LineString","coordinates":[[119.1042137,31.991066],[119.1043039,31.9909704]]}},{"type":"Feature","properties":{"osm_id":1469412874,"dataset":"jiangning","kind":"waterway","name":"阜东水库大坝","highway":"","waterway":"dam","bridge":"","tunnel":"","layer":0,"width_m":5,"z_offset_m":0},"geometry":{"type":"LineString","coordinates":[[119.1033205,31.9909902],[119.1004615,31.9905724],[119.1003354,31.9905704],[119.1001837,31.9905981],[119.0984255,31.9913804]]}},{"type":"Feature","properties":{"osm_id":1469457249,"dataset":"jiangning","kind":"waterway","name":"黄龙堰水库大坝","highway":"","waterway":"dam","bridge":"","tunnel":"","layer":0,"width_m":5,"z_offset_m":0},"geometry":{"type":"LineString","coordinates":[[118.9525056,31.9611675],[118.9540023,31.9609946],[118.9547748,31.9608763],[118.9569367,31.9603893]]}},{"type":"Feature","properties":{"osm_id":1469457250,"dataset":"jiangning","kind":"waterway","name":"新宁八亩水库大坝","highway":"","waterway":"dam","bridge":"","tunnel":"","layer":0,"width_m":5,"z_offset_m":0},"geometry":{"type":"LineString","coordinates":[[119.0229518,31.9933447],[119.0247391,31.9932697]]}},{"type":"Feature","properties":{"osm_id":1469460567,"dataset":"jiangning","kind":"waterway","name":"邓家庄水库大坝","highway":"","waterway":"dam","bridge":"","tunnel":"","layer":0,"width_m":5,"z_offset_m":0},"geometry":{"type":"LineString","coordinates":[[118.972028,31.9599412],[118.9720794,31.9598065],[118.9721354,31.9597471],[118.9722055,31.9597154],[118.9722895,31.9596995],[118.9751009,31.9595569]]}},{"type":"Feature","properties":{"osm_id":1488713415,"dataset":"jiangning","kind":"waterway","name":"护校沟","highway":"","waterway":"drain","bridge":"","tunnel":"","layer":0,"width_m":4,"z_offset_m":0},"geometry":{"type":"LineString","coordinates":[[118.8252004,31.8889925],[118.8251656,31.8890574]]}},{"type":"Feature","properties":{"osm_id":1498437969,"dataset":"jiangning","kind":"waterway","name":"吉山大道","highway":"tertiary","waterway":"dam","bridge":"","tunnel":"","layer":0,"width_m":12,"z_offset_m":0},"geometry":{"type":"LineString","coordinates":[[118.738728,31.8515811],[118.7369326,31.8509756]]}}]}
