{
  "type": "FeatureCollection",
  "metadata": {
    "source": "OpenStreetMap via Overpass API",
    "license": "Open Database License (ODbL)",
    "dataset": "university",
    "label": "university area",
    "layer": "roads",
    "bbox": [
      118.76,
      31.895,
      118.815,
      31.93
    ],
    "generatedAt": "2026-05-01T03:47:40.100Z"
  },
  "features": [
    {
      "type": "Feature",
      "properties": {
        "osm_id": 27759590,
        "dataset": "university",
        "kind": "road",
        "name": "将军大道",
        "highway": "primary",
        "waterway": "",
        "bridge": "",
        "tunnel": "",
        "layer": 0,
        "width_m": 18,
        "z_offset_m": 0
      },
      "geometry": {
        "type": "LineString",
        "coordinates": [
          [
            118.7744094,
            31.9590498
          ],
          [
            118.7744203,
            31.9586583
          ],
          [
            118.774513,
            31.9584115
          ],
          [
            118.7745607,
            31.9581897
          ],
          [
            118.774694,
            31.9577596
          ],
          [
            118.7748674,
            31.9573857
          ],
          [
            118.7749911,
            31.9571191
          ],
          [
            118.7754863,
            31.9560846
          ],
          [
            118.7761355,
            31.9541659
          ],
          [
            118.7765376,
            31.9529762
          ],
          [
            118.7770486,
            31.9514848
          ],
          [
            118.7779558,
            31.9487268
          ],
          [
            118.779259,
            31.9447948
          ],
          [
            118.7793018,
            31.9446658
          ],
          [
            118.780489,
            31.9412649
          ],
          [
            118.7812362,
            31.9394739
          ],
          [
            118.7822445,
            31.9373204
          ],
          [
            118.7830681,
            31.9353813
          ],
          [
            118.7833691,
            31.9346899
          ],
          [
            118.7844586,
            31.9322352
          ],
          [
            118.7847005,
            31.9315383
          ],
          [
            118.7853284,
            31.9301125
          ],
          [
            118.7858553,
            31.9288676
          ],
          [
            118.7859206,
            31.9285392
          ],
          [
            118.7859341,
            31.9279946
          ],
          [
            118.7859609,
            31.9268865
          ],
          [
            118.785985,
            31.9255144
          ],
          [
            118.7860143,
            31.9226172
          ],
          [
            118.786028,
            31.9198719
          ],
          [
            118.7860541,
            31.9183107
          ],
          [
            118.7860738,
            31.9153566
          ],
          [
            118.7860751,
            31.9151689
          ],
          [
            118.7860809,
            31.914301
          ]
        ]
      }
    },
    {
      "type": "Feature",
      "properties": {
        "osm_id": 27759598,
        "dataset": "university",
        "kind": "road",
        "name": "康厚街",
        "highway": "secondary",
        "waterway": "",
        "bridge": "",
        "tunnel": "",
        "layer": 0,
        "width_m": 14,
        "z_offset_m": 0
      },
      "geometry": {
        "type": "LineString",
        "coordinates": [
          [
            118.786028,
            31.9198719
          ],
          [
            118.7826819,
            31.9198897
          ],
          [
            118.7819452,
            31.9198936
          ],
          [
            118.7810874,
            31.9198913
          ],
          [
            118.7795208,
            31.9198822
          ],
          [
            118.779231,
            31.9198686
          ],
          [
            118.7790483,
            31.9198231
          ],
          [
            118.7788932,
            31.919764
          ],
          [
            118.7787674,
            31.9196976
          ],
          [
            118.7783603,
            31.9194572
          ],
          [
            118.777449,
            31.9188708
          ],
          [
            118.7768119,
            31.9184024
          ],
          [
            118.7765558,
            31.9181656
          ],
          [
            118.7763801,
            31.9179334
          ],
          [
            118.776254,
            31.9177285
          ],
          [
            118.7761172,
            31.9174553
          ],
          [
            118.7760394,
            31.9171365
          ],
          [
            118.7759912,
            31.9167996
          ],
          [
            118.7759843,
            31.91602
          ],
          [
            118.7759965,
            31.9142177
          ],
          [
            118.7760018,
            31.9128198
          ],
          [
            118.7760145,
            31.9123725
          ]
        ]
      }
    },
    {
      "type": "Feature",
      "properties": {
        "osm_id": 27759619,
        "dataset": "university",
        "kind": "road",
        "name": "诚信大道",
        "highway": "primary",
        "waterway": "",
        "bridge": "",
        "tunnel": "",
        "layer": 0,
        "width_m": 18,
        "z_offset_m": 0
      },
      "geometry": {
        "type": "LineString",
        "coordinates": [
          [
            118.7672089,
            31.8986087
          ],
          [
            118.7681806,
            31.8990942
          ],
          [
            118.7697543,
            31.90001
          ],
          [
            118.7735021,
            31.9021911
          ],
          [
            118.7772064,
            31.9046508
          ],
          [
            118.7789074,
            31.9054929
          ],
          [
            118.7792379,
            31.9056565
          ],
          [
            118.7803331,
            31.9058789
          ],
          [
            118.781212,
            31.9060573
          ],
          [
            118.7826023,
            31.9061148
          ],
          [
            118.7827178,
            31.9061196
          ],
          [
            118.782968,
            31.9061158
          ],
          [
            118.7833473,
            31.9061189
          ],
          [
            118.7856046,
            31.9061222
          ],
          [
            118.7857622,
            31.9061224
          ],
          [
            118.7875635,
            31.9060937
          ],
          [
            118.7887222,
            31.9060573
          ],
          [
            118.7896437,
            31.9059321
          ],
          [
            118.7897951,
            31.9059115
          ],
          [
            118.7907392,
            31.9057294
          ],
          [
            118.7943313,
            31.9047682
          ],
          [
            118.7953796,
            31.9044494
          ],
          [
            118.7963881,
            31.9043947
          ],
          [
            118.7976326,
            31.9042854
          ],
          [
            118.7993954,
            31.9043181
          ],
          [
            118.8010812,
            31.9043494
          ],
          [
            118.8043559,
            31.9044052
          ],
          [
            118.8045796,
            31.9044129
          ]
        ]
      }
    },
    {
      "type": "Feature",
      "properties": {
        "osm_id": 27795978,
        "dataset": "university",
        "kind": "road",
        "name": "清水亭西路",
        "highway": "secondary",
        "waterway": "",
        "bridge": "",
        "tunnel": "",
        "layer": 0,
        "width_m": 14,
        "z_offset_m": 0
      },
      "geometry": {
        "type": "LineString",
        "coordinates": [
          [
            118.7943313,
            31.9047682
          ],
          [
            118.7956482,
            31.9083106
          ],
          [
            118.7964899,
            31.9105747
          ],
          [
            118.7971045,
            31.9120819
          ],
          [
            118.7972624,
            31.912469
          ],
          [
            118.7978632,
            31.9133433
          ],
          [
            118.7983897,
            31.9137042
          ],
          [
            118.7988229,
            31.9139242
          ],
          [
            118.7994005,
            31.9141572
          ],
          [
            118.7994811,
            31.9141787
          ],
          [
            118.7999159,
            31.9142821
          ],
          [
            118.8004864,
            31.9143929
          ],
          [
            118.8044279,
            31.9152931
          ],
          [
            118.8064853,
            31.9157976
          ],
          [
            118.8080981,
            31.9161931
          ]
        ]
      }
    },
    {
      "type": "Feature",
      "properties": {
        "osm_id": 27795999,
        "dataset": "university",
        "kind": "road",
        "name": "利源南路",
        "highway": "secondary",
        "waterway": "",
        "bridge": "",
        "tunnel": "",
        "layer": -1,
        "width_m": 14,
        "z_offset_m": 0
      },
      "geometry": {
        "type": "LineString",
        "coordinates": [
          [
            118.8035144,
            31.9305856
          ],
          [
            118.8034851,
            31.9267116
          ],
          [
            118.8034851,
            31.9260994
          ],
          [
            118.8034851,
            31.9244169
          ],
          [
            118.8035192,
            31.9226212
          ]
        ]
      }
    },
    {
      "type": "Feature",
      "properties": {
        "osm_id": 37841343,
        "dataset": "university",
        "kind": "road",
        "name": "佛城西路",
        "highway": "secondary",
        "waterway": "",
        "bridge": "",
        "tunnel": "",
        "layer": 0,
        "width_m": 14,
        "z_offset_m": 0
      },
      "geometry": {
        "type": "LineString",
        "coordinates": [
          [
            118.7760145,
            31.9123725
          ],
          [
            118.7641021,
            31.9106407
          ],
          [
            118.7595581,
            31.9101228
          ],
          [
            118.7562533,
            31.909739
          ],
          [
            118.7556841,
            31.9095856
          ]
        ]
      }
    },
    {
      "type": "Feature",
      "properties": {
        "osm_id": 65134290,
        "dataset": "university",
        "kind": "road",
        "name": "金智路",
        "highway": "secondary",
        "waterway": "",
        "bridge": "",
        "tunnel": "",
        "layer": 0,
        "width_m": 14,
        "z_offset_m": 0
      },
      "geometry": {
        "type": "LineString",
        "coordinates": [
          [
            118.7760145,
            31.9123725
          ],
          [
            118.7767207,
            31.9075101
          ],
          [
            118.7772064,
            31.9046508
          ]
        ]
      }
    },
    {
      "type": "Feature",
      "properties": {
        "osm_id": 92361571,
        "dataset": "university",
        "kind": "road",
        "name": "绿都大道",
        "highway": "secondary",
        "waterway": "",
        "bridge": "",
        "tunnel": "",
        "layer": 0,
        "width_m": 14,
        "z_offset_m": 0
      },
      "geometry": {
        "type": "LineString",
        "coordinates": [
          [
            118.7969518,
            31.9529179
          ],
          [
            118.7969381,
            31.9521861
          ],
          [
            118.7969049,
            31.9509282
          ],
          [
            118.797028,
            31.94832
          ],
          [
            118.7971769,
            31.9458671
          ],
          [
            118.7971841,
            31.9457802
          ],
          [
            118.7975815,
            31.9426765
          ],
          [
            118.7978692,
            31.9404186
          ],
          [
            118.7980603,
            31.938963
          ],
          [
            118.7982063,
            31.9378505
          ],
          [
            118.7983413,
            31.9368223
          ],
          [
            118.7987011,
            31.9338938
          ],
          [
            118.7987597,
            31.933417
          ],
          [
            118.7991863,
            31.9303764
          ],
          [
            118.7992021,
            31.9302636
          ],
          [
            118.7992096,
            31.9301674
          ],
          [
            118.7997145,
            31.9262146
          ]
        ]
      }
    },
    {
      "type": "Feature",
      "properties": {
        "osm_id": 92364162,
        "dataset": "university",
        "kind": "road",
        "name": "佛城东路",
        "highway": "residential",
        "waterway": "",
        "bridge": "",
        "tunnel": "",
        "layer": 0,
        "width_m": 7,
        "z_offset_m": 0
      },
      "geometry": {
        "type": "LineString",
        "coordinates": [
          [
            118.8086302,
            31.9229273
          ],
          [
            118.8035192,
            31.9226212
          ]
        ]
      }
    },
    {
      "type": "Feature",
      "properties": {
        "osm_id": 92364164,
        "dataset": "university",
        "kind": "road",
        "name": "静淮街",
        "highway": "tertiary",
        "waterway": "",
        "bridge": "",
        "tunnel": "",
        "layer": 0,
        "width_m": 12,
        "z_offset_m": 0
      },
      "geometry": {
        "type": "LineString",
        "coordinates": [
          [
            118.7927869,
            31.9455134
          ],
          [
            118.7930197,
            31.9434322
          ],
          [
            118.793172,
            31.9423844
          ],
          [
            118.7933604,
            31.9410889
          ],
          [
            118.7934073,
            31.9407664
          ],
          [
            118.7934716,
            31.9402956
          ],
          [
            118.7935216,
            31.9399788
          ],
          [
            118.793524,
            31.9399634
          ],
          [
            118.7937656,
            31.9383629
          ],
          [
            118.7940402,
            31.9363736
          ],
          [
            118.7941857,
            31.9354839
          ],
          [
            118.794194,
            31.9354157
          ],
          [
            118.7944896,
            31.9329709
          ],
          [
            118.7949483,
            31.931095
          ],
          [
            118.7952273,
            31.9299542
          ],
          [
            118.7952852,
            31.9297552
          ],
          [
            118.7961636,
            31.9262886
          ],
          [
            118.7962545,
            31.9258776
          ],
          [
            118.796609,
            31.9243429
          ],
          [
            118.7968821,
            31.9233279
          ],
          [
            118.7969036,
            31.9229819
          ],
          [
            118.7969251,
            31.9224674
          ],
          [
            118.7969175,
            31.9220868
          ],
          [
            118.7969331,
            31.9217435
          ],
          [
            118.796968,
            31.921361
          ],
          [
            118.7970731,
            31.920994
          ],
          [
            118.7975688,
            31.9198766
          ]
        ]
      }
    },
    {
      "type": "Feature",
      "properties": {
        "osm_id": 92364166,
        "dataset": "university",
        "kind": "road",
        "name": "苏源大道",
        "highway": "secondary",
        "waterway": "",
        "bridge": "yes",
        "tunnel": "",
        "layer": 1,
        "width_m": 14,
        "z_offset_m": 8
      },
      "geometry": {
        "type": "LineString",
        "coordinates": [
          [
            118.8035826,
            31.9212714
          ],
          [
            118.8036568,
            31.9203282
          ]
        ]
      }
    },
    {
      "type": "Feature",
      "properties": {
        "osm_id": 92364168,
        "dataset": "university",
        "kind": "road",
        "name": "马浦街",
        "highway": "residential",
        "waterway": "",
        "bridge": "",
        "tunnel": "",
        "layer": 0,
        "width_m": 7,
        "z_offset_m": 0
      },
      "geometry": {
        "type": "LineString",
        "coordinates": [
          [
            118.8131194,
            31.9301593
          ],
          [
            118.813147,
            31.9259141
          ],
          [
            118.8130781,
            31.9233126
          ]
        ]
      }
    },
    {
      "type": "Feature",
      "properties": {
        "osm_id": 92364170,
        "dataset": "university",
        "kind": "road",
        "name": "佛城西路",
        "highway": "secondary",
        "waterway": "",
        "bridge": "",
        "tunnel": "",
        "layer": 0,
        "width_m": 14,
        "z_offset_m": 0
      },
      "geometry": {
        "type": "LineString",
        "coordinates": [
          [
            118.8035192,
            31.9226212
          ],
          [
            118.8027186,
            31.9223627
          ],
          [
            118.7975688,
            31.9198766
          ],
          [
            118.791861,
            31.9170445
          ],
          [
            118.7917216,
            31.9169989
          ],
          [
            118.7912917,
            31.9169996
          ]
        ]
      }
    },
    {
      "type": "Feature",
      "properties": {
        "osm_id": 92364172,
        "dataset": "university",
        "kind": "road",
        "name": "将军大道",
        "highway": "primary",
        "waterway": "",
        "bridge": "",
        "tunnel": "",
        "layer": 0,
        "width_m": 18,
        "z_offset_m": 0
      },
      "geometry": {
        "type": "LineString",
        "coordinates": [
          [
            118.786239,
            31.9120754
          ],
          [
            118.7862346,
            31.9134027
          ],
          [
            118.7862314,
            31.9143623
          ]
        ]
      }
    },
    {
      "type": "Feature",
      "properties": {
        "osm_id": 92364176,
        "dataset": "university",
        "kind": "road",
        "name": "牧浦街",
        "highway": "residential",
        "waterway": "",
        "bridge": "",
        "tunnel": "",
        "layer": 0,
        "width_m": 7,
        "z_offset_m": 0
      },
      "geometry": {
        "type": "LineString",
        "coordinates": [
          [
            118.8097602,
            31.930287
          ],
          [
            118.809746,
            31.9293287
          ],
          [
            118.8097011,
            31.9287232
          ],
          [
            118.8096602,
            31.9281723
          ],
          [
            118.8094778,
            31.9259505
          ],
          [
            118.8094241,
            31.9251492
          ],
          [
            118.8093812,
            31.9244298
          ],
          [
            118.8093276,
            31.9237013
          ],
          [
            118.8092739,
            31.9232551
          ],
          [
            118.808995,
            31.9230092
          ],
          [
            118.8086302,
            31.9229273
          ]
        ]
      }
    },
    {
      "type": "Feature",
      "properties": {
        "osm_id": 92364177,
        "dataset": "university",
        "kind": "road",
        "name": "佛城西路",
        "highway": "secondary",
        "waterway": "",
        "bridge": "",
        "tunnel": "",
        "layer": 0,
        "width_m": 14,
        "z_offset_m": 0
      },
      "geometry": {
        "type": "LineString",
        "coordinates": [
          [
            118.7760145,
            31.9123725
          ],
          [
            118.7807782,
            31.913039
          ],
          [
            118.7820758,
            31.9132109
          ],
          [
            118.7834705,
            31.9135752
          ],
          [
            118.7851872,
            31.9140305
          ],
          [
            118.7852402,
            31.9140465
          ],
          [
            118.7855145,
            31.9141296
          ],
          [
            118.7860809,
            31.914301
          ]
        ]
      }
    },
    {
      "type": "Feature",
      "properties": {
        "osm_id": 92364178,
        "dataset": "university",
        "kind": "road",
        "name": "将军大道",
        "highway": "primary",
        "waterway": "",
        "bridge": "yes",
        "tunnel": "",
        "layer": 1,
        "width_m": 18,
        "z_offset_m": 8
      },
      "geometry": {
        "type": "LineString",
        "coordinates": [
          [
            118.7862532,
            31.9114263
          ],
          [
            118.786239,
            31.9120754
          ]
        ]
      }
    },
    {
      "type": "Feature",
      "properties": {
        "osm_id": 92364180,
        "dataset": "university",
        "kind": "road",
        "name": "苏源大道",
        "highway": "secondary",
        "waterway": "",
        "bridge": "",
        "tunnel": "",
        "layer": 0,
        "width_m": 14,
        "z_offset_m": 0
      },
      "geometry": {
        "type": "LineString",
        "coordinates": [
          [
            118.8036568,
            31.9203282
          ],
          [
            118.804043,
            31.9172411
          ],
          [
            118.8040569,
            31.9171709
          ],
          [
            118.8044279,
            31.9152931
          ],
          [
            118.8044394,
            31.9120866
          ],
          [
            118.8044687,
            31.908324
          ],
          [
            118.8045796,
            31.9044129
          ]
        ]
      }
    },
    {
      "type": "Feature",
      "properties": {
        "osm_id": 92364184,
        "dataset": "university",
        "kind": "road",
        "name": "高湖路",
        "highway": "residential",
        "waterway": "",
        "bridge": "",
        "tunnel": "",
        "layer": 0,
        "width_m": 7,
        "z_offset_m": 0
      },
      "geometry": {
        "type": "LineString",
        "coordinates": [
          [
            118.7961636,
            31.9262886
          ],
          [
            118.7997145,
            31.9262146
          ],
          [
            118.8034851,
            31.9260994
          ],
          [
            118.8094778,
            31.9259505
          ],
          [
            118.813147,
            31.9259141
          ],
          [
            118.8174841,
            31.926056
          ]
        ]
      }
    },
    {
      "type": "Feature",
      "properties": {
        "osm_id": 92364186,
        "dataset": "university",
        "kind": "road",
        "name": "苏源大道",
        "highway": "secondary",
        "waterway": "",
        "bridge": "",
        "tunnel": "",
        "layer": 0,
        "width_m": 14,
        "z_offset_m": 0
      },
      "geometry": {
        "type": "LineString",
        "coordinates": [
          [
            118.8035192,
            31.9226212
          ],
          [
            118.803528,
            31.9221586
          ],
          [
            118.8035826,
            31.9212714
          ]
        ]
      }
    },
    {
      "type": "Feature",
      "properties": {
        "osm_id": 92364187,
        "dataset": "university",
        "kind": "road",
        "name": "将军大道",
        "highway": "primary",
        "waterway": "",
        "bridge": "",
        "tunnel": "",
        "layer": 0,
        "width_m": 18,
        "z_offset_m": 0
      },
      "geometry": {
        "type": "LineString",
        "coordinates": [
          [
            118.7862314,
            31.9143623
          ],
          [
            118.7862359,
            31.9152134
          ],
          [
            118.786241,
            31.9161689
          ],
          [
            118.786182,
            31.9198706
          ],
          [
            118.7861869,
            31.9226181
          ],
          [
            118.7861645,
            31.9268942
          ],
          [
            118.7860726,
            31.9285754
          ],
          [
            118.7860546,
            31.9288161
          ],
          [
            118.7859956,
            31.9290278
          ],
          [
            118.7859486,
            31.9291382
          ],
          [
            118.7855294,
            31.9301274
          ],
          [
            118.7850992,
            31.9310165
          ],
          [
            118.7844972,
            31.9324007
          ],
          [
            118.7835834,
            31.9347557
          ],
          [
            118.7823907,
            31.9374046
          ],
          [
            118.7819588,
            31.9384562
          ],
          [
            118.7818757,
            31.9386747
          ],
          [
            118.781468,
            31.9395442
          ],
          [
            118.7809288,
            31.9406959
          ],
          [
            118.7804809,
            31.9417793
          ],
          [
            118.7803593,
            31.9421486
          ],
          [
            118.7795261,
            31.9446788
          ],
          [
            118.7794826,
            31.9448063
          ],
          [
            118.7790862,
            31.9459695
          ],
          [
            118.7786946,
            31.9471189
          ],
          [
            118.7781635,
            31.9487757
          ],
          [
            118.7767687,
            31.9529737
          ],
          [
            118.7762153,
            31.9546192
          ],
          [
            118.7756073,
            31.9561859
          ],
          [
            118.7751784,
            31.9571678
          ],
          [
            118.7750949,
            31.9573465
          ],
          [
            118.7748376,
            31.9578971
          ],
          [
            118.7746793,
            31.9584297
          ],
          [
            118.7746358,
            31.9586697
          ]
        ]
      }
    },
    {
      "type": "Feature",
      "properties": {
        "osm_id": 92629453,
        "dataset": "university",
        "kind": "road",
        "name": "水阁路",
        "highway": "secondary",
        "waterway": "",
        "bridge": "",
        "tunnel": "",
        "layer": 0,
        "width_m": 14,
        "z_offset_m": 0
      },
      "geometry": {
        "type": "LineString",
        "coordinates": [
          [
            118.7697543,
            31.90001
          ],
          [
            118.7667085,
            31.9039782
          ],
          [
            118.7657622,
            31.9057642
          ],
          [
            118.7641021,
            31.9106407
          ]
        ]
      }
    },
    {
      "type": "Feature",
      "properties": {
        "osm_id": 97521695,
        "dataset": "university",
        "kind": "road",
        "name": "",
        "highway": "service",
        "waterway": "",
        "bridge": "",
        "tunnel": "",
        "layer": 0,
        "width_m": 5,
        "z_offset_m": 0
      },
      "geometry": {
        "type": "LineString",
        "coordinates": [
          [
            118.7853284,
            31.9301125
          ],
          [
            118.7850164,
            31.9299611
          ],
          [
            118.7847106,
            31.9297881
          ],
          [
            118.7844317,
            31.9294558
          ],
          [
            118.7843351,
            31.9291416
          ],
          [
            118.7843458,
            31.9288503
          ],
          [
            118.784437,
            31.9286226
          ],
          [
            118.7845711,
            31.9284132
          ],
          [
            118.784775,
            31.9282356
          ],
          [
            118.7850593,
            31.9280808
          ],
          [
            118.7853812,
            31.9279943
          ],
          [
            118.7857138,
            31.927967
          ],
          [
            118.7859341,
            31.9279946
          ]
        ]
      }
    },
    {
      "type": "Feature",
      "properties": {
        "osm_id": 99814886,
        "dataset": "university",
        "kind": "road",
        "name": "长江路",
        "highway": "unclassified",
        "waterway": "",
        "bridge": "",
        "tunnel": "",
        "layer": 0,
        "width_m": 6,
        "z_offset_m": 0
      },
      "geometry": {
        "type": "LineString",
        "coordinates": [
          [
            118.7802538,
            31.9139173
          ],
          [
            118.7802524,
            31.914649
          ],
          [
            118.7802521,
            31.9146747
          ],
          [
            118.7802515,
            31.9147172
          ],
          [
            118.7802419,
            31.9149635
          ],
          [
            118.7802191,
            31.9151262
          ],
          [
            118.7801381,
            31.9152671
          ],
          [
            118.7797323,
            31.9155789
          ],
          [
            118.7794201,
            31.9157749
          ],
          [
            118.7793082,
            31.9158452
          ],
          [
            118.7790132,
            31.9160207
          ],
          [
            118.7789372,
            31.9160865
          ],
          [
            118.7787579,
            31.9163077
          ],
          [
            118.7787453,
            31.9166918
          ],
          [
            118.7787495,
            31.9169109
          ],
          [
            118.7787469,
            31.9173452
          ],
          [
            118.7787461,
            31.9174692
          ],
          [
            118.7787455,
            31.9175653
          ],
          [
            118.7787456,
            31.9177568
          ],
          [
            118.7787457,
            31.9182101
          ],
          [
            118.7787052,
            31.9193846
          ],
          [
            118.7788061,
            31.9194551
          ],
          [
            118.7789106,
            31.9194649
          ],
          [
            118.7800729,
            31.9194584
          ],
          [
            118.7802677,
            31.9192968
          ]
        ]
      }
    },
    {
      "type": "Feature",
      "properties": {
        "osm_id": 99814887,
        "dataset": "university",
        "kind": "road",
        "name": "黄河路",
        "highway": "unclassified",
        "waterway": "",
        "bridge": "",
        "tunnel": "",
        "layer": 0,
        "width_m": 6,
        "z_offset_m": 0
      },
      "geometry": {
        "type": "LineString",
        "coordinates": [
          [
            118.7812626,
            31.9139257
          ],
          [
            118.7812588,
            31.9145393
          ],
          [
            118.7812602,
            31.9146441
          ],
          [
            118.7812612,
            31.9147171
          ],
          [
            118.7812707,
            31.9149684
          ],
          [
            118.7812937,
            31.9151056
          ],
          [
            118.7813664,
            31.9152273
          ],
          [
            118.7815293,
            31.9154063
          ],
          [
            118.7816172,
            31.9154692
          ],
          [
            118.7820552,
            31.9157827
          ],
          [
            118.7820949,
            31.9158111
          ],
          [
            118.7825347,
            31.9161299
          ],
          [
            118.7826749,
            31.9162315
          ],
          [
            118.7826786,
            31.9166782
          ],
          [
            118.7826793,
            31.916767
          ],
          [
            118.7826844,
            31.9173821
          ],
          [
            118.7826801,
            31.9178213
          ],
          [
            118.7826941,
            31.9182172
          ],
          [
            118.7826984,
            31.9183397
          ],
          [
            118.782696,
            31.9185175
          ],
          [
            118.7826861,
            31.9192496
          ],
          [
            118.7826832,
            31.9194601
          ],
          [
            118.782682,
            31.9196902
          ],
          [
            118.7826816,
            31.9197682
          ],
          [
            118.7826819,
            31.9198897
          ]
        ]
      }
    },
    {
      "type": "Feature",
      "properties": {
        "osm_id": 99814888,
        "dataset": "university",
        "kind": "road",
        "name": "",
        "highway": "footway",
        "waterway": "",
        "bridge": "",
        "tunnel": "",
        "layer": 0,
        "width_m": 2,
        "z_offset_m": 0
      },
      "geometry": {
        "type": "LineString",
        "coordinates": [
          [
            118.780733,
            31.9191113
          ],
          [
            118.7807411,
            31.9190407
          ],
          [
            118.7807277,
            31.9188495
          ],
          [
            118.7806418,
            31.9187675
          ],
          [
            118.7806177,
            31.918681
          ],
          [
            118.7805211,
            31.9186423
          ],
          [
            118.780438,
            31.9185603
          ],
          [
            118.7804192,
            31.9185216
          ],
          [
            118.7804031,
            31.9184146
          ],
          [
            118.7803709,
            31.9183645
          ],
          [
            118.780328,
            31.9183258
          ],
          [
            118.7802583,
            31.9183031
          ],
          [
            118.7801911,
            31.9182432
          ],
          [
            118.7802471,
            31.9181591
          ],
          [
            118.7802476,
            31.9180868
          ],
          [
            118.780328,
            31.9180481
          ],
          [
            118.7804836,
            31.9179707
          ],
          [
            118.7805748,
            31.9179798
          ],
          [
            118.7806706,
            31.9179317
          ]
        ]
      }
    },
    {
      "type": "Feature",
      "properties": {
        "osm_id": 99814889,
        "dataset": "university",
        "kind": "road",
        "name": "太湖路",
        "highway": "unclassified",
        "waterway": "",
        "bridge": "",
        "tunnel": "",
        "layer": 0,
        "width_m": 6,
        "z_offset_m": 0
      },
      "geometry": {
        "type": "LineString",
        "coordinates": [
          [
            118.7860541,
            31.9183107
          ],
          [
            118.7859315,
            31.9183643
          ],
          [
            118.7847999,
            31.9183535
          ],
          [
            118.7846163,
            31.9183518
          ],
          [
            118.7845262,
            31.9183512
          ],
          [
            118.7837691,
            31.9183465
          ],
          [
            118.7835,
            31.9183448
          ],
          [
            118.7828681,
            31.9183408
          ],
          [
            118.7826984,
            31.9183397
          ],
          [
            118.7825575,
            31.9183423
          ],
          [
            118.7822157,
            31.9183485
          ],
          [
            118.7817771,
            31.9183494
          ],
          [
            118.781568,
            31.9183499
          ],
          [
            118.7814386,
            31.9183417
          ],
          [
            118.7810743,
            31.9182096
          ],
          [
            118.7809416,
            31.9181432
          ],
          [
            118.7806706,
            31.9179317
          ],
          [
            118.7804716,
            31.9177729
          ],
          [
            118.7803918,
            31.917731
          ],
          [
            118.7801499,
            31.9176221
          ],
          [
            118.7800366,
            31.9175877
          ],
          [
            118.7797653,
            31.9175568
          ],
          [
            118.7795866,
            31.9175568
          ],
          [
            118.7793926,
            31.91756
          ],
          [
            118.7791603,
            31.9175639
          ],
          [
            118.7789157,
            31.9175647
          ],
          [
            118.7787455,
            31.9175653
          ]
        ]
      }
    },
    {
      "type": "Feature",
      "properties": {
        "osm_id": 99814890,
        "dataset": "university",
        "kind": "road",
        "name": "",
        "highway": "footway",
        "waterway": "",
        "bridge": "",
        "tunnel": "",
        "layer": 0,
        "width_m": 2,
        "z_offset_m": 0
      },
      "geometry": {
        "type": "LineString",
        "coordinates": [
          [
            118.7803468,
            31.918854
          ],
          [
            118.7804192,
            31.9188495
          ],
          [
            118.7807277,
            31.9188495
          ],
          [
            118.7807867,
            31.9188563
          ],
          [
            118.7809288,
            31.9189292
          ],
          [
            118.7810656,
            31.9189428
          ],
          [
            118.7811193,
            31.9189292
          ],
          [
            118.7812212,
            31.9188586
          ],
          [
            118.7812588,
            31.9188153
          ],
          [
            118.7812856,
            31.9187425
          ],
          [
            118.7812883,
            31.9186514
          ],
          [
            118.7812373,
            31.918549
          ],
          [
            118.7811246,
            31.9184784
          ],
          [
            118.7810683,
            31.9184624
          ],
          [
            118.7809208,
            31.9184556
          ],
          [
            118.7808564,
            31.9184215
          ],
          [
            118.7807867,
            31.91836
          ],
          [
            118.7807009,
            31.9182826
          ],
          [
            118.7805453,
            31.9182166
          ],
          [
            118.7804809,
            31.9181733
          ],
          [
            118.780328,
            31.9180481
          ],
          [
            118.7802771,
            31.9179912
          ],
          [
            118.7801269,
            31.9179411
          ],
          [
            118.7797404,
            31.9179958
          ]
        ]
      }
    },
    {
      "type": "Feature",
      "properties": {
        "osm_id": 99814891,
        "dataset": "university",
        "kind": "road",
        "name": "",
        "highway": "unclassified",
        "waterway": "",
        "bridge": "",
        "tunnel": "",
        "layer": 0,
        "width_m": 6,
        "z_offset_m": 0
      },
      "geometry": {
        "type": "LineString",
        "coordinates": [
          [
            118.7815707,
            31.9194479
          ],
          [
            118.7815696,
            31.9193204
          ],
          [
            118.7815664,
            31.9189458
          ],
          [
            118.7815676,
            31.9184883
          ],
          [
            118.781568,
            31.9183499
          ]
        ]
      }
    },
    {
      "type": "Feature",
      "properties": {
        "osm_id": 99814892,
        "dataset": "university",
        "kind": "road",
        "name": "",
        "highway": "footway",
        "waterway": "",
        "bridge": "",
        "tunnel": "",
        "layer": 0,
        "width_m": 2,
        "z_offset_m": 0
      },
      "geometry": {
        "type": "LineString",
        "coordinates": [
          [
            118.7796571,
            31.917955
          ],
          [
            118.7796414,
            31.9179047
          ],
          [
            118.779569,
            31.917809
          ],
          [
            118.7795153,
            31.9177726
          ],
          [
            118.7792739,
            31.9177703
          ],
          [
            118.7791603,
            31.9175639
          ]
        ]
      }
    },
    {
      "type": "Feature",
      "properties": {
        "osm_id": 99814893,
        "dataset": "university",
        "kind": "road",
        "name": "",
        "highway": "footway",
        "waterway": "",
        "bridge": "",
        "tunnel": "",
        "layer": 0,
        "width_m": 2,
        "z_offset_m": 0
      },
      "geometry": {
        "type": "LineString",
        "coordinates": [
          [
            118.7812588,
            31.9188153
          ],
          [
            118.7813231,
            31.9188518
          ],
          [
            118.7814465,
            31.9189178
          ],
          [
            118.7814921,
            31.9189428
          ],
          [
            118.7815664,
            31.9189458
          ]
        ]
      }
    },
    {
      "type": "Feature",
      "properties": {
        "osm_id": 99814895,
        "dataset": "university",
        "kind": "road",
        "name": "",
        "highway": "footway",
        "waterway": "",
        "bridge": "",
        "tunnel": "",
        "layer": 0,
        "width_m": 2,
        "z_offset_m": 0
      },
      "geometry": {
        "type": "LineString",
        "coordinates": [
          [
            118.7800313,
            31.9190844
          ],
          [
            118.7801832,
            31.9189884
          ],
          [
            118.7802958,
            31.9188996
          ],
          [
            118.7803468,
            31.918854
          ],
          [
            118.7801993,
            31.9187356
          ],
          [
            118.7801993,
            31.9186696
          ],
          [
            118.7802261,
            31.9186127
          ],
          [
            118.7803227,
            31.9185535
          ],
          [
            118.7804192,
            31.9185216
          ],
          [
            118.7805989,
            31.918492
          ],
          [
            118.780733,
            31.9184101
          ],
          [
            118.7807867,
            31.91836
          ]
        ]
      }
    },
    {
      "type": "Feature",
      "properties": {
        "osm_id": 99814896,
        "dataset": "university",
        "kind": "road",
        "name": "",
        "highway": "footway",
        "waterway": "",
        "bridge": "",
        "tunnel": "",
        "layer": 0,
        "width_m": 2,
        "z_offset_m": 0
      },
      "geometry": {
        "type": "LineString",
        "coordinates": [
          [
            118.7797048,
            31.9179576
          ],
          [
            118.7796571,
            31.917955
          ],
          [
            118.7796194,
            31.9179845
          ],
          [
            118.7796092,
            31.9180232
          ],
          [
            118.7796441,
            31.9180526
          ],
          [
            118.779695,
            31.9180526
          ],
          [
            118.7797326,
            31.9180276
          ],
          [
            118.7797404,
            31.9179958
          ],
          [
            118.7797048,
            31.9179576
          ]
        ]
      }
    },
    {
      "type": "Feature",
      "properties": {
        "osm_id": 99814897,
        "dataset": "university",
        "kind": "road",
        "name": "",
        "highway": "unclassified",
        "waterway": "",
        "bridge": "",
        "tunnel": "",
        "layer": 0,
        "width_m": 6,
        "z_offset_m": 0
      },
      "geometry": {
        "type": "LineString",
        "coordinates": [
          [
            118.7796077,
            31.9160022
          ],
          [
            118.7793082,
            31.9158452
          ]
        ]
      }
    },
    {
      "type": "Feature",
      "properties": {
        "osm_id": 99814898,
        "dataset": "university",
        "kind": "road",
        "name": "",
        "highway": "unclassified",
        "waterway": "",
        "bridge": "",
        "tunnel": "",
        "layer": 0,
        "width_m": 6,
        "z_offset_m": 0
      },
      "geometry": {
        "type": "LineString",
        "coordinates": [
          [
            118.7796033,
            31.9166834
          ],
          [
            118.7787453,
            31.9166918
          ]
        ]
      }
    },
    {
      "type": "Feature",
      "properties": {
        "osm_id": 99814899,
        "dataset": "university",
        "kind": "road",
        "name": "巢湖路",
        "highway": "unclassified",
        "waterway": "",
        "bridge": "",
        "tunnel": "",
        "layer": 0,
        "width_m": 6,
        "z_offset_m": 0
      },
      "geometry": {
        "type": "LineString",
        "coordinates": [
          [
            118.7759843,
            31.91602
          ],
          [
            118.7760333,
            31.9160213
          ],
          [
            118.7762215,
            31.9160215
          ],
          [
            118.7770302,
            31.9160224
          ],
          [
            118.7777016,
            31.9160232
          ]
        ]
      }
    },
    {
      "type": "Feature",
      "properties": {
        "osm_id": 99814900,
        "dataset": "university",
        "kind": "road",
        "name": "珠江路",
        "highway": "unclassified",
        "waterway": "",
        "bridge": "",
        "tunnel": "",
        "layer": 0,
        "width_m": 6,
        "z_offset_m": 0
      },
      "geometry": {
        "type": "LineString",
        "coordinates": [
          [
            118.7807351,
            31.9139167
          ],
          [
            118.7812626,
            31.9139257
          ],
          [
            118.7820779,
            31.913931
          ],
          [
            118.7824262,
            31.9139332
          ],
          [
            118.7824748,
            31.9139335
          ],
          [
            118.7829877,
            31.9139364
          ],
          [
            118.7831197,
            31.9139503
          ],
          [
            118.783233,
            31.9139833
          ],
          [
            118.7833168,
            31.9140315
          ],
          [
            118.7833728,
            31.9141019
          ],
          [
            118.7834167,
            31.9142688
          ],
          [
            118.7834205,
            31.9147301
          ],
          [
            118.7834258,
            31.9149875
          ],
          [
            118.783456,
            31.9152419
          ],
          [
            118.7835494,
            31.915454
          ]
        ]
      }
    },
    {
      "type": "Feature",
      "properties": {
        "osm_id": 99814901,
        "dataset": "university",
        "kind": "road",
        "name": "",
        "highway": "unclassified",
        "waterway": "",
        "bridge": "",
        "tunnel": "",
        "layer": 0,
        "width_m": 6,
        "z_offset_m": 0
      },
      "geometry": {
        "type": "LineString",
        "coordinates": [
          [
            118.7796077,
            31.9160022
          ],
          [
            118.7796734,
            31.9160269
          ],
          [
            118.7805161,
            31.916042
          ],
          [
            118.7809985,
            31.9160448
          ],
          [
            118.7819346,
            31.9160448
          ],
          [
            118.7820275,
            31.9159835
          ],
          [
            118.7820653,
            31.9159289
          ],
          [
            118.7820949,
            31.9158111
          ]
        ]
      }
    },
    {
      "type": "Feature",
      "properties": {
        "osm_id": 99814902,
        "dataset": "university",
        "kind": "road",
        "name": "松花江路",
        "highway": "unclassified",
        "waterway": "",
        "bridge": "",
        "tunnel": "",
        "layer": 0,
        "width_m": 6,
        "z_offset_m": 0
      },
      "geometry": {
        "type": "LineString",
        "coordinates": [
          [
            118.7826832,
            31.9194601
          ],
          [
            118.7815707,
            31.9194479
          ],
          [
            118.7814701,
            31.9194478
          ],
          [
            118.7808101,
            31.9194473
          ],
          [
            118.7805526,
            31.9194291
          ],
          [
            118.7803381,
            31.9193471
          ],
          [
            118.7802677,
            31.9192968
          ],
          [
            118.7801342,
            31.9192014
          ],
          [
            118.7800313,
            31.9190844
          ],
          [
            118.7799304,
            31.9189646
          ],
          [
            118.7797909,
            31.9187461
          ],
          [
            118.7797369,
            31.9186901
          ],
          [
            118.7795978,
            31.9185457
          ],
          [
            118.7793832,
            31.9183909
          ],
          [
            118.7792701,
            31.9183317
          ],
          [
            118.7791472,
            31.9182907
          ],
          [
            118.7789821,
            31.9182472
          ],
          [
            118.7787457,
            31.9182101
          ]
        ]
      }
    },
    {
      "type": "Feature",
      "properties": {
        "osm_id": 99814903,
        "dataset": "university",
        "kind": "road",
        "name": "东海路",
        "highway": "unclassified",
        "waterway": "",
        "bridge": "",
        "tunnel": "",
        "layer": 0,
        "width_m": 6,
        "z_offset_m": 0
      },
      "geometry": {
        "type": "LineString",
        "coordinates": [
          [
            118.7835494,
            31.915454
          ],
          [
            118.7836588,
            31.9155451
          ],
          [
            118.7838464,
            31.9156584
          ],
          [
            118.7842105,
            31.9157843
          ],
          [
            118.7843828,
            31.9158618
          ],
          [
            118.7844919,
            31.9159353
          ],
          [
            118.7845779,
            31.9160228
          ],
          [
            118.784625,
            31.9161194
          ],
          [
            118.7846503,
            31.9163756
          ],
          [
            118.7846163,
            31.9183518
          ]
        ]
      }
    },
    {
      "type": "Feature",
      "properties": {
        "osm_id": 99814904,
        "dataset": "university",
        "kind": "road",
        "name": "",
        "highway": "footway",
        "waterway": "",
        "bridge": "",
        "tunnel": "",
        "layer": 0,
        "width_m": 2,
        "z_offset_m": 0
      },
      "geometry": {
        "type": "LineString",
        "coordinates": [
          [
            118.7795341,
            31.9181598
          ],
          [
            118.7796172,
            31.9182097
          ],
          [
            118.7797809,
            31.9182462
          ],
          [
            118.7798855,
            31.9182894
          ],
          [
            118.7799976,
            31.918498
          ],
          [
            118.7800142,
            31.9185307
          ],
          [
            118.7802261,
            31.9186127
          ]
        ]
      }
    },
    {
      "type": "Feature",
      "properties": {
        "osm_id": 99814905,
        "dataset": "university",
        "kind": "road",
        "name": "",
        "highway": "footway",
        "waterway": "",
        "bridge": "",
        "tunnel": "",
        "layer": 0,
        "width_m": 2,
        "z_offset_m": 0
      },
      "geometry": {
        "type": "LineString",
        "coordinates": [
          [
            118.7792701,
            31.9183317
          ],
          [
            118.7794858,
            31.918178
          ],
          [
            118.7795341,
            31.9181598
          ],
          [
            118.7795019,
            31.9181006
          ],
          [
            118.7795019,
            31.9180687
          ],
          [
            118.7796092,
            31.9180232
          ]
        ]
      }
    },
    {
      "type": "Feature",
      "properties": {
        "osm_id": 99814906,
        "dataset": "university",
        "kind": "road",
        "name": "",
        "highway": "footway",
        "waterway": "",
        "bridge": "",
        "tunnel": "",
        "layer": 0,
        "width_m": 2,
        "z_offset_m": 0
      },
      "geometry": {
        "type": "LineString",
        "coordinates": [
          [
            118.7802958,
            31.9188996
          ],
          [
            118.7803334,
            31.9189451
          ],
          [
            118.7803656,
            31.9189997
          ],
          [
            118.780446,
            31.9190703
          ],
          [
            118.7806392,
            31.9191113
          ],
          [
            118.780733,
            31.9191113
          ],
          [
            118.7809905,
            31.9191113
          ],
          [
            118.7812453,
            31.9191682
          ],
          [
            118.7812963,
            31.9191637
          ],
          [
            118.7813392,
            31.9191432
          ],
          [
            118.7813634,
            31.919109
          ],
          [
            118.781366,
            31.9190134
          ],
          [
            118.7814465,
            31.9189178
          ]
        ]
      }
    },
    {
      "type": "Feature",
      "properties": {
        "osm_id": 99814907,
        "dataset": "university",
        "kind": "road",
        "name": "",
        "highway": "unclassified",
        "waterway": "",
        "bridge": "",
        "tunnel": "",
        "layer": 0,
        "width_m": 6,
        "z_offset_m": 0
      },
      "geometry": {
        "type": "LineString",
        "coordinates": [
          [
            118.7835494,
            31.915454
          ],
          [
            118.7835133,
            31.9155063
          ],
          [
            118.7826749,
            31.9162315
          ]
        ]
      }
    },
    {
      "type": "Feature",
      "properties": {
        "osm_id": 99814908,
        "dataset": "university",
        "kind": "road",
        "name": "",
        "highway": "cycleway",
        "waterway": "",
        "bridge": "",
        "tunnel": "",
        "layer": 0,
        "width_m": 2,
        "z_offset_m": 0
      },
      "geometry": {
        "type": "LineString",
        "coordinates": [
          [
            118.7812306,
            31.9178744
          ],
          [
            118.7814548,
            31.9179289
          ],
          [
            118.7815633,
            31.9179384
          ],
          [
            118.7821987,
            31.9179532
          ],
          [
            118.7826251,
            31.9178114
          ],
          [
            118.7826801,
            31.9178213
          ]
        ]
      }
    },
    {
      "type": "Feature",
      "properties": {
        "osm_id": 99814934,
        "dataset": "university",
        "kind": "road",
        "name": "",
        "highway": "footway",
        "waterway": "",
        "bridge": "",
        "tunnel": "",
        "layer": 0,
        "width_m": 2,
        "z_offset_m": 0
      },
      "geometry": {
        "type": "LineString",
        "coordinates": [
          [
            118.7789372,
            31.9160865
          ],
          [
            118.779062,
            31.9161608
          ],
          [
            118.7790835,
            31.9162109
          ],
          [
            118.7790406,
            31.9162519
          ],
          [
            118.7791318,
            31.9163521
          ],
          [
            118.7792069,
            31.9163839
          ],
          [
            118.7792873,
            31.9163885
          ],
          [
            118.7793142,
            31.9164659
          ],
          [
            118.7793732,
            31.9165297
          ],
          [
            118.779459,
            31.9165661
          ],
          [
            118.7796061,
            31.9165608
          ]
        ]
      }
    },
    {
      "type": "Feature",
      "properties": {
        "osm_id": 99814935,
        "dataset": "university",
        "kind": "road",
        "name": "",
        "highway": "footway",
        "waterway": "",
        "bridge": "",
        "tunnel": "",
        "layer": 0,
        "width_m": 2,
        "z_offset_m": 0
      },
      "geometry": {
        "type": "LineString",
        "coordinates": [
          [
            118.7787495,
            31.9169109
          ],
          [
            118.7789386,
            31.9169076
          ],
          [
            118.7790406,
            31.9169167
          ],
          [
            118.7791371,
            31.916862
          ],
          [
            118.7792015,
            31.916903
          ],
          [
            118.7792659,
            31.9169167
          ],
          [
            118.779341,
            31.916862
          ],
          [
            118.7794107,
            31.9168575
          ],
          [
            118.7796016,
            31.9169195
          ]
        ]
      }
    },
    {
      "type": "Feature",
      "properties": {
        "osm_id": 108293283,
        "dataset": "university",
        "kind": "road",
        "name": "",
        "highway": "unclassified",
        "waterway": "",
        "bridge": "",
        "tunnel": "",
        "layer": 0,
        "width_m": 6,
        "z_offset_m": 0
      },
      "geometry": {
        "type": "LineString",
        "coordinates": [
          [
            118.7743492,
            31.9430399
          ],
          [
            118.773949,
            31.9430265
          ],
          [
            118.7735856,
            31.9430308
          ],
          [
            118.7731496,
            31.943077
          ],
          [
            118.7726775,
            31.9432591
          ],
          [
            118.7722269,
            31.9436051
          ],
          [
            118.7718244,
            31.9438363
          ],
          [
            118.7715085,
            31.9442421
          ],
          [
            118.7711625,
            31.9447424
          ],
          [
            118.7708122,
            31.9448077
          ],
          [
            118.7703342,
            31.9449927
          ],
          [
            118.7701625,
            31.9449841
          ],
          [
            118.7701008,
            31.9448876
          ],
          [
            118.7702528,
            31.9447704
          ],
          [
            118.7704817,
            31.9445723
          ],
          [
            118.7706748,
            31.9443045
          ],
          [
            118.7709297,
            31.944179
          ],
          [
            118.7710897,
            31.9440967
          ],
          [
            118.7714068,
            31.9437366
          ],
          [
            118.771685,
            31.9432923
          ],
          [
            118.7717119,
            31.9430406
          ],
          [
            118.7716206,
            31.9428362
          ],
          [
            118.7717576,
            31.9427037
          ],
          [
            118.7719694,
            31.9426036
          ],
          [
            118.7723342,
            31.9422212
          ],
          [
            118.7724636,
            31.9416838
          ],
          [
            118.7726243,
            31.9413606
          ],
          [
            118.7727419,
            31.9410741
          ],
          [
            118.7725996,
            31.940597
          ],
          [
            118.7725752,
            31.9401242
          ],
          [
            118.7725049,
            31.93973
          ],
          [
            118.7723107,
            31.9395436
          ],
          [
            118.7720259,
            31.9392841
          ],
          [
            118.7717727,
            31.9389538
          ],
          [
            118.7715216,
            31.9385145
          ],
          [
            118.7713652,
            31.9379273
          ],
          [
            118.7710125,
            31.9377044
          ],
          [
            118.7707309,
            31.9374586
          ],
          [
            118.7704459,
            31.9370317
          ],
          [
            118.7703087,
            31.9368388
          ],
          [
            118.7703431,
            31.9365864
          ],
          [
            118.7705103,
            31.9362486
          ],
          [
            118.770622,
            31.9359233
          ],
          [
            118.7706134,
            31.9356263
          ],
          [
            118.7704798,
            31.9352115
          ],
          [
            118.7705103,
            31.9347554
          ],
          [
            118.7706176,
            31.9343184
          ],
          [
            118.770696,
            31.9340458
          ],
          [
            118.7708322,
            31.933936
          ],
          [
            118.7711362,
            31.9336889
          ],
          [
            118.7714607,
            31.9334941
          ],
          [
            118.7719312,
            31.9335378
          ],
          [
            118.7720181,
            31.9331219
          ],
          [
            118.7721498,
            31.9328788
          ],
          [
            118.772418,
            31.9327149
          ],
          [
            118.7728063,
            31.9326066
          ],
          [
            118.7738243,
            31.932134
          ],
          [
            118.7743229,
            31.9320463
          ],
          [
            118.7744981,
            31.9319626
          ],
          [
            118.7745788,
            31.9318822
          ],
          [
            118.7747589,
            31.9316597
          ],
          [
            118.7748355,
            31.9312055
          ],
          [
            118.774716,
            31.9307855
          ],
          [
            118.7747923,
            31.9303664
          ],
          [
            118.7748781,
            31.9301265
          ],
          [
            118.7749629,
            31.9300473
          ],
          [
            118.7751308,
            31.9300254
          ],
          [
            118.775424,
            31.9301447
          ],
          [
            118.7757617,
            31.9302489
          ],
          [
            118.7763468,
            31.9301664
          ],
          [
            118.7769262,
            31.9300389
          ],
          [
            118.7771966,
            31.9299689
          ],
          [
            118.7773982,
            31.9298386
          ],
          [
            118.7779132,
            31.9292922
          ],
          [
            118.7781278,
            31.9289826
          ],
          [
            118.7778488,
            31.9285456
          ],
          [
            118.7776557,
            31.9280357
          ],
          [
            118.777763,
            31.9276168
          ],
          [
            118.7778272,
            31.9272163
          ],
          [
            118.7779179,
            31.9270064
          ],
          [
            118.7780088,
            31.9269163
          ],
          [
            118.7785557,
            31.9264667
          ],
          [
            118.7790747,
            31.9260612
          ],
          [
            118.7793296,
            31.9257468
          ],
          [
            118.7795869,
            31.9253039
          ],
          [
            118.7798044,
            31.9248869
          ],
          [
            118.7796917,
            31.9247034
          ],
          [
            118.7795624,
            31.9246352
          ],
          [
            118.779029,
            31.9246847
          ],
          [
            118.77879,
            31.9247082
          ],
          [
            118.7783345,
            31.9249552
          ],
          [
            118.7775999,
            31.9249402
          ],
          [
            118.7769003,
            31.9248501
          ],
          [
            118.7763897,
            31.9249032
          ],
          [
            118.7760771,
            31.9250268
          ],
          [
            118.775824,
            31.9251269
          ],
          [
            118.7755002,
            31.9253381
          ],
          [
            118.775372,
            31.9257595
          ],
          [
            118.7753699,
            31.9261615
          ],
          [
            118.7755958,
            31.9265059
          ],
          [
            118.7759388,
            31.9268977
          ],
          [
            118.7762193,
            31.9270523
          ],
          [
            118.7766013,
            31.927145
          ],
          [
            118.7768618,
            31.9271433
          ],
          [
            118.7771921,
            31.9271497
          ]
        ]
      }
    },
    {
      "type": "Feature",
      "properties": {
        "osm_id": 131007592,
        "dataset": "university",
        "kind": "road",
        "name": "",
        "highway": "motorway_link",
        "waterway": "",
        "bridge": "",
        "tunnel": "",
        "layer": 0,
        "width_m": 6,
        "z_offset_m": 0
      },
      "geometry": {
        "type": "LineString",
        "coordinates": [
          [
            118.7873551,
            31.9289281
          ],
          [
            118.7877643,
            31.928925
          ],
          [
            118.7880465,
            31.9288934
          ],
          [
            118.7882163,
            31.9288323
          ],
          [
            118.7883759,
            31.9287014
          ],
          [
            118.7884389,
            31.9286047
          ],
          [
            118.7886124,
            31.9281998
          ],
          [
            118.7887593,
            31.9280164
          ],
          [
            118.7889373,
            31.9279096
          ],
          [
            118.7892077,
            31.9278116
          ],
          [
            118.7894159,
            31.9277756
          ],
          [
            118.7896371,
            31.9277379
          ],
          [
            118.7898357,
            31.9276715
          ],
          [
            118.7899158,
            31.9276366
          ],
          [
            118.7899801,
            31.9275996
          ],
          [
            118.7900719,
            31.9275134
          ],
          [
            118.7901111,
            31.9274335
          ],
          [
            118.7901367,
            31.9272728
          ],
          [
            118.7901965,
            31.9268592
          ]
        ]
      }
    },
    {
      "type": "Feature",
      "properties": {
        "osm_id": 134725646,
        "dataset": "university",
        "kind": "road",
        "name": "",
        "highway": "service",
        "waterway": "",
        "bridge": "",
        "tunnel": "",
        "layer": 0,
        "width_m": 5,
        "z_offset_m": 0
      },
      "geometry": {
        "type": "LineString",
        "coordinates": [
          [
            118.7859855,
            31.9301872
          ],
          [
            118.7861091,
            31.9297812
          ],
          [
            118.786203,
            31.9295581
          ],
          [
            118.7862861,
            31.9294056
          ],
          [
            118.7863853,
            31.929351
          ],
          [
            118.7864926,
            31.9293373
          ],
          [
            118.7866616,
            31.9293396
          ],
          [
            118.78738,
            31.9294271
          ]
        ]
      }
    },
    {
      "type": "Feature",
      "properties": {
        "osm_id": 134725648,
        "dataset": "university",
        "kind": "road",
        "name": "",
        "highway": "service",
        "waterway": "",
        "bridge": "",
        "tunnel": "",
        "layer": 0,
        "width_m": 5,
        "z_offset_m": 0
      },
      "geometry": {
        "type": "LineString",
        "coordinates": [
          [
            118.7874547,
            31.9291155
          ],
          [
            118.7874385,
            31.9292258
          ],
          [
            118.78738,
            31.9294271
          ],
          [
            118.7873697,
            31.9294625
          ],
          [
            118.7872559,
            31.9298771
          ],
          [
            118.7871448,
            31.930303
          ],
          [
            118.7859855,
            31.9301872
          ],
          [
            118.7857948,
            31.9301678
          ],
          [
            118.7855294,
            31.9301274
          ]
        ]
      }
    },
    {
      "type": "Feature",
      "properties": {
        "osm_id": 134725649,
        "dataset": "university",
        "kind": "road",
        "name": "",
        "highway": "service",
        "waterway": "",
        "bridge": "",
        "tunnel": "",
        "layer": 0,
        "width_m": 5,
        "z_offset_m": 0
      },
      "geometry": {
        "type": "LineString",
        "coordinates": [
          [
            118.7871448,
            31.930303
          ],
          [
            118.7871222,
            31.9303504
          ],
          [
            118.7877099,
            31.9304235
          ],
          [
            118.7878176,
            31.9299588
          ],
          [
            118.7872559,
            31.9298771
          ]
        ]
      }
    },
    {
      "type": "Feature",
      "properties": {
        "osm_id": 143935226,
        "dataset": "university",
        "kind": "road",
        "name": "吉印大道",
        "highway": "secondary",
        "waterway": "",
        "bridge": "",
        "tunnel": "",
        "layer": 0,
        "width_m": 14,
        "z_offset_m": 0
      },
      "geometry": {
        "type": "LineString",
        "coordinates": [
          [
            118.8101596,
            31.8954129
          ],
          [
            118.8135502,
            31.8956779
          ],
          [
            118.817334,
            31.8959279
          ],
          [
            118.8180027,
            31.8959721
          ]
        ]
      }
    },
    {
      "type": "Feature",
      "properties": {
        "osm_id": 148286166,
        "dataset": "university",
        "kind": "road",
        "name": "",
        "highway": "service",
        "waterway": "",
        "bridge": "",
        "tunnel": "",
        "layer": 0,
        "width_m": 5,
        "z_offset_m": 0
      },
      "geometry": {
        "type": "LineString",
        "coordinates": [
          [
            118.7847106,
            31.9297881
          ],
          [
            118.7846088,
            31.9298566
          ],
          [
            118.7844017,
            31.9299256
          ],
          [
            118.78423,
            31.9299575
          ],
          [
            118.7839382,
            31.930016
          ],
          [
            118.783715,
            31.9300121
          ],
          [
            118.7835305,
            31.9299613
          ],
          [
            118.7833964,
            31.9299067
          ]
        ]
      }
    },
    {
      "type": "Feature",
      "properties": {
        "osm_id": 148286167,
        "dataset": "university",
        "kind": "road",
        "name": "",
        "highway": "unclassified",
        "waterway": "",
        "bridge": "",
        "tunnel": "",
        "layer": 0,
        "width_m": 6,
        "z_offset_m": 0
      },
      "geometry": {
        "type": "LineString",
        "coordinates": [
          [
            118.7757617,
            31.9302489
          ],
          [
            118.7762994,
            31.9303341
          ],
          [
            118.7766318,
            31.9303293
          ],
          [
            118.7770859,
            31.9301948
          ],
          [
            118.7773904,
            31.9300076
          ],
          [
            118.7776264,
            31.9298983
          ],
          [
            118.777841,
            31.9297526
          ],
          [
            118.7780341,
            31.9295796
          ],
          [
            118.7782809,
            31.9293064
          ],
          [
            118.778592,
            31.9290788
          ],
          [
            118.7790319,
            31.9290333
          ],
          [
            118.7793967,
            31.9291243
          ],
          [
            118.7804374,
            31.9295614
          ]
        ]
      }
    },
    {
      "type": "Feature",
      "properties": {
        "osm_id": 148286168,
        "dataset": "university",
        "kind": "road",
        "name": "",
        "highway": "service",
        "waterway": "",
        "bridge": "",
        "tunnel": "",
        "layer": 0,
        "width_m": 5,
        "z_offset_m": 0
      },
      "geometry": {
        "type": "LineString",
        "coordinates": [
          [
            118.78423,
            31.9299575
          ],
          [
            118.7842783,
            31.9298118
          ],
          [
            118.7843159,
            31.9296615
          ],
          [
            118.7843319,
            31.9295113
          ],
          [
            118.7843224,
            31.9294948
          ],
          [
            118.7842869,
            31.9294332
          ],
          [
            118.7841957,
            31.9292739
          ],
          [
            118.7841689,
            31.9290781
          ],
          [
            118.784171,
            31.9289285
          ],
          [
            118.7841978,
            31.9288193
          ]
        ]
      }
    },
    {
      "type": "Feature",
      "properties": {
        "osm_id": 148286169,
        "dataset": "university",
        "kind": "road",
        "name": "",
        "highway": "unclassified",
        "waterway": "",
        "bridge": "",
        "tunnel": "",
        "layer": 0,
        "width_m": 6,
        "z_offset_m": 0
      },
      "geometry": {
        "type": "LineString",
        "coordinates": [
          [
            118.7776264,
            31.9298983
          ],
          [
            118.7778517,
            31.929871
          ],
          [
            118.7780663,
            31.9297344
          ],
          [
            118.7782809,
            31.9295978
          ],
          [
            118.7783989,
            31.9294612
          ],
          [
            118.7787422,
            31.9293246
          ],
          [
            118.7788924,
            31.9292518
          ],
          [
            118.7791177,
            31.9292973
          ],
          [
            118.7793967,
            31.9294066
          ],
          [
            118.7795576,
            31.9295432
          ],
          [
            118.7797615,
            31.9296342
          ],
          [
            118.7800511,
            31.9297617
          ],
          [
            118.7800726,
            31.9299893
          ],
          [
            118.7802443,
            31.9301988
          ],
          [
            118.7802657,
            31.9304082
          ],
          [
            118.7803086,
            31.9308453
          ],
          [
            118.7802872,
            31.9313096
          ],
          [
            118.7802764,
            31.9317649
          ],
          [
            118.7804159,
            31.9320654
          ],
          [
            118.7806949,
            31.9324569
          ],
          [
            118.7808129,
            31.9327756
          ],
          [
            118.7808343,
            31.9330123
          ],
          [
            118.7808022,
            31.9333219
          ],
          [
            118.7806841,
            31.9335586
          ],
          [
            118.7804035,
            31.9340297
          ],
          [
            118.780528,
            31.9341992
          ],
          [
            118.7807893,
            31.9344364
          ],
          [
            118.7810382,
            31.9346512
          ],
          [
            118.781285,
            31.9347605
          ],
          [
            118.781521,
            31.9349517
          ],
          [
            118.78183,
            31.935101
          ],
          [
            118.782066,
            31.9351101
          ],
          [
            118.7825703,
            31.9352467
          ],
          [
            118.7828921,
            31.9353196
          ],
          [
            118.7830681,
            31.9353813
          ]
        ]
      }
    },
    {
      "type": "Feature",
      "properties": {
        "osm_id": 148286170,
        "dataset": "university",
        "kind": "road",
        "name": "",
        "highway": "service",
        "waterway": "",
        "bridge": "",
        "tunnel": "",
        "layer": 0,
        "width_m": 5,
        "z_offset_m": 0
      },
      "geometry": {
        "type": "LineString",
        "coordinates": [
          [
            118.7844317,
            31.9294558
          ],
          [
            118.7843224,
            31.9294948
          ]
        ]
      }
    },
    {
      "type": "Feature",
      "properties": {
        "osm_id": 148286171,
        "dataset": "university",
        "kind": "road",
        "name": "",
        "highway": "service",
        "waterway": "",
        "bridge": "",
        "tunnel": "",
        "layer": 0,
        "width_m": 5,
        "z_offset_m": 0
      },
      "geometry": {
        "type": "LineString",
        "coordinates": [
          [
            118.7843458,
            31.9288503
          ],
          [
            118.7841978,
            31.9288193
          ],
          [
            118.7841013,
            31.9287692
          ],
          [
            118.7839328,
            31.9287002
          ],
          [
            118.7838041,
            31.9287002
          ],
          [
            118.7837365,
            31.9287009
          ],
          [
            118.7836989,
            31.9285507
          ],
          [
            118.7836292,
            31.9284095
          ],
          [
            118.7836078,
            31.9283003
          ],
          [
            118.7835434,
            31.9282456
          ],
          [
            118.7834232,
            31.9282358
          ],
          [
            118.7833073,
            31.928232
          ],
          [
            118.7832355,
            31.9282586
          ],
          [
            118.7831893,
            31.928323
          ],
          [
            118.7831711,
            31.9283952
          ],
          [
            118.783155,
            31.9285045
          ],
          [
            118.783155,
            31.9286365
          ],
          [
            118.7831711,
            31.9287503
          ],
          [
            118.7831818,
            31.9288823
          ]
        ]
      }
    },
    {
      "type": "Feature",
      "properties": {
        "osm_id": 148287072,
        "dataset": "university",
        "kind": "road",
        "name": "",
        "highway": "path",
        "waterway": "",
        "bridge": "",
        "tunnel": "",
        "layer": 0,
        "width_m": 2,
        "z_offset_m": 0
      },
      "geometry": {
        "type": "LineString",
        "coordinates": [
          [
            118.7831893,
            31.928323
          ],
          [
            118.782742,
            31.9283789
          ],
          [
            118.7826381,
            31.9285734
          ],
          [
            118.7825557,
            31.9287072
          ],
          [
            118.7825163,
            31.9287406
          ],
          [
            118.7823981,
            31.9287619
          ],
          [
            118.7820435,
            31.9287072
          ],
          [
            118.7817498,
            31.928765
          ],
          [
            118.7816817,
            31.9289869
          ],
          [
            118.7816567,
            31.9290963
          ],
          [
            118.7816602,
            31.9291997
          ],
          [
            118.7816065,
            31.9292848
          ],
          [
            118.7815026,
            31.9292878
          ],
          [
            118.7811803,
            31.9293456
          ],
          [
            118.7809474,
            31.9294064
          ],
          [
            118.7807361,
            31.9294672
          ],
          [
            118.7804374,
            31.9295614
          ]
        ]
      }
    },
    {
      "type": "Feature",
      "properties": {
        "osm_id": 149517963,
        "dataset": "university",
        "kind": "road",
        "name": "翠屏山路",
        "highway": "residential",
        "waterway": "",
        "bridge": "",
        "tunnel": "",
        "layer": 0,
        "width_m": 7,
        "z_offset_m": 0
      },
      "geometry": {
        "type": "LineString",
        "coordinates": [
          [
            118.778358,
            31.9271722
          ],
          [
            118.7787501,
            31.9271797
          ],
          [
            118.7791762,
            31.9271987
          ],
          [
            118.7795273,
            31.9273248
          ],
          [
            118.7803502,
            31.9277683
          ],
          [
            118.7809569,
            31.9279866
          ],
          [
            118.7815811,
            31.9279212
          ],
          [
            118.7820331,
            31.9277443
          ],
          [
            118.7830845,
            31.9272161
          ],
          [
            118.783857,
            31.9269794
          ],
          [
            118.7843934,
            31.9268155
          ],
          [
            118.7854073,
            31.9268633
          ],
          [
            118.7859609,
            31.9268865
          ],
          [
            118.7861645,
            31.9268942
          ]
        ]
      }
    },
    {
      "type": "Feature",
      "properties": {
        "osm_id": 149517965,
        "dataset": "university",
        "kind": "road",
        "name": "",
        "highway": "unclassified",
        "waterway": "",
        "bridge": "",
        "tunnel": "yes",
        "layer": 0,
        "width_m": 6,
        "z_offset_m": 0
      },
      "geometry": {
        "type": "LineString",
        "coordinates": [
          [
            118.7771921,
            31.9271497
          ],
          [
            118.778358,
            31.9271722
          ]
        ]
      }
    },
    {
      "type": "Feature",
      "properties": {
        "osm_id": 156607323,
        "dataset": "university",
        "kind": "road",
        "name": "",
        "highway": "residential",
        "waterway": "",
        "bridge": "",
        "tunnel": "",
        "layer": 0,
        "width_m": 7,
        "z_offset_m": 0
      },
      "geometry": {
        "type": "LineString",
        "coordinates": [
          [
            118.7760771,
            31.9250268
          ],
          [
            118.7757759,
            31.9248758
          ],
          [
            118.7755242,
            31.9247589
          ],
          [
            118.7753849,
            31.9244938
          ],
          [
            118.7752546,
            31.9241972
          ],
          [
            118.7750973,
            31.9239995
          ],
          [
            118.7749984,
            31.9238691
          ],
          [
            118.7747198,
            31.9237613
          ],
          [
            118.7744547,
            31.9236984
          ],
          [
            118.7742929,
            31.923622
          ],
          [
            118.7740233,
            31.9234737
          ],
          [
            118.7738346,
            31.9234063
          ],
          [
            118.7736818,
            31.9233703
          ],
          [
            118.7735874,
            31.923258
          ],
          [
            118.7733987,
            31.9230872
          ],
          [
            118.7730976,
            31.9228266
          ],
          [
            118.7726122,
            31.9226064
          ],
          [
            118.7722033,
            31.9224671
          ],
          [
            118.7715832,
            31.9224221
          ],
          [
            118.7713315,
            31.9224581
          ],
          [
            118.7711428,
            31.9224895
          ],
          [
            118.7708596,
            31.9224221
          ],
          [
            118.7704417,
            31.9223367
          ],
          [
            118.7695205,
            31.9222559
          ]
        ]
      }
    },
    {
      "type": "Feature",
      "properties": {
        "osm_id": 165396655,
        "dataset": "university",
        "kind": "road",
        "name": "吉印大道",
        "highway": "secondary",
        "waterway": "",
        "bridge": "",
        "tunnel": "",
        "layer": 0,
        "width_m": 14,
        "z_offset_m": 0
      },
      "geometry": {
        "type": "LineString",
        "coordinates": [
          [
            118.7711031,
            31.8748383
          ],
          [
            118.7747791,
            31.8774865
          ],
          [
            118.7766245,
            31.8785069
          ],
          [
            118.77922,
            31.8796244
          ],
          [
            118.7798431,
            31.8798917
          ],
          [
            118.7813452,
            31.8808028
          ],
          [
            118.7858108,
            31.8844436
          ],
          [
            118.7874283,
            31.8857027
          ],
          [
            118.7878266,
            31.8860127
          ],
          [
            118.7893649,
            31.8872401
          ],
          [
            118.7901463,
            31.8880621
          ],
          [
            118.790259,
            31.8881807
          ],
          [
            118.7921118,
            31.8900013
          ],
          [
            118.7925461,
            31.8904228
          ],
          [
            118.7942168,
            31.8922117
          ],
          [
            118.7948711,
            31.8928343
          ],
          [
            118.7963986,
            31.893833
          ],
          [
            118.7973342,
            31.8942965
          ],
          [
            118.7982333,
            31.8945331
          ],
          [
            118.7990657,
            31.8946334
          ],
          [
            118.8053142,
            31.8950425
          ],
          [
            118.8055533,
            31.8950581
          ]
        ]
      }
    },
    {
      "type": "Feature",
      "properties": {
        "osm_id": 165396658,
        "dataset": "university",
        "kind": "road",
        "name": "苏源大道",
        "highway": "secondary",
        "waterway": "",
        "bridge": "",
        "tunnel": "",
        "layer": 0,
        "width_m": 14,
        "z_offset_m": 0
      },
      "geometry": {
        "type": "LineString",
        "coordinates": [
          [
            118.8055533,
            31.8950581
          ],
          [
            118.8055226,
            31.8954361
          ],
          [
            118.8050745,
            31.8996585
          ],
          [
            118.8050519,
            31.8998422
          ],
          [
            118.8045796,
            31.9044129
          ]
        ]
      }
    },
    {
      "type": "Feature",
      "properties": {
        "osm_id": 165396659,
        "dataset": "university",
        "kind": "road",
        "name": "诚信大道",
        "highway": "primary",
        "waterway": "",
        "bridge": "",
        "tunnel": "",
        "layer": 0,
        "width_m": 18,
        "z_offset_m": 0
      },
      "geometry": {
        "type": "LineString",
        "coordinates": [
          [
            118.8045796,
            31.9044129
          ],
          [
            118.8058724,
            31.904504
          ],
          [
            118.8072671,
            31.904923
          ],
          [
            118.8108171,
            31.9066525
          ]
        ]
      }
    },
    {
      "type": "Feature",
      "properties": {
        "osm_id": 166129691,
        "dataset": "university",
        "kind": "road",
        "name": "诚信大道",
        "highway": "secondary",
        "waterway": "",
        "bridge": "yes",
        "tunnel": "",
        "layer": 1,
        "width_m": 14,
        "z_offset_m": 8
      },
      "geometry": {
        "type": "LineString",
        "coordinates": [
          [
            118.8108171,
            31.9066525
          ],
          [
            118.8112643,
            31.906881
          ]
        ]
      }
    },
    {
      "type": "Feature",
      "properties": {
        "osm_id": 166129692,
        "dataset": "university",
        "kind": "road",
        "name": "诚信大道",
        "highway": "primary",
        "waterway": "",
        "bridge": "",
        "tunnel": "",
        "layer": 0,
        "width_m": 18,
        "z_offset_m": 0
      },
      "geometry": {
        "type": "LineString",
        "coordinates": [
          [
            118.8112643,
            31.906881
          ],
          [
            118.8120916,
            31.9073065
          ],
          [
            118.812889,
            31.9076736
          ],
          [
            118.8146257,
            31.9084877
          ],
          [
            118.8157643,
            31.9090215
          ],
          [
            118.8170286,
            31.9094756
          ],
          [
            118.821338,
            31.9108384
          ],
          [
            118.8223073,
            31.9111563
          ],
          [
            118.8231468,
            31.9113658
          ],
          [
            118.8240185,
            31.9114227
          ],
          [
            118.824386,
            31.9114091
          ]
        ]
      }
    },
    {
      "type": "Feature",
      "properties": {
        "osm_id": 178447786,
        "dataset": "university",
        "kind": "road",
        "name": "",
        "highway": "tertiary",
        "waterway": "",
        "bridge": "",
        "tunnel": "",
        "layer": 0,
        "width_m": 12,
        "z_offset_m": 0
      },
      "geometry": {
        "type": "LineString",
        "coordinates": [
          [
            118.813404,
            31.8959036
          ],
          [
            118.813333,
            31.8960132
          ],
          [
            118.8121202,
            31.8978019
          ],
          [
            118.8119397,
            31.8981634
          ],
          [
            118.8117241,
            31.8987622
          ],
          [
            118.8116594,
            31.8990326
          ],
          [
            118.8115915,
            31.8994935
          ],
          [
            118.8115826,
            31.8999544
          ],
          [
            118.8116977,
            31.9007382
          ],
          [
            118.8119223,
            31.9013091
          ],
          [
            118.8119438,
            31.9013563
          ],
          [
            118.8120398,
            31.9015668
          ],
          [
            118.8124745,
            31.9022214
          ],
          [
            118.8125641,
            31.9023562
          ],
          [
            118.8130027,
            31.9028059
          ],
          [
            118.8131332,
            31.9029059
          ],
          [
            118.8135004,
            31.9031872
          ],
          [
            118.8140129,
            31.9035244
          ],
          [
            118.8140296,
            31.9035332
          ],
          [
            118.814595,
            31.9038297
          ],
          [
            118.815441,
            31.9041006
          ],
          [
            118.8163325,
            31.9042713
          ],
          [
            118.8166317,
            31.9042959
          ],
          [
            118.817086,
            31.9042859
          ],
          [
            118.8177215,
            31.9042544
          ],
          [
            118.8194681,
            31.9042017
          ],
          [
            118.8198987,
            31.9042231
          ],
          [
            118.8203359,
            31.9042914
          ],
          [
            118.8209764,
            31.9044162
          ],
          [
            118.8211939,
            31.9044719
          ],
          [
            118.8222075,
            31.9047315
          ],
          [
            118.8231852,
            31.9047919
          ],
          [
            118.8250405,
            31.904924
          ],
          [
            118.8251452,
            31.9049301
          ],
          [
            118.8252418,
            31.9049358
          ]
        ]
      }
    },
    {
      "type": "Feature",
      "properties": {
        "osm_id": 181093896,
        "dataset": "university",
        "kind": "road",
        "name": "翠屏山服务区",
        "highway": "services",
        "waterway": "",
        "bridge": "",
        "tunnel": "",
        "layer": 0,
        "width_m": 6,
        "z_offset_m": 0
      },
      "geometry": {
        "type": "LineString",
        "coordinates": [
          [
            118.7900567,
            31.9329448
          ],
          [
            118.7905546,
            31.9324705
          ],
          [
            118.7912883,
            31.9321153
          ],
          [
            118.7920708,
            31.9315282
          ],
          [
            118.7927324,
            31.9307008
          ],
          [
            118.7929255,
            31.929864
          ],
          [
            118.791684,
            31.9296868
          ],
          [
            118.7914679,
            31.9296677
          ],
          [
            118.791222,
            31.929646
          ],
          [
            118.7905766,
            31.9295891
          ],
          [
            118.790473,
            31.9302577
          ],
          [
            118.7904702,
            31.9302757
          ],
          [
            118.7903155,
            31.9312744
          ],
          [
            118.7900567,
            31.9329448
          ]
        ]
      }
    },
    {
      "type": "Feature",
      "properties": {
        "osm_id": 252710103,
        "dataset": "university",
        "kind": "road",
        "name": "南京机场高速",
        "highway": "motorway",
        "waterway": "",
        "bridge": "",
        "tunnel": "",
        "layer": 0,
        "width_m": 24,
        "z_offset_m": 0
      },
      "geometry": {
        "type": "LineString",
        "coordinates": [
          [
            118.7871917,
            31.94254
          ],
          [
            118.7874224,
            31.9417512
          ],
          [
            118.7876614,
            31.9410145
          ],
          [
            118.787851,
            31.940404
          ],
          [
            118.788075,
            31.9396283
          ],
          [
            118.788508,
            31.9379369
          ],
          [
            118.7889322,
            31.9361541
          ],
          [
            118.7891284,
            31.9352596
          ],
          [
            118.7893147,
            31.9343729
          ],
          [
            118.7896561,
            31.9324946
          ],
          [
            118.7899713,
            31.930612
          ],
          [
            118.7900784,
            31.9300513
          ],
          [
            118.7902208,
            31.9288254
          ],
          [
            118.7903363,
            31.9277631
          ],
          [
            118.7903969,
            31.9271083
          ],
          [
            118.7904879,
            31.9258229
          ],
          [
            118.7905977,
            31.9245809
          ]
        ]
      }
    },
    {
      "type": "Feature",
      "properties": {
        "osm_id": 256258169,
        "dataset": "university",
        "kind": "road",
        "name": "",
        "highway": "residential",
        "waterway": "",
        "bridge": "",
        "tunnel": "",
        "layer": 0,
        "width_m": 7,
        "z_offset_m": 0
      },
      "geometry": {
        "type": "LineString",
        "coordinates": [
          [
            118.8116542,
            31.9115023
          ],
          [
            118.8125784,
            31.9131112
          ],
          [
            118.8128481,
            31.9136381
          ],
          [
            118.8129478,
            31.913914
          ],
          [
            118.8130069,
            31.9142903
          ],
          [
            118.8130254,
            31.9145757
          ],
          [
            118.8130254,
            31.9149112
          ],
          [
            118.8129847,
            31.9152185
          ],
          [
            118.8127298,
            31.9165763
          ],
          [
            118.8127631,
            31.9168428
          ],
          [
            118.8133653,
            31.9170435
          ],
          [
            118.8163243,
            31.9176962
          ],
          [
            118.8172442,
            31.9178745
          ]
        ]
      }
    },
    {
      "type": "Feature",
      "properties": {
        "osm_id": 256258170,
        "dataset": "university",
        "kind": "road",
        "name": "",
        "highway": "residential",
        "waterway": "",
        "bridge": "",
        "tunnel": "",
        "layer": 0,
        "width_m": 7,
        "z_offset_m": 0
      },
      "geometry": {
        "type": "LineString",
        "coordinates": [
          [
            118.8142266,
            31.9090003
          ],
          [
            118.813957,
            31.9090003
          ],
          [
            118.8136319,
            31.9090223
          ],
          [
            118.8132994,
            31.9089501
          ],
          [
            118.8130556,
            31.9088027
          ],
          [
            118.8128524,
            31.9086742
          ],
          [
            118.8124276,
            31.9085519
          ],
          [
            118.8122576,
            31.9088717
          ],
          [
            118.8121431,
            31.9091853
          ],
          [
            118.8120507,
            31.9096808
          ],
          [
            118.812047,
            31.9100352
          ],
          [
            118.8121172,
            31.9105338
          ],
          [
            118.812265,
            31.9109321
          ],
          [
            118.8125014,
            31.9112958
          ],
          [
            118.8127083,
            31.9117098
          ],
          [
            118.8133548,
            31.9128481
          ]
        ]
      }
    },
    {
      "type": "Feature",
      "properties": {
        "osm_id": 256258171,
        "dataset": "university",
        "kind": "road",
        "name": "",
        "highway": "residential",
        "waterway": "",
        "bridge": "",
        "tunnel": "",
        "layer": 0,
        "width_m": 7,
        "z_offset_m": 0
      },
      "geometry": {
        "type": "LineString",
        "coordinates": [
          [
            118.8113481,
            31.9115769
          ],
          [
            118.8116542,
            31.9115023
          ],
          [
            118.8125014,
            31.9112958
          ],
          [
            118.8130112,
            31.911139
          ],
          [
            118.8134102,
            31.9110638
          ],
          [
            118.8138498,
            31.9110136
          ],
          [
            118.8144372,
            31.91107
          ],
          [
            118.8149692,
            31.9112017
          ],
          [
            118.8158041,
            31.9114965
          ],
          [
            118.8173076,
            31.9119732
          ],
          [
            118.8177768,
            31.9122868
          ],
          [
            118.8181204,
            31.9125408
          ],
          [
            118.818342,
            31.9126976
          ],
          [
            118.8182238,
            31.9130174
          ],
          [
            118.8179246,
            31.9133686
          ],
          [
            118.8174887,
            31.9136885
          ]
        ]
      }
    },
    {
      "type": "Feature",
      "properties": {
        "osm_id": 256258172,
        "dataset": "university",
        "kind": "road",
        "name": "",
        "highway": "residential",
        "waterway": "",
        "bridge": "",
        "tunnel": "",
        "layer": 0,
        "width_m": 7,
        "z_offset_m": 0
      },
      "geometry": {
        "type": "LineString",
        "coordinates": [
          [
            118.7900885,
            31.9198781
          ],
          [
            118.786182,
            31.9198706
          ],
          [
            118.786028,
            31.9198719
          ]
        ]
      }
    },
    {
      "type": "Feature",
      "properties": {
        "osm_id": 256258174,
        "dataset": "university",
        "kind": "road",
        "name": "",
        "highway": "tertiary",
        "waterway": "",
        "bridge": "",
        "tunnel": "",
        "layer": 0,
        "width_m": 12,
        "z_offset_m": 0
      },
      "geometry": {
        "type": "LineString",
        "coordinates": [
          [
            118.7971045,
            31.9120819
          ],
          [
            118.7994315,
            31.9120834
          ],
          [
            118.8044394,
            31.9120866
          ]
        ]
      }
    },
    {
      "type": "Feature",
      "properties": {
        "osm_id": 256258182,
        "dataset": "university",
        "kind": "road",
        "name": "",
        "highway": "tertiary",
        "waterway": "",
        "bridge": "",
        "tunnel": "",
        "layer": 0,
        "width_m": 12,
        "z_offset_m": 0
      },
      "geometry": {
        "type": "LineString",
        "coordinates": [
          [
            118.7938559,
            31.9083177
          ],
          [
            118.7956482,
            31.9083106
          ],
          [
            118.7993824,
            31.9083163
          ],
          [
            118.8044687,
            31.908324
          ]
        ]
      }
    },
    {
      "type": "Feature",
      "properties": {
        "osm_id": 256258192,
        "dataset": "university",
        "kind": "road",
        "name": "",
        "highway": "residential",
        "waterway": "",
        "bridge": "",
        "tunnel": "",
        "layer": 0,
        "width_m": 7,
        "z_offset_m": 0
      },
      "geometry": {
        "type": "LineString",
        "coordinates": [
          [
            118.8146257,
            31.9084877
          ],
          [
            118.8142266,
            31.9090003
          ],
          [
            118.8140678,
            31.9096338
          ],
          [
            118.8138572,
            31.9102986
          ],
          [
            118.8138203,
            31.9106404
          ],
          [
            118.8138498,
            31.9110136
          ]
        ]
      }
    },
    {
      "type": "Feature",
      "properties": {
        "osm_id": 256394533,
        "dataset": "university",
        "kind": "road",
        "name": "",
        "highway": "tertiary",
        "waterway": "",
        "bridge": "",
        "tunnel": "",
        "layer": 0,
        "width_m": 12,
        "z_offset_m": 0
      },
      "geometry": {
        "type": "LineString",
        "coordinates": [
          [
            118.7994315,
            31.9120834
          ],
          [
            118.7993824,
            31.9083163
          ],
          [
            118.7993954,
            31.9043181
          ]
        ]
      }
    },
    {
      "type": "Feature",
      "properties": {
        "osm_id": 262309572,
        "dataset": "university",
        "kind": "road",
        "name": "",
        "highway": "secondary",
        "waterway": "",
        "bridge": "",
        "tunnel": "",
        "layer": 0,
        "width_m": 14,
        "z_offset_m": 0
      },
      "geometry": {
        "type": "LineString",
        "coordinates": [
          [
            118.7643477,
            31.8870523
          ],
          [
            118.7645922,
            31.8871081
          ],
          [
            118.7649209,
            31.8872231
          ],
          [
            118.7656722,
            31.887589
          ],
          [
            118.7674994,
            31.8885467
          ],
          [
            118.7677603,
            31.8886835
          ],
          [
            118.7679754,
            31.8888287
          ],
          [
            118.7682732,
            31.8890535
          ],
          [
            118.7686041,
            31.8893344
          ],
          [
            118.769288,
            31.8900649
          ],
          [
            118.7718686,
            31.8930304
          ],
          [
            118.7741394,
            31.8956398
          ],
          [
            118.7765301,
            31.8983801
          ],
          [
            118.7772064,
            31.8992073
          ],
          [
            118.7775513,
            31.8996764
          ],
          [
            118.7776919,
            31.899935
          ],
          [
            118.7778414,
            31.9002764
          ],
          [
            118.7779196,
            31.9006002
          ],
          [
            118.7779702,
            31.9009777
          ],
          [
            118.7779665,
            31.9014985
          ],
          [
            118.7778828,
            31.9019391
          ],
          [
            118.7772064,
            31.9046508
          ]
        ]
      }
    },
    {
      "type": "Feature",
      "properties": {
        "osm_id": 278159857,
        "dataset": "university",
        "kind": "road",
        "name": "宁丹大道",
        "highway": "primary",
        "waterway": "",
        "bridge": "",
        "tunnel": "",
        "layer": 0,
        "width_m": 18,
        "z_offset_m": 0
      },
      "geometry": {
        "type": "LineString",
        "coordinates": [
          [
            118.7726054,
            31.8174773
          ],
          [
            118.7725366,
            31.8178525
          ],
          [
            118.7725528,
            31.818121
          ],
          [
            118.7726006,
            31.8185468
          ],
          [
            118.7728554,
            31.8201212
          ],
          [
            118.7730491,
            31.8215759
          ],
          [
            118.7730842,
            31.8218064
          ],
          [
            118.7730909,
            31.822089
          ],
          [
            118.7731125,
            31.8227694
          ],
          [
            118.7730688,
            31.8233891
          ],
          [
            118.7729323,
            31.8245121
          ],
          [
            118.772787,
            31.8251975
          ],
          [
            118.7726052,
            31.8258523
          ],
          [
            118.77195,
            31.8276192
          ],
          [
            118.7713473,
            31.8292036
          ],
          [
            118.7703416,
            31.8317368
          ],
          [
            118.7702363,
            31.8320434
          ],
          [
            118.7695515,
            31.8337446
          ],
          [
            118.7692997,
            31.8344916
          ],
          [
            118.7691656,
            31.835102
          ],
          [
            118.7690831,
            31.8356626
          ],
          [
            118.7688591,
            31.8381885
          ],
          [
            118.7688273,
            31.8383853
          ],
          [
            118.7687746,
            31.8386759
          ],
          [
            118.768655,
            31.8391207
          ],
          [
            118.7685282,
            31.8394375
          ],
          [
            118.7683649,
            31.8398222
          ],
          [
            118.7674507,
            31.8413753
          ],
          [
            118.7673162,
            31.8416039
          ],
          [
            118.765984,
            31.8439094
          ],
          [
            118.7658361,
            31.8442178
          ],
          [
            118.76568,
            31.844604
          ],
          [
            118.7655812,
            31.8449176
          ],
          [
            118.76555,
            31.8450827
          ],
          [
            118.7655289,
            31.8451944
          ],
          [
            118.7654737,
            31.845717
          ],
          [
            118.7654425,
            31.846097
          ],
          [
            118.7652804,
            31.8480725
          ],
          [
            118.7651141,
            31.8498714
          ],
          [
            118.7647452,
            31.8538633
          ],
          [
            118.7647247,
            31.8544205
          ],
          [
            118.7647583,
            31.8548597
          ],
          [
            118.7648839,
            31.8556246
          ],
          [
            118.7651332,
            31.8570505
          ],
          [
            118.7651567,
            31.8572466
          ],
          [
            118.7652789,
            31.8579729
          ],
          [
            118.7653792,
            31.8583931
          ],
          [
            118.7655392,
            31.8588006
          ],
          [
            118.7667301,
            31.8612276
          ],
          [
            118.7669542,
            31.8617616
          ],
          [
            118.767104,
            31.8622771
          ],
          [
            118.7672297,
            31.8630052
          ],
          [
            118.7672444,
            31.8636322
          ],
          [
            118.7672245,
            31.8640713
          ],
          [
            118.7672146,
            31.8642906
          ],
          [
            118.7670389,
            31.864962
          ],
          [
            118.7669294,
            31.8652718
          ],
          [
            118.7666983,
            31.8657594
          ],
          [
            118.7662884,
            31.8664431
          ],
          [
            118.7653326,
            31.8677288
          ],
          [
            118.765149,
            31.8679759
          ],
          [
            118.7648938,
            31.8684036
          ],
          [
            118.7646995,
            31.8688189
          ],
          [
            118.764541,
            31.8692736
          ],
          [
            118.7644811,
            31.86964
          ],
          [
            118.7642666,
            31.8712665
          ],
          [
            118.7641182,
            31.8723917
          ],
          [
            118.7639663,
            31.8734009
          ],
          [
            118.7638434,
            31.8746266
          ],
          [
            118.7638374,
            31.8748204
          ],
          [
            118.7638294,
            31.8750646
          ],
          [
            118.763835,
            31.8752823
          ],
          [
            118.763842,
            31.87555
          ],
          [
            118.7639185,
            31.8762224
          ],
          [
            118.7640583,
            31.8771652
          ],
          [
            118.7641107,
            31.8775187
          ],
          [
            118.7645246,
            31.8801622
          ],
          [
            118.7649361,
            31.8825149
          ],
          [
            118.7649924,
            31.8829813
          ],
          [
            118.7650279,
            31.8834435
          ],
          [
            118.7650193,
            31.8843663
          ],
          [
            118.7649584,
            31.8851808
          ],
          [
            118.7647832,
            31.8863228
          ],
          [
            118.7645922,
            31.8871081
          ],
          [
            118.7644382,
            31.887687
          ],
          [
            118.7634521,
            31.8901653
          ],
          [
            118.7616675,
            31.8946992
          ],
          [
            118.7603678,
            31.8979351
          ],
          [
            118.759691,
            31.8996527
          ],
          [
            118.759375,
            31.9004317
          ],
          [
            118.7590025,
            31.9011316
          ],
          [
            118.7587672,
            31.9015365
          ],
          [
            118.7584168,
            31.9020171
          ],
          [
            118.7576731,
            31.903037
          ],
          [
            118.7572229,
            31.9037268
          ],
          [
            118.7569665,
            31.904276
          ],
          [
            118.756799,
            31.9046582
          ],
          [
            118.7566681,
            31.9051175
          ],
          [
            118.7565752,
            31.9056987
          ],
          [
            118.75654,
            31.906157
          ],
          [
            118.7564738,
            31.9073586
          ],
          [
            118.7564231,
            31.9077187
          ],
          [
            118.7562991,
            31.9081925
          ],
          [
            118.7561565,
            31.9086399
          ],
          [
            118.7560182,
            31.9089549
          ],
          [
            118.7559073,
            31.9091744
          ],
          [
            118.7556841,
            31.9095856
          ],
          [
            118.7553267,
            31.910055
          ],
          [
            118.7552085,
            31.9101964
          ],
          [
            118.7550278,
            31.9104127
          ],
          [
            118.7547443,
            31.9106822
          ],
          [
            118.7534089,
            31.9119524
          ],
          [
            118.7531364,
            31.9122379
          ],
          [
            118.752858,
            31.9125706
          ],
          [
            118.7525824,
            31.9130191
          ],
          [
            118.7523854,
            31.9133928
          ],
          [
            118.7522086,
            31.9138262
          ],
          [
            118.7518637,
            31.9147698
          ]
        ]
      }
    },
    {
      "type": "Feature",
      "properties": {
        "osm_id": 278181365,
        "dataset": "university",
        "kind": "road",
        "name": "将军大道",
        "highway": "primary",
        "waterway": "",
        "bridge": "",
        "tunnel": "",
        "layer": 0,
        "width_m": 18,
        "z_offset_m": 0
      },
      "geometry": {
        "type": "LineString",
        "coordinates": [
          [
            118.790259,
            31.8881807
          ],
          [
            118.7901396,
            31.8883315
          ],
          [
            118.7883152,
            31.890636
          ],
          [
            118.7874462,
            31.89172
          ],
          [
            118.7870902,
            31.8923003
          ],
          [
            118.7869097,
            31.8925945
          ],
          [
            118.7864913,
            31.8934781
          ],
          [
            118.7863398,
            31.89388
          ],
          [
            118.7863166,
            31.8939415
          ],
          [
            118.786148,
            31.894389
          ],
          [
            118.7861055,
            31.8946026
          ],
          [
            118.7860973,
            31.8946439
          ],
          [
            118.785869,
            31.8957918
          ],
          [
            118.7853862,
            31.89816
          ],
          [
            118.78538,
            31.8982149
          ],
          [
            118.7852146,
            31.8996812
          ],
          [
            118.7851609,
            31.9008653
          ],
          [
            118.7852253,
            31.902104
          ],
          [
            118.785397,
            31.9034247
          ],
          [
            118.7857622,
            31.9061224
          ],
          [
            118.785987,
            31.907751
          ],
          [
            118.7860838,
            31.9086749
          ],
          [
            118.7861158,
            31.9089805
          ],
          [
            118.7862231,
            31.9099459
          ],
          [
            118.7862532,
            31.9114263
          ]
        ]
      }
    },
    {
      "type": "Feature",
      "properties": {
        "osm_id": 300159604,
        "dataset": "university",
        "kind": "road",
        "name": "",
        "highway": "footway",
        "waterway": "",
        "bridge": "",
        "tunnel": "",
        "layer": 0,
        "width_m": 2,
        "z_offset_m": 0
      },
      "geometry": {
        "type": "LineString",
        "coordinates": [
          [
            118.8094249,
            31.8950001
          ],
          [
            118.8094356,
            31.8949546
          ],
          [
            118.8093927,
            31.8949136
          ],
          [
            118.8093122,
            31.8948908
          ],
          [
            118.8091674,
            31.8948726
          ],
          [
            118.8090547,
            31.8948544
          ],
          [
            118.8089689,
            31.8948225
          ],
          [
            118.808883,
            31.8947769
          ],
          [
            118.8087811,
            31.8947177
          ],
          [
            118.8087584,
            31.8946904
          ],
          [
            118.8087221,
            31.8945902
          ],
          [
            118.8087167,
            31.8944672
          ],
          [
            118.8087275,
            31.8943716
          ],
          [
            118.8087007,
            31.8942759
          ],
          [
            118.8086792,
            31.8942167
          ],
          [
            118.8086108,
            31.8940391
          ],
          [
            118.8083796,
            31.894078
          ],
          [
            118.808433,
            31.8942632
          ],
          [
            118.8086792,
            31.8942167
          ]
        ]
      }
    },
    {
      "type": "Feature",
      "properties": {
        "osm_id": 300165431,
        "dataset": "university",
        "kind": "road",
        "name": "南高北路",
        "highway": "unclassified",
        "waterway": "",
        "bridge": "",
        "tunnel": "",
        "layer": 0,
        "width_m": 6,
        "z_offset_m": 0
      },
      "geometry": {
        "type": "LineString",
        "coordinates": [
          [
            118.810177,
            31.8949893
          ],
          [
            118.810762,
            31.8950287
          ],
          [
            118.8119178,
            31.8951125
          ],
          [
            118.8153977,
            31.8953622
          ],
          [
            118.8167604,
            31.8954649
          ],
          [
            118.8174682,
            31.8955131
          ],
          [
            118.8176056,
            31.8955078
          ],
          [
            118.8177233,
            31.8954676
          ],
          [
            118.8178183,
            31.8954182
          ],
          [
            118.8179004,
            31.8954095
          ],
          [
            118.8179986,
            31.8954028
          ],
          [
            118.8181782,
            31.8954153
          ],
          [
            118.8193604,
            31.8955038
          ],
          [
            118.8194318,
            31.8955236
          ],
          [
            118.8194862,
            31.8955586
          ],
          [
            118.81952,
            31.8955958
          ],
          [
            118.8195737,
            31.8956429
          ],
          [
            118.8196481,
            31.8956705
          ],
          [
            118.8231299,
            31.8959192
          ],
          [
            118.8233661,
            31.8959367
          ]
        ]
      }
    },
    {
      "type": "Feature",
      "properties": {
        "osm_id": 300176515,
        "dataset": "university",
        "kind": "road",
        "name": "",
        "highway": "service",
        "waterway": "",
        "bridge": "",
        "tunnel": "",
        "layer": 0,
        "width_m": 5,
        "z_offset_m": 0
      },
      "geometry": {
        "type": "LineString",
        "coordinates": [
          [
            118.8119178,
            31.8951125
          ],
          [
            118.8119357,
            31.8949058
          ],
          [
            118.812092,
            31.8930373
          ],
          [
            118.8121009,
            31.8929436
          ],
          [
            118.81219,
            31.8920194
          ]
        ]
      }
    },
    {
      "type": "Feature",
      "properties": {
        "osm_id": 315795321,
        "dataset": "university",
        "kind": "road",
        "name": "",
        "highway": "motorway_link",
        "waterway": "",
        "bridge": "",
        "tunnel": "",
        "layer": 0,
        "width_m": 6,
        "z_offset_m": 0
      },
      "geometry": {
        "type": "LineString",
        "coordinates": [
          [
            118.7869806,
            31.9424901
          ],
          [
            118.7874676,
            31.9409353
          ],
          [
            118.7879042,
            31.9394112
          ],
          [
            118.7883772,
            31.9376096
          ],
          [
            118.7890434,
            31.9346203
          ],
          [
            118.7891259,
            31.9340431
          ],
          [
            118.7892418,
            31.9334674
          ],
          [
            118.7894272,
            31.9325461
          ],
          [
            118.7895299,
            31.9319303
          ],
          [
            118.7896325,
            31.9313144
          ],
          [
            118.7897292,
            31.9306443
          ],
          [
            118.7898305,
            31.9299424
          ],
          [
            118.7899418,
            31.929148
          ],
          [
            118.7899577,
            31.9289995
          ],
          [
            118.789968,
            31.9289031
          ],
          [
            118.7900328,
            31.928498
          ],
          [
            118.7901593,
            31.9274033
          ],
          [
            118.7901965,
            31.9268592
          ],
          [
            118.7902643,
            31.926081
          ],
          [
            118.7903397,
            31.9252974
          ],
          [
            118.7904366,
            31.9242373
          ],
          [
            118.7904514,
            31.9236272
          ],
          [
            118.790483,
            31.9228484
          ],
          [
            118.7904897,
            31.9226716
          ],
          [
            118.7905566,
            31.9218215
          ],
          [
            118.7907784,
            31.9210226
          ]
        ]
      }
    },
    {
      "type": "Feature",
      "properties": {
        "osm_id": 315795343,
        "dataset": "university",
        "kind": "road",
        "name": "",
        "highway": "motorway_link",
        "waterway": "",
        "bridge": "yes",
        "tunnel": "",
        "layer": 1,
        "width_m": 6,
        "z_offset_m": 8
      },
      "geometry": {
        "type": "LineString",
        "coordinates": [
          [
            118.7906101,
            31.9295203
          ],
          [
            118.789766,
            31.9294185
          ]
        ]
      }
    },
    {
      "type": "Feature",
      "properties": {
        "osm_id": 315795350,
        "dataset": "university",
        "kind": "road",
        "name": "",
        "highway": "motorway_link",
        "waterway": "",
        "bridge": "",
        "tunnel": "",
        "layer": 0,
        "width_m": 6,
        "z_offset_m": 0
      },
      "geometry": {
        "type": "LineString",
        "coordinates": [
          [
            118.7909035,
            31.9222956
          ],
          [
            118.7909635,
            31.9227636
          ],
          [
            118.7909734,
            31.9233696
          ],
          [
            118.790971,
            31.9245375
          ],
          [
            118.7909335,
            31.9250977
          ],
          [
            118.790883,
            31.9256397
          ],
          [
            118.790773,
            31.9270253
          ],
          [
            118.7906556,
            31.9279311
          ],
          [
            118.7906241,
            31.9288349
          ],
          [
            118.7904665,
            31.9297206
          ],
          [
            118.7902373,
            31.9312231
          ],
          [
            118.790022,
            31.932479
          ],
          [
            118.7900102,
            31.9326801
          ],
          [
            118.7899942,
            31.9328629
          ],
          [
            118.789917,
            31.9332597
          ],
          [
            118.7897893,
            31.9339234
          ],
          [
            118.7895784,
            31.9351748
          ],
          [
            118.7894155,
            31.9358593
          ],
          [
            118.789198,
            31.9367146
          ],
          [
            118.788783,
            31.9384109
          ],
          [
            118.7875832,
            31.9426342
          ]
        ]
      }
    },
    {
      "type": "Feature",
      "properties": {
        "osm_id": 315795373,
        "dataset": "university",
        "kind": "road",
        "name": "",
        "highway": "motorway_link",
        "waterway": "",
        "bridge": "",
        "tunnel": "",
        "layer": 0,
        "width_m": 6,
        "z_offset_m": 0
      },
      "geometry": {
        "type": "LineString",
        "coordinates": [
          [
            118.7929114,
            31.9296905
          ],
          [
            118.7917243,
            31.9296261
          ],
          [
            118.7915351,
            31.9296081
          ],
          [
            118.7906101,
            31.9295203
          ]
        ]
      }
    },
    {
      "type": "Feature",
      "properties": {
        "osm_id": 315795419,
        "dataset": "university",
        "kind": "road",
        "name": "",
        "highway": "motorway_link",
        "waterway": "",
        "bridge": "",
        "tunnel": "",
        "layer": 0,
        "width_m": 6,
        "z_offset_m": 0
      },
      "geometry": {
        "type": "LineString",
        "coordinates": [
          [
            118.7906241,
            31.9288349
          ],
          [
            118.7905692,
            31.9298827
          ],
          [
            118.790532,
            31.9300843
          ],
          [
            118.790335,
            31.931275
          ],
          [
            118.7903205,
            31.9314508
          ],
          [
            118.7903007,
            31.9315353
          ],
          [
            118.790278,
            31.9317074
          ],
          [
            118.7902076,
            31.9317792
          ],
          [
            118.7901419,
            31.9321236
          ],
          [
            118.790022,
            31.932479
          ],
          [
            118.7898873,
            31.933007
          ],
          [
            118.7897399,
            31.9335208
          ],
          [
            118.7895747,
            31.9339898
          ]
        ]
      }
    },
    {
      "type": "Feature",
      "properties": {
        "osm_id": 315795452,
        "dataset": "university",
        "kind": "road",
        "name": "天元西路",
        "highway": "primary",
        "waterway": "",
        "bridge": "",
        "tunnel": "",
        "layer": 0,
        "width_m": 18,
        "z_offset_m": 0
      },
      "geometry": {
        "type": "LineString",
        "coordinates": [
          [
            118.7906371,
            31.9293083
          ],
          [
            118.7910598,
            31.9293434
          ],
          [
            118.7921444,
            31.9294397
          ],
          [
            118.7925938,
            31.9294717
          ],
          [
            118.7929577,
            31.9294945
          ],
          [
            118.7952852,
            31.9297552
          ],
          [
            118.7954248,
            31.9297575
          ],
          [
            118.7956077,
            31.9298039
          ],
          [
            118.7964367,
            31.9298861
          ],
          [
            118.7978463,
            31.9300481
          ],
          [
            118.7980922,
            31.9300741
          ],
          [
            118.7985923,
            31.9300788
          ],
          [
            118.7992096,
            31.9301674
          ],
          [
            118.7996217,
            31.9302065
          ],
          [
            118.7998782,
            31.9302516
          ],
          [
            118.8020872,
            31.9305031
          ],
          [
            118.8024358,
            31.9304859
          ],
          [
            118.8031603,
            31.9305623
          ],
          [
            118.8035144,
            31.9305856
          ],
          [
            118.8037409,
            31.9305829
          ],
          [
            118.8039255,
            31.9306341
          ],
          [
            118.8078436,
            31.9304765
          ],
          [
            118.8097224,
            31.9303981
          ],
          [
            118.8111212,
            31.9303471
          ],
          [
            118.8131142,
            31.9302671
          ],
          [
            118.8138937,
            31.9302423
          ],
          [
            118.8144617,
            31.9301879
          ],
          [
            118.8162618,
            31.9301356
          ]
        ]
      }
    },
    {
      "type": "Feature",
      "properties": {
        "osm_id": 315795455,
        "dataset": "university",
        "kind": "road",
        "name": "天元西路",
        "highway": "primary",
        "waterway": "",
        "bridge": "yes",
        "tunnel": "",
        "layer": 1,
        "width_m": 18,
        "z_offset_m": 8
      },
      "geometry": {
        "type": "LineString",
        "coordinates": [
          [
            118.7906232,
            31.9294279
          ],
          [
            118.7897928,
            31.9293357
          ]
        ]
      }
    },
    {
      "type": "Feature",
      "properties": {
        "osm_id": 315795458,
        "dataset": "university",
        "kind": "road",
        "name": "天元西路",
        "highway": "primary",
        "waterway": "",
        "bridge": "yes",
        "tunnel": "",
        "layer": 1,
        "width_m": 18,
        "z_offset_m": 8
      },
      "geometry": {
        "type": "LineString",
        "coordinates": [
          [
            118.7898009,
            31.9292174
          ],
          [
            118.7906371,
            31.9293083
          ]
        ]
      }
    },
    {
      "type": "Feature",
      "properties": {
        "osm_id": 315795460,
        "dataset": "university",
        "kind": "road",
        "name": "天元西路",
        "highway": "primary",
        "waterway": "",
        "bridge": "",
        "tunnel": "",
        "layer": 0,
        "width_m": 18,
        "z_offset_m": 0
      },
      "geometry": {
        "type": "LineString",
        "coordinates": [
          [
            118.7897928,
            31.9293357
          ],
          [
            118.7883684,
            31.9291996
          ],
          [
            118.7881875,
            31.9291823
          ],
          [
            118.7874547,
            31.9291155
          ],
          [
            118.7868902,
            31.9290583
          ],
          [
            118.7862312,
            31.9290552
          ],
          [
            118.7859956,
            31.9290278
          ],
          [
            118.7858553,
            31.9288676
          ]
        ]
      }
    },
    {
      "type": "Feature",
      "properties": {
        "osm_id": 315795463,
        "dataset": "university",
        "kind": "road",
        "name": "天元西路",
        "highway": "primary",
        "waterway": "",
        "bridge": "",
        "tunnel": "",
        "layer": 0,
        "width_m": 18,
        "z_offset_m": 0
      },
      "geometry": {
        "type": "LineString",
        "coordinates": [
          [
            118.7858553,
            31.9288676
          ],
          [
            118.7860546,
            31.9288161
          ],
          [
            118.7862971,
            31.928803
          ],
          [
            118.7873551,
            31.9289281
          ],
          [
            118.7892283,
            31.929153
          ],
          [
            118.7893918,
            31.9291726
          ],
          [
            118.7898009,
            31.9292174
          ]
        ]
      }
    },
    {
      "type": "Feature",
      "properties": {
        "osm_id": 315795466,
        "dataset": "university",
        "kind": "road",
        "name": "天元西路",
        "highway": "primary",
        "waterway": "",
        "bridge": "",
        "tunnel": "",
        "layer": 0,
        "width_m": 18,
        "z_offset_m": 0
      },
      "geometry": {
        "type": "LineString",
        "coordinates": [
          [
            118.8162454,
            31.9303218
          ],
          [
            118.8136875,
            31.9304681
          ],
          [
            118.8102663,
            31.9305797
          ],
          [
            118.805445,
            31.930757
          ],
          [
            118.8034859,
            31.9308617
          ],
          [
            118.8020483,
            31.9306845
          ],
          [
            118.7991863,
            31.9303764
          ],
          [
            118.7964131,
            31.9300807
          ],
          [
            118.7952273,
            31.9299542
          ],
          [
            118.7943593,
            31.9298567
          ],
          [
            118.7929114,
            31.9296905
          ],
          [
            118.7906232,
            31.9294279
          ]
        ]
      }
    },
    {
      "type": "Feature",
      "properties": {
        "osm_id": 315795482,
        "dataset": "university",
        "kind": "road",
        "name": "将军大道",
        "highway": "primary",
        "waterway": "",
        "bridge": "",
        "tunnel": "",
        "layer": 0,
        "width_m": 18,
        "z_offset_m": 0
      },
      "geometry": {
        "type": "LineString",
        "coordinates": [
          [
            118.7860758,
            31.9113358
          ],
          [
            118.7860767,
            31.9110442
          ],
          [
            118.7860606,
            31.9100105
          ],
          [
            118.7859802,
            31.9090451
          ],
          [
            118.7856046,
            31.9061222
          ],
          [
            118.7852828,
            31.9034437
          ],
          [
            118.7851111,
            31.9022005
          ],
          [
            118.7850253,
            31.9011895
          ],
          [
            118.7850307,
            31.9004562
          ],
          [
            118.7850628,
            31.8995454
          ],
          [
            118.785206,
            31.8982487
          ],
          [
            118.7859426,
            31.8947861
          ],
          [
            118.7861196,
            31.894112
          ],
          [
            118.7864254,
            31.8932603
          ],
          [
            118.7868331,
            31.8924131
          ],
          [
            118.7871711,
            31.891862
          ],
          [
            118.7877504,
            31.8910695
          ],
          [
            118.7889842,
            31.8896166
          ],
          [
            118.7894188,
            31.8890882
          ],
          [
            118.7900324,
            31.8882227
          ],
          [
            118.7901463,
            31.8880621
          ],
          [
            118.7904872,
            31.8876585
          ],
          [
            118.7906756,
            31.8873155
          ],
          [
            118.7917269,
            31.8855522
          ],
          [
            118.7921322,
            31.8848752
          ],
          [
            118.7924624,
            31.884189
          ],
          [
            118.7929447,
            31.8830015
          ],
          [
            118.793139,
            31.8822167
          ],
          [
            118.7932028,
            31.8810626
          ],
          [
            118.7932173,
            31.88092
          ],
          [
            118.793245,
            31.8799541
          ],
          [
            118.79325,
            31.8781454
          ],
          [
            118.7932841,
            31.8772364
          ],
          [
            118.7932824,
            31.8758576
          ],
          [
            118.7932926,
            31.8743621
          ],
          [
            118.793294,
            31.8740039
          ],
          [
            118.7933284,
            31.8729474
          ],
          [
            118.7933582,
            31.87266
          ],
          [
            118.7934297,
            31.8721388
          ],
          [
            118.793564,
            31.8715196
          ],
          [
            118.7938383,
            31.8707908
          ],
          [
            118.7943464,
            31.8695546
          ],
          [
            118.7949382,
            31.8681981
          ],
          [
            118.7952567,
            31.867476
          ],
          [
            118.7952988,
            31.8673368
          ],
          [
            118.7964845,
            31.8648425
          ],
          [
            118.7969776,
            31.863751
          ],
          [
            118.7970803,
            31.8634539
          ]
        ]
      }
    },
    {
      "type": "Feature",
      "properties": {
        "osm_id": 315795504,
        "dataset": "university",
        "kind": "road",
        "name": "南京机场高速",
        "highway": "motorway",
        "waterway": "",
        "bridge": "",
        "tunnel": "",
        "layer": 0,
        "width_m": 24,
        "z_offset_m": 0
      },
      "geometry": {
        "type": "LineString",
        "coordinates": [
          [
            118.7942519,
            31.8925209
          ],
          [
            118.7939693,
            31.8932786
          ],
          [
            118.7935678,
            31.8944056
          ],
          [
            118.7932792,
            31.8954138
          ],
          [
            118.7929923,
            31.8964636
          ],
          [
            118.7928801,
            31.8969143
          ],
          [
            118.7927759,
            31.8973379
          ],
          [
            118.7925321,
            31.8982941
          ],
          [
            118.7923274,
            31.899199
          ],
          [
            118.7921466,
            31.9002008
          ],
          [
            118.7919118,
            31.9017575
          ],
          [
            118.7917483,
            31.9032385
          ],
          [
            118.791644,
            31.9043151
          ],
          [
            118.7916111,
            31.9048069
          ],
          [
            118.7915636,
            31.9052222
          ]
        ]
      }
    },
    {
      "type": "Feature",
      "properties": {
        "osm_id": 329093664,
        "dataset": "university",
        "kind": "road",
        "name": "",
        "highway": "tertiary",
        "waterway": "",
        "bridge": "",
        "tunnel": "",
        "layer": 0,
        "width_m": 12,
        "z_offset_m": 0
      },
      "geometry": {
        "type": "LineString",
        "coordinates": [
          [
            118.7597062,
            31.9096735
          ],
          [
            118.760033,
            31.9086823
          ],
          [
            118.760453,
            31.9073382
          ],
          [
            118.7607011,
            31.906588
          ],
          [
            118.760811,
            31.9062707
          ],
          [
            118.7609953,
            31.9058976
          ],
          [
            118.7612231,
            31.9055489
          ],
          [
            118.7623544,
            31.9040824
          ]
        ]
      }
    },
    {
      "type": "Feature",
      "properties": {
        "osm_id": 329093665,
        "dataset": "university",
        "kind": "road",
        "name": "",
        "highway": "tertiary",
        "waterway": "",
        "bridge": "",
        "tunnel": "",
        "layer": 0,
        "width_m": 12,
        "z_offset_m": 0
      },
      "geometry": {
        "type": "LineString",
        "coordinates": [
          [
            118.7632792,
            31.8980485
          ],
          [
            118.764939,
            31.8936918
          ],
          [
            118.7658975,
            31.8911758
          ],
          [
            118.7664554,
            31.889864
          ],
          [
            118.7674994,
            31.8885467
          ],
          [
            118.7697384,
            31.8872769
          ],
          [
            118.7715408,
            31.8869762
          ],
          [
            118.7745449,
            31.8864206
          ],
          [
            118.7746769,
            31.8863976
          ],
          [
            118.7780094,
            31.8857931
          ],
          [
            118.7803684,
            31.8853613
          ],
          [
            118.7810037,
            31.8853092
          ],
          [
            118.781438,
            31.8853196
          ],
          [
            118.7818706,
            31.8853593
          ],
          [
            118.7822585,
            31.8854266
          ],
          [
            118.7827793,
            31.8855739
          ],
          [
            118.7841783,
            31.8861699
          ]
        ]
      }
    },
    {
      "type": "Feature",
      "properties": {
        "osm_id": 329093667,
        "dataset": "university",
        "kind": "road",
        "name": "",
        "highway": "residential",
        "waterway": "",
        "bridge": "",
        "tunnel": "",
        "layer": 0,
        "width_m": 7,
        "z_offset_m": 0
      },
      "geometry": {
        "type": "LineString",
        "coordinates": [
          [
            118.7761774,
            31.8936849
          ],
          [
            118.7795979,
            31.8979092
          ],
          [
            118.7799608,
            31.8982073
          ],
          [
            118.7803644,
            31.8984675
          ],
          [
            118.7808391,
            31.8986491
          ],
          [
            118.7814317,
            31.8987997
          ],
          [
            118.7820437,
            31.8988332
          ],
          [
            118.7824254,
            31.8988018
          ],
          [
            118.782799,
            31.898736
          ],
          [
            118.7835705,
            31.8985663
          ],
          [
            118.785206,
            31.8982487
          ],
          [
            118.78538,
            31.8982149
          ],
          [
            118.7856955,
            31.8981819
          ],
          [
            118.7880839,
            31.8982575
          ],
          [
            118.7911961,
            31.8983901
          ],
          [
            118.7919685,
            31.8955299
          ],
          [
            118.7860973,
            31.8946439
          ]
        ]
      }
    },
    {
      "type": "Feature",
      "properties": {
        "osm_id": 329093670,
        "dataset": "university",
        "kind": "road",
        "name": "",
        "highway": "residential",
        "waterway": "",
        "bridge": "",
        "tunnel": "",
        "layer": 0,
        "width_m": 7,
        "z_offset_m": 0
      },
      "geometry": {
        "type": "LineString",
        "coordinates": [
          [
            118.7851609,
            31.9008653
          ],
          [
            118.788063,
            31.9008215
          ],
          [
            118.7910459,
            31.9007765
          ],
          [
            118.7911961,
            31.8983901
          ]
        ]
      }
    },
    {
      "type": "Feature",
      "properties": {
        "osm_id": 346884351,
        "dataset": "university",
        "kind": "road",
        "name": "",
        "highway": "service",
        "waterway": "",
        "bridge": "",
        "tunnel": "",
        "layer": 0,
        "width_m": 5,
        "z_offset_m": 0
      },
      "geometry": {
        "type": "LineString",
        "coordinates": [
          [
            118.7959072,
            31.8990194
          ],
          [
            118.7957362,
            31.8990317
          ],
          [
            118.7951806,
            31.8990087
          ],
          [
            118.7941438,
            31.8990033
          ],
          [
            118.79415,
            31.898751
          ],
          [
            118.794158,
            31.8984281
          ],
          [
            118.7942197,
            31.8981056
          ],
          [
            118.7948371,
            31.8953209
          ],
          [
            118.7953708,
            31.8946391
          ],
          [
            118.795923,
            31.8946424
          ],
          [
            118.7963178,
            31.8946448
          ],
          [
            118.7970476,
            31.8949793
          ],
          [
            118.7970521,
            31.8957529
          ],
          [
            118.795926,
            31.8957434
          ]
        ]
      }
    },
    {
      "type": "Feature",
      "properties": {
        "osm_id": 346884353,
        "dataset": "university",
        "kind": "road",
        "name": "",
        "highway": "service",
        "waterway": "",
        "bridge": "",
        "tunnel": "",
        "layer": 0,
        "width_m": 5,
        "z_offset_m": 0
      },
      "geometry": {
        "type": "LineString",
        "coordinates": [
          [
            118.8022536,
            31.9006827
          ],
          [
            118.8022505,
            31.9006077
          ],
          [
            118.8022254,
            31.9000004
          ],
          [
            118.8022188,
            31.8998415
          ],
          [
            118.8022188,
            31.8994974
          ],
          [
            118.802317,
            31.8994813
          ],
          [
            118.803653,
            31.8994894
          ],
          [
            118.8036522,
            31.8996388
          ],
          [
            118.8036511,
            31.8998421
          ],
          [
            118.8036503,
            31.899992
          ],
          [
            118.8036471,
            31.9006155
          ],
          [
            118.8036308,
            31.9037064
          ],
          [
            118.802222,
            31.903714
          ],
          [
            118.8010841,
            31.90372
          ]
        ]
      }
    },
    {
      "type": "Feature",
      "properties": {
        "osm_id": 346884357,
        "dataset": "university",
        "kind": "road",
        "name": "",
        "highway": "service",
        "waterway": "",
        "bridge": "",
        "tunnel": "",
        "layer": 0,
        "width_m": 5,
        "z_offset_m": 0
      },
      "geometry": {
        "type": "LineString",
        "coordinates": [
          [
            118.793824,
            31.9007451
          ],
          [
            118.7938318,
            31.9008164
          ],
          [
            118.7938486,
            31.9009703
          ],
          [
            118.7936561,
            31.9018864
          ],
          [
            118.7935777,
            31.9020641
          ],
          [
            118.7935744,
            31.9021467
          ],
          [
            118.793515,
            31.902218
          ],
          [
            118.7934434,
            31.9022323
          ],
          [
            118.7933751,
            31.9022199
          ],
          [
            118.7933091,
            31.9021819
          ],
          [
            118.7932822,
            31.9021097
          ],
          [
            118.7933561,
            31.9017951
          ],
          [
            118.793371,
            31.9017279
          ],
          [
            118.7935372,
            31.9009802
          ],
          [
            118.7935811,
            31.9007831
          ],
          [
            118.7937512,
            31.9008057
          ],
          [
            118.7938318,
            31.9008164
          ]
        ]
      }
    },
    {
      "type": "Feature",
      "properties": {
        "osm_id": 346884363,
        "dataset": "university",
        "kind": "road",
        "name": "",
        "highway": "service",
        "waterway": "",
        "bridge": "",
        "tunnel": "",
        "layer": 0,
        "width_m": 5,
        "z_offset_m": 0
      },
      "geometry": {
        "type": "LineString",
        "coordinates": [
          [
            118.7929722,
            31.902941
          ],
          [
            118.7929809,
            31.9028905
          ],
          [
            118.7930135,
            31.9028476
          ],
          [
            118.7930642,
            31.9028201
          ],
          [
            118.7931237,
            31.9028128
          ],
          [
            118.793157,
            31.9028183
          ],
          [
            118.7931878,
            31.9028304
          ],
          [
            118.7932144,
            31.9028483
          ],
          [
            118.7932465,
            31.9028915
          ],
          [
            118.7932547,
            31.902942
          ],
          [
            118.7932374,
            31.9029909
          ],
          [
            118.7931978,
            31.9030293
          ],
          [
            118.793143,
            31.9030503
          ],
          [
            118.7930829,
            31.9030501
          ],
          [
            118.7930283,
            31.9030287
          ],
          [
            118.792989,
            31.90299
          ],
          [
            118.7929722,
            31.902941
          ]
        ]
      }
    },
    {
      "type": "Feature",
      "properties": {
        "osm_id": 346884385,
        "dataset": "university",
        "kind": "road",
        "name": "",
        "highway": "service",
        "waterway": "",
        "bridge": "",
        "tunnel": "",
        "layer": 0,
        "width_m": 5,
        "z_offset_m": 0
      },
      "geometry": {
        "type": "LineString",
        "coordinates": [
          [
            118.7951838,
            31.8987439
          ],
          [
            118.79415,
            31.898751
          ]
        ]
      }
    },
    {
      "type": "Feature",
      "properties": {
        "osm_id": 346884387,
        "dataset": "university",
        "kind": "road",
        "name": "",
        "highway": "service",
        "waterway": "",
        "bridge": "",
        "tunnel": "",
        "layer": 0,
        "width_m": 5,
        "z_offset_m": 0
      },
      "geometry": {
        "type": "LineString",
        "coordinates": [
          [
            118.7960778,
            31.8998259
          ],
          [
            118.8022188,
            31.8998415
          ]
        ]
      }
    },
    {
      "type": "Feature",
      "properties": {
        "osm_id": 346884391,
        "dataset": "university",
        "kind": "road",
        "name": "",
        "highway": "service",
        "waterway": "",
        "bridge": "",
        "tunnel": "",
        "layer": 0,
        "width_m": 5,
        "z_offset_m": 0
      },
      "geometry": {
        "type": "LineString",
        "coordinates": [
          [
            118.8022505,
            31.9006077
          ],
          [
            118.8036471,
            31.9006155
          ]
        ]
      }
    },
    {
      "type": "Feature",
      "properties": {
        "osm_id": 346884401,
        "dataset": "university",
        "kind": "road",
        "name": "",
        "highway": "service",
        "waterway": "",
        "bridge": "",
        "tunnel": "",
        "layer": 0,
        "width_m": 5,
        "z_offset_m": 0
      },
      "geometry": {
        "type": "LineString",
        "coordinates": [
          [
            118.8040357,
            31.9005892
          ],
          [
            118.8040356,
            31.9014779
          ]
        ]
      }
    },
    {
      "type": "Feature",
      "properties": {
        "osm_id": 346884402,
        "dataset": "university",
        "kind": "road",
        "name": "",
        "highway": "service",
        "waterway": "",
        "bridge": "",
        "tunnel": "",
        "layer": 0,
        "width_m": 5,
        "z_offset_m": 0
      },
      "geometry": {
        "type": "LineString",
        "coordinates": [
          [
            118.8050745,
            31.8996585
          ],
          [
            118.8048478,
            31.89964
          ],
          [
            118.8036522,
            31.8996388
          ]
        ]
      }
    },
    {
      "type": "Feature",
      "properties": {
        "osm_id": 346884409,
        "dataset": "university",
        "kind": "road",
        "name": "",
        "highway": "service",
        "waterway": "",
        "bridge": "",
        "tunnel": "",
        "layer": 0,
        "width_m": 5,
        "z_offset_m": 0
      },
      "geometry": {
        "type": "LineString",
        "coordinates": [
          [
            118.8041991,
            31.9005898
          ],
          [
            118.8042013,
            31.9014751
          ]
        ]
      }
    },
    {
      "type": "Feature",
      "properties": {
        "osm_id": 346884410,
        "dataset": "university",
        "kind": "road",
        "name": "",
        "highway": "service",
        "waterway": "",
        "bridge": "",
        "tunnel": "",
        "layer": 0,
        "width_m": 5,
        "z_offset_m": 0
      },
      "geometry": {
        "type": "LineString",
        "coordinates": [
          [
            118.7938989,
            31.9002513
          ],
          [
            118.7939074,
            31.8992436
          ]
        ]
      }
    },
    {
      "type": "Feature",
      "properties": {
        "osm_id": 346884421,
        "dataset": "university",
        "kind": "road",
        "name": "",
        "highway": "service",
        "waterway": "",
        "bridge": "",
        "tunnel": "",
        "layer": 0,
        "width_m": 5,
        "z_offset_m": 0
      },
      "geometry": {
        "type": "LineString",
        "coordinates": [
          [
            118.8022254,
            31.9000004
          ],
          [
            118.8036503,
            31.899992
          ]
        ]
      }
    },
    {
      "type": "Feature",
      "properties": {
        "osm_id": 346884422,
        "dataset": "university",
        "kind": "road",
        "name": "",
        "highway": "service",
        "waterway": "",
        "bridge": "",
        "tunnel": "",
        "layer": 0,
        "width_m": 5,
        "z_offset_m": 0
      },
      "geometry": {
        "type": "LineString",
        "coordinates": [
          [
            118.8010869,
            31.9031071
          ],
          [
            118.8009049,
            31.9029216
          ]
        ]
      }
    },
    {
      "type": "Feature",
      "properties": {
        "osm_id": 346884424,
        "dataset": "university",
        "kind": "road",
        "name": "",
        "highway": "service",
        "waterway": "",
        "bridge": "",
        "tunnel": "",
        "layer": 0,
        "width_m": 5,
        "z_offset_m": 0
      },
      "geometry": {
        "type": "LineString",
        "coordinates": [
          [
            118.8022215,
            31.9021933
          ],
          [
            118.8010911,
            31.9021932
          ]
        ]
      }
    },
    {
      "type": "Feature",
      "properties": {
        "osm_id": 346884425,
        "dataset": "university",
        "kind": "road",
        "name": "",
        "highway": "service",
        "waterway": "",
        "bridge": "",
        "tunnel": "",
        "layer": 0,
        "width_m": 5,
        "z_offset_m": 0
      },
      "geometry": {
        "type": "LineString",
        "coordinates": [
          [
            118.8010863,
            31.9032334
          ],
          [
            118.8022315,
            31.9032442
          ]
        ]
      }
    },
    {
      "type": "Feature",
      "properties": {
        "osm_id": 346884429,
        "dataset": "university",
        "kind": "road",
        "name": "",
        "highway": "service",
        "waterway": "",
        "bridge": "",
        "tunnel": "",
        "layer": 0,
        "width_m": 5,
        "z_offset_m": 0
      },
      "geometry": {
        "type": "LineString",
        "coordinates": [
          [
            118.7938252,
            31.9002489
          ],
          [
            118.793815,
            31.9005541
          ]
        ]
      }
    },
    {
      "type": "Feature",
      "properties": {
        "osm_id": 346884460,
        "dataset": "university",
        "kind": "road",
        "name": "",
        "highway": "service",
        "waterway": "",
        "bridge": "",
        "tunnel": "",
        "layer": 0,
        "width_m": 5,
        "z_offset_m": 0
      },
      "geometry": {
        "type": "LineString",
        "coordinates": [
          [
            118.7934089,
            31.9008365
          ],
          [
            118.7935811,
            31.9007831
          ],
          [
            118.7937067,
            31.9002359
          ]
        ]
      }
    },
    {
      "type": "Feature",
      "properties": {
        "osm_id": 346884466,
        "dataset": "university",
        "kind": "road",
        "name": "",
        "highway": "service",
        "waterway": "",
        "bridge": "",
        "tunnel": "",
        "layer": 0,
        "width_m": 5,
        "z_offset_m": 0
      },
      "geometry": {
        "type": "LineString",
        "coordinates": [
          [
            118.7937512,
            31.9008057
          ],
          [
            118.7935408,
            31.901721
          ],
          [
            118.7935777,
            31.9020641
          ]
        ]
      }
    },
    {
      "type": "Feature",
      "properties": {
        "osm_id": 346884476,
        "dataset": "university",
        "kind": "road",
        "name": "",
        "highway": "service",
        "waterway": "",
        "bridge": "",
        "tunnel": "",
        "layer": 0,
        "width_m": 5,
        "z_offset_m": 0
      },
      "geometry": {
        "type": "LineString",
        "coordinates": [
          [
            118.7956951,
            31.9002557
          ],
          [
            118.795714,
            31.8992298
          ],
          [
            118.7957362,
            31.8990317
          ]
        ]
      }
    },
    {
      "type": "Feature",
      "properties": {
        "osm_id": 346884477,
        "dataset": "university",
        "kind": "road",
        "name": "",
        "highway": "service",
        "waterway": "",
        "bridge": "",
        "tunnel": "",
        "layer": 0,
        "width_m": 5,
        "z_offset_m": 0
      },
      "geometry": {
        "type": "LineString",
        "coordinates": [
          [
            118.7951252,
            31.9002543
          ],
          [
            118.7951506,
            31.8992341
          ],
          [
            118.7951537,
            31.8991446
          ]
        ]
      }
    },
    {
      "type": "Feature",
      "properties": {
        "osm_id": 346884498,
        "dataset": "university",
        "kind": "road",
        "name": "",
        "highway": "service",
        "waterway": "",
        "bridge": "",
        "tunnel": "",
        "layer": 0,
        "width_m": 5,
        "z_offset_m": 0
      },
      "geometry": {
        "type": "LineString",
        "coordinates": [
          [
            118.8036511,
            31.8998421
          ],
          [
            118.8045237,
            31.8998422
          ],
          [
            118.8048252,
            31.8998237
          ],
          [
            118.8050519,
            31.8998422
          ]
        ]
      }
    },
    {
      "type": "Feature",
      "properties": {
        "osm_id": 346884500,
        "dataset": "university",
        "kind": "road",
        "name": "",
        "highway": "service",
        "waterway": "",
        "bridge": "",
        "tunnel": "",
        "layer": 0,
        "width_m": 5,
        "z_offset_m": 0
      },
      "geometry": {
        "type": "LineString",
        "coordinates": [
          [
            118.8022142,
            31.901428
          ],
          [
            118.8010948,
            31.9013861
          ],
          [
            118.7961071,
            31.9014356
          ]
        ]
      }
    },
    {
      "type": "Feature",
      "properties": {
        "osm_id": 346884503,
        "dataset": "university",
        "kind": "road",
        "name": "",
        "highway": "service",
        "waterway": "",
        "bridge": "",
        "tunnel": "",
        "layer": 0,
        "width_m": 5,
        "z_offset_m": 0
      },
      "geometry": {
        "type": "LineString",
        "coordinates": [
          [
            118.7934089,
            31.9008365
          ],
          [
            118.7935517,
            31.9002189
          ],
          [
            118.7946224,
            31.8953288
          ],
          [
            118.7947094,
            31.8950573
          ],
          [
            118.7950339,
            31.8947079
          ],
          [
            118.7953205,
            31.8944082
          ],
          [
            118.7953458,
            31.8942805
          ],
          [
            118.7953363,
            31.8941663
          ],
          [
            118.7952556,
            31.8940708
          ],
          [
            118.7951194,
            31.8940144
          ],
          [
            118.7949532,
            31.8940157
          ],
          [
            118.7948408,
            31.894052
          ],
          [
            118.7947553,
            31.8941488
          ],
          [
            118.7947094,
            31.8942778
          ],
          [
            118.7927974,
            31.9028604
          ],
          [
            118.7928198,
            31.9030524
          ],
          [
            118.7928937,
            31.903157
          ],
          [
            118.7930029,
            31.9032074
          ],
          [
            118.7930924,
            31.9032208
          ],
          [
            118.793238,
            31.9032081
          ],
          [
            118.7933354,
            31.903157
          ],
          [
            118.793405,
            31.9030898
          ],
          [
            118.7934414,
            31.9029951
          ],
          [
            118.7934351,
            31.9028553
          ],
          [
            118.7933947,
            31.9027613
          ],
          [
            118.793368,
            31.9027044
          ],
          [
            118.7933002,
            31.9025287
          ],
          [
            118.7932174,
            31.9023252
          ],
          [
            118.7931992,
            31.902174
          ],
          [
            118.7931818,
            31.9019274
          ],
          [
            118.7932498,
            31.9015604
          ],
          [
            118.7934089,
            31.9008365
          ]
        ]
      }
    },
    {
      "type": "Feature",
      "properties": {
        "osm_id": 346884514,
        "dataset": "university",
        "kind": "road",
        "name": "",
        "highway": "service",
        "waterway": "",
        "bridge": "",
        "tunnel": "",
        "layer": 0,
        "width_m": 5,
        "z_offset_m": 0
      },
      "geometry": {
        "type": "LineString",
        "coordinates": [
          [
            118.793368,
            31.9027044
          ],
          [
            118.7932668,
            31.9027381
          ],
          [
            118.7932288,
            31.9027891
          ],
          [
            118.7932144,
            31.9028483
          ]
        ]
      }
    },
    {
      "type": "Feature",
      "properties": {
        "osm_id": 346884521,
        "dataset": "university",
        "kind": "road",
        "name": "",
        "highway": "service",
        "waterway": "",
        "bridge": "",
        "tunnel": "",
        "layer": 0,
        "width_m": 5,
        "z_offset_m": 0
      },
      "geometry": {
        "type": "LineString",
        "coordinates": [
          [
            118.7931237,
            31.9028128
          ],
          [
            118.7931861,
            31.9027435
          ],
          [
            118.7932668,
            31.9026064
          ],
          [
            118.7933002,
            31.9025287
          ]
        ]
      }
    },
    {
      "type": "Feature",
      "properties": {
        "osm_id": 346884524,
        "dataset": "university",
        "kind": "road",
        "name": "",
        "highway": "service",
        "waterway": "",
        "bridge": "",
        "tunnel": "",
        "layer": 0,
        "width_m": 5,
        "z_offset_m": 0
      },
      "geometry": {
        "type": "LineString",
        "coordinates": [
          [
            118.7939074,
            31.8992436
          ],
          [
            118.7951506,
            31.8992341
          ],
          [
            118.795714,
            31.8992298
          ],
          [
            118.7960668,
            31.8992271
          ]
        ]
      }
    },
    {
      "type": "Feature",
      "properties": {
        "osm_id": 346884545,
        "dataset": "university",
        "kind": "road",
        "name": "",
        "highway": "service",
        "waterway": "",
        "bridge": "",
        "tunnel": "",
        "layer": 0,
        "width_m": 5,
        "z_offset_m": 0
      },
      "geometry": {
        "type": "LineString",
        "coordinates": [
          [
            118.795923,
            31.8946424
          ],
          [
            118.795926,
            31.8957434
          ],
          [
            118.7959341,
            31.8987399
          ],
          [
            118.7951838,
            31.8987439
          ],
          [
            118.7951806,
            31.8990087
          ]
        ]
      }
    },
    {
      "type": "Feature",
      "properties": {
        "osm_id": 346884554,
        "dataset": "university",
        "kind": "road",
        "name": "",
        "highway": "service",
        "waterway": "",
        "bridge": "",
        "tunnel": "",
        "layer": 0,
        "width_m": 5,
        "z_offset_m": 0
      },
      "geometry": {
        "type": "LineString",
        "coordinates": [
          [
            118.802222,
            31.903714
          ],
          [
            118.8022315,
            31.9032442
          ],
          [
            118.8022215,
            31.9021933
          ],
          [
            118.8022142,
            31.901428
          ],
          [
            118.8022536,
            31.9006827
          ]
        ]
      }
    },
    {
      "type": "Feature",
      "properties": {
        "osm_id": 346884573,
        "dataset": "university",
        "kind": "road",
        "name": "",
        "highway": "service",
        "waterway": "",
        "bridge": "",
        "tunnel": "",
        "layer": 0,
        "width_m": 5,
        "z_offset_m": 0
      },
      "geometry": {
        "type": "LineString",
        "coordinates": [
          [
            118.8010812,
            31.9043494
          ],
          [
            118.8010841,
            31.90372
          ],
          [
            118.8010863,
            31.9032334
          ],
          [
            118.8010869,
            31.9031071
          ],
          [
            118.8010911,
            31.9021932
          ],
          [
            118.8010948,
            31.9013861
          ]
        ]
      }
    },
    {
      "type": "Feature",
      "properties": {
        "osm_id": 346884586,
        "dataset": "university",
        "kind": "road",
        "name": "",
        "highway": "service",
        "waterway": "",
        "bridge": "",
        "tunnel": "",
        "layer": 0,
        "width_m": 5,
        "z_offset_m": 0
      },
      "geometry": {
        "type": "LineString",
        "coordinates": [
          [
            118.7933561,
            31.9017951
          ],
          [
            118.7933964,
            31.9017505
          ],
          [
            118.793562,
            31.9010473
          ],
          [
            118.7935372,
            31.9009802
          ],
          [
            118.7934512,
            31.9011461
          ],
          [
            118.7933382,
            31.901665
          ],
          [
            118.793371,
            31.9017279
          ]
        ]
      }
    },
    {
      "type": "Feature",
      "properties": {
        "osm_id": 346884589,
        "dataset": "university",
        "kind": "road",
        "name": "",
        "highway": "service",
        "waterway": "",
        "bridge": "",
        "tunnel": "",
        "layer": 0,
        "width_m": 5,
        "z_offset_m": 0
      },
      "geometry": {
        "type": "LineString",
        "coordinates": [
          [
            118.8045237,
            31.8998422
          ],
          [
            118.8044342,
            31.9005906
          ],
          [
            118.8043535,
            31.9005903
          ],
          [
            118.8041991,
            31.9005898
          ],
          [
            118.8040357,
            31.9005892
          ],
          [
            118.8039461,
            31.9005888
          ],
          [
            118.8039193,
            31.9005887
          ]
        ]
      }
    },
    {
      "type": "Feature",
      "properties": {
        "osm_id": 346884598,
        "dataset": "university",
        "kind": "road",
        "name": "",
        "highway": "service",
        "waterway": "",
        "bridge": "",
        "tunnel": "",
        "layer": 0,
        "width_m": 5,
        "z_offset_m": 0
      },
      "geometry": {
        "type": "LineString",
        "coordinates": [
          [
            118.8043535,
            31.9005903
          ],
          [
            118.8043535,
            31.9014789
          ],
          [
            118.8042013,
            31.9014751
          ],
          [
            118.8040356,
            31.9014779
          ],
          [
            118.8038655,
            31.9014808
          ],
          [
            118.8038633,
            31.9007833
          ],
          [
            118.8039237,
            31.9007453
          ],
          [
            118.8039461,
            31.9005888
          ]
        ]
      }
    },
    {
      "type": "Feature",
      "properties": {
        "osm_id": 346884600,
        "dataset": "university",
        "kind": "road",
        "name": "",
        "highway": "service",
        "waterway": "",
        "bridge": "",
        "tunnel": "",
        "layer": 0,
        "width_m": 5,
        "z_offset_m": 0
      },
      "geometry": {
        "type": "LineString",
        "coordinates": [
          [
            118.8010841,
            31.90372
          ],
          [
            118.8005844,
            31.9037086
          ],
          [
            118.8001501,
            31.9035261
          ],
          [
            118.7960847,
            31.9035299
          ],
          [
            118.7961071,
            31.9014356
          ],
          [
            118.7960856,
            31.9002567
          ],
          [
            118.7960778,
            31.8998259
          ],
          [
            118.7960668,
            31.8992271
          ]
        ]
      }
    },
    {
      "type": "Feature",
      "properties": {
        "osm_id": 346884608,
        "dataset": "university",
        "kind": "road",
        "name": "",
        "highway": "service",
        "waterway": "",
        "bridge": "",
        "tunnel": "",
        "layer": 0,
        "width_m": 5,
        "z_offset_m": 0
      },
      "geometry": {
        "type": "LineString",
        "coordinates": [
          [
            118.7960856,
            31.9002567
          ],
          [
            118.7956951,
            31.9002557
          ],
          [
            118.7951252,
            31.9002543
          ],
          [
            118.7938989,
            31.9002513
          ],
          [
            118.7938462,
            31.9002512
          ],
          [
            118.7938252,
            31.9002489
          ],
          [
            118.7937067,
            31.9002359
          ],
          [
            118.7935517,
            31.9002189
          ]
        ]
      }
    },
    {
      "type": "Feature",
      "properties": {
        "osm_id": 402693313,
        "dataset": "university",
        "kind": "road",
        "name": "佛城西路",
        "highway": "secondary",
        "waterway": "",
        "bridge": "",
        "tunnel": "",
        "layer": 0,
        "width_m": 14,
        "z_offset_m": 0
      },
      "geometry": {
        "type": "LineString",
        "coordinates": [
          [
            118.7912917,
            31.9169996
          ],
          [
            118.7905516,
            31.9169541
          ],
          [
            118.7903375,
            31.916917
          ],
          [
            118.789808,
            31.916666
          ],
          [
            118.7885995,
            31.9158606
          ],
          [
            118.7873567,
            31.9150422
          ],
          [
            118.7867531,
            31.9146447
          ],
          [
            118.7866969,
            31.9146143
          ],
          [
            118.7862314,
            31.9143623
          ]
        ]
      }
    },
    {
      "type": "Feature",
      "properties": {
        "osm_id": 410079546,
        "dataset": "university",
        "kind": "road",
        "name": "",
        "highway": "tertiary",
        "waterway": "",
        "bridge": "",
        "tunnel": "",
        "layer": 0,
        "width_m": 12,
        "z_offset_m": 0
      },
      "geometry": {
        "type": "LineString",
        "coordinates": [
          [
            118.7718214,
            31.8979257
          ],
          [
            118.7689372,
            31.8961425
          ],
          [
            118.764939,
            31.8936918
          ]
        ]
      }
    },
    {
      "type": "Feature",
      "properties": {
        "osm_id": 423032702,
        "dataset": "university",
        "kind": "road",
        "name": "苏源大道",
        "highway": "secondary",
        "waterway": "",
        "bridge": "",
        "tunnel": "",
        "layer": 0,
        "width_m": 14,
        "z_offset_m": 0
      },
      "geometry": {
        "type": "LineString",
        "coordinates": [
          [
            118.8053142,
            31.8950425
          ],
          [
            118.8053336,
            31.8948151
          ],
          [
            118.8058963,
            31.8882173
          ],
          [
            118.8063771,
            31.8856249
          ],
          [
            118.8065942,
            31.8848794
          ],
          [
            118.8075857,
            31.8818036
          ],
          [
            118.8076183,
            31.8816729
          ],
          [
            118.8085417,
            31.8790907
          ],
          [
            118.8090115,
            31.87783
          ],
          [
            118.8097499,
            31.8764071
          ],
          [
            118.8105208,
            31.875222
          ]
        ]
      }
    },
    {
      "type": "Feature",
      "properties": {
        "osm_id": 423032706,
        "dataset": "university",
        "kind": "road",
        "name": "苏源大道",
        "highway": "secondary",
        "waterway": "",
        "bridge": "",
        "tunnel": "",
        "layer": 0,
        "width_m": 14,
        "z_offset_m": 0
      },
      "geometry": {
        "type": "LineString",
        "coordinates": [
          [
            118.8043559,
            31.9044052
          ],
          [
            118.8048252,
            31.8998237
          ],
          [
            118.8048478,
            31.89964
          ],
          [
            118.8052656,
            31.8954591
          ],
          [
            118.8052953,
            31.8952045
          ],
          [
            118.8053142,
            31.8950425
          ]
        ]
      }
    },
    {
      "type": "Feature",
      "properties": {
        "osm_id": 423032707,
        "dataset": "university",
        "kind": "road",
        "name": "吉印大道",
        "highway": "secondary",
        "waterway": "",
        "bridge": "",
        "tunnel": "",
        "layer": 0,
        "width_m": 14,
        "z_offset_m": 0
      },
      "geometry": {
        "type": "LineString",
        "coordinates": [
          [
            118.8055226,
            31.8954361
          ],
          [
            118.8052656,
            31.8954591
          ],
          [
            118.7988948,
            31.89493
          ],
          [
            118.7980415,
            31.8948272
          ],
          [
            118.7971072,
            31.8945813
          ],
          [
            118.7961839,
            31.8941319
          ],
          [
            118.7953538,
            31.8934636
          ]
        ]
      }
    },
    {
      "type": "Feature",
      "properties": {
        "osm_id": 423032711,
        "dataset": "university",
        "kind": "road",
        "name": "吉印大道",
        "highway": "secondary",
        "waterway": "",
        "bridge": "",
        "tunnel": "",
        "layer": 0,
        "width_m": 14,
        "z_offset_m": 0
      },
      "geometry": {
        "type": "LineString",
        "coordinates": [
          [
            118.8178956,
            31.8963163
          ],
          [
            118.8150225,
            31.8961268
          ],
          [
            118.8135242,
            31.8960279
          ],
          [
            118.813333,
            31.8960132
          ],
          [
            118.8101783,
            31.8957704
          ]
        ]
      }
    },
    {
      "type": "Feature",
      "properties": {
        "osm_id": 566388388,
        "dataset": "university",
        "kind": "road",
        "name": "",
        "highway": "residential",
        "waterway": "",
        "bridge": "",
        "tunnel": "",
        "layer": 0,
        "width_m": 7,
        "z_offset_m": 0
      },
      "geometry": {
        "type": "LineString",
        "coordinates": [
          [
            118.7866854,
            31.9068071
          ],
          [
            118.7873583,
            31.906797
          ],
          [
            118.7875683,
            31.9067938
          ],
          [
            118.788242,
            31.9067837
          ],
          [
            118.7882552,
            31.9067849
          ],
          [
            118.7884648,
            31.9068135
          ],
          [
            118.7886024,
            31.9068815
          ],
          [
            118.7886575,
            31.9069282
          ],
          [
            118.7887125,
            31.9070684
          ],
          [
            118.7886675,
            31.9072894
          ],
          [
            118.7886825,
            31.9073743
          ],
          [
            118.7887576,
            31.907453
          ],
          [
            118.7889531,
            31.9075324
          ],
          [
            118.7890606,
            31.9076486
          ],
          [
            118.7890902,
            31.9077325
          ],
          [
            118.7891105,
            31.9079076
          ],
          [
            118.7889751,
            31.9080902
          ],
          [
            118.7889485,
            31.9081528
          ],
          [
            118.7889775,
            31.9082462
          ],
          [
            118.7890745,
            31.9083292
          ],
          [
            118.7891975,
            31.9084432
          ],
          [
            118.7892503,
            31.9085482
          ],
          [
            118.7892687,
            31.9086567
          ],
          [
            118.789241,
            31.9087967
          ],
          [
            118.7891902,
            31.9089235
          ],
          [
            118.7890354,
            31.9092159
          ],
          [
            118.7890088,
            31.9093697
          ],
          [
            118.7890138,
            31.9096476
          ],
          [
            118.7889845,
            31.9097077
          ],
          [
            118.7888782,
            31.909815
          ],
          [
            118.7885547,
            31.9100033
          ]
        ]
      }
    },
    {
      "type": "Feature",
      "properties": {
        "osm_id": 566393196,
        "dataset": "university",
        "kind": "road",
        "name": "",
        "highway": "residential",
        "waterway": "",
        "bridge": "",
        "tunnel": "",
        "layer": 0,
        "width_m": 7,
        "z_offset_m": 0
      },
      "geometry": {
        "type": "LineString",
        "coordinates": [
          [
            118.7863386,
            31.9075246
          ],
          [
            118.7864227,
            31.9075103
          ],
          [
            118.7865825,
            31.9074832
          ],
          [
            118.786694,
            31.9074643
          ],
          [
            118.7875508,
            31.9074574
          ],
          [
            118.7877075,
            31.9074572
          ],
          [
            118.7879271,
            31.9074568
          ],
          [
            118.788018,
            31.9074228
          ],
          [
            118.7881135,
            31.9072541
          ],
          [
            118.7882552,
            31.9067849
          ],
          [
            118.7883061,
            31.9067166
          ],
          [
            118.7884417,
            31.9066054
          ],
          [
            118.7885233,
            31.9065571
          ],
          [
            118.7887005,
            31.9064917
          ],
          [
            118.7894291,
            31.9064106
          ],
          [
            118.78968,
            31.9064233
          ],
          [
            118.7899468,
            31.9064943
          ],
          [
            118.7901347,
            31.9065871
          ],
          [
            118.7902364,
            31.9066761
          ],
          [
            118.7903211,
            31.906799
          ],
          [
            118.7903581,
            31.9068526
          ],
          [
            118.7903904,
            31.9069481
          ],
          [
            118.7903979,
            31.9071462
          ],
          [
            118.7903933,
            31.9075396
          ],
          [
            118.7903832,
            31.9079606
          ],
          [
            118.7903989,
            31.9082698
          ],
          [
            118.7903854,
            31.9087611
          ],
          [
            118.7903439,
            31.9090118
          ],
          [
            118.7903311,
            31.9096818
          ],
          [
            118.7903725,
            31.9104416
          ],
          [
            118.7903592,
            31.9106255
          ],
          [
            118.7903137,
            31.9107326
          ],
          [
            118.7902359,
            31.9107728
          ],
          [
            118.7900728,
            31.9108155
          ],
          [
            118.7897703,
            31.910834
          ],
          [
            118.7895418,
            31.9108131
          ],
          [
            118.7894394,
            31.9107905
          ],
          [
            118.789318,
            31.910739
          ],
          [
            118.7891391,
            31.9106305
          ],
          [
            118.7889748,
            31.9104986
          ],
          [
            118.7885547,
            31.9100033
          ],
          [
            118.7883824,
            31.9098775
          ],
          [
            118.78827,
            31.9098303
          ],
          [
            118.7881335,
            31.9097965
          ],
          [
            118.7878784,
            31.9097739
          ],
          [
            118.787424,
            31.9097934
          ],
          [
            118.787227,
            31.9098221
          ],
          [
            118.7869695,
            31.9098283
          ],
          [
            118.7867314,
            31.9098036
          ],
          [
            118.7866468,
            31.9097657
          ],
          [
            118.7865744,
            31.9096617
          ],
          [
            118.7865481,
            31.9093826
          ],
          [
            118.7864913,
            31.9088115
          ],
          [
            118.7864769,
            31.9086381
          ],
          [
            118.7864495,
            31.908451
          ],
          [
            118.7863386,
            31.9075246
          ]
        ]
      }
    },
    {
      "type": "Feature",
      "properties": {
        "osm_id": 566393198,
        "dataset": "university",
        "kind": "road",
        "name": "",
        "highway": "residential",
        "waterway": "",
        "bridge": "",
        "tunnel": "",
        "layer": 0,
        "width_m": 7,
        "z_offset_m": 0
      },
      "geometry": {
        "type": "LineString",
        "coordinates": [
          [
            118.7863386,
            31.9075246
          ],
          [
            118.7862073,
            31.9064968
          ]
        ]
      }
    },
    {
      "type": "Feature",
      "properties": {
        "osm_id": 566393199,
        "dataset": "university",
        "kind": "road",
        "name": "",
        "highway": "residential",
        "waterway": "",
        "bridge": "",
        "tunnel": "",
        "layer": 0,
        "width_m": 7,
        "z_offset_m": 0
      },
      "geometry": {
        "type": "LineString",
        "coordinates": [
          [
            118.786955,
            31.9083074
          ],
          [
            118.7877029,
            31.9082917
          ],
          [
            118.7877046,
            31.9081431
          ],
          [
            118.7877062,
            31.9077668
          ],
          [
            118.7877075,
            31.9074572
          ]
        ]
      }
    },
    {
      "type": "Feature",
      "properties": {
        "osm_id": 566393200,
        "dataset": "university",
        "kind": "road",
        "name": "",
        "highway": "residential",
        "waterway": "",
        "bridge": "",
        "tunnel": "",
        "layer": 0,
        "width_m": 7,
        "z_offset_m": 0
      },
      "geometry": {
        "type": "LineString",
        "coordinates": [
          [
            118.786955,
            31.9083074
          ],
          [
            118.7869497,
            31.9081537
          ],
          [
            118.7877046,
            31.9081431
          ],
          [
            118.7879638,
            31.9081313
          ],
          [
            118.7883186,
            31.9081346
          ]
        ]
      }
    },
    {
      "type": "Feature",
      "properties": {
        "osm_id": 566393201,
        "dataset": "university",
        "kind": "road",
        "name": "",
        "highway": "footway",
        "waterway": "",
        "bridge": "",
        "tunnel": "",
        "layer": 0,
        "width_m": 2,
        "z_offset_m": 0
      },
      "geometry": {
        "type": "LineString",
        "coordinates": [
          [
            118.7888084,
            31.9078819
          ],
          [
            118.788818,
            31.9078655
          ],
          [
            118.7888239,
            31.907821
          ],
          [
            118.7888876,
            31.9077779
          ],
          [
            118.788889,
            31.907723
          ],
          [
            118.7889281,
            31.9076848
          ],
          [
            118.7890606,
            31.9076486
          ],
          [
            118.7892163,
            31.9075692
          ],
          [
            118.7892488,
            31.9075373
          ]
        ]
      }
    },
    {
      "type": "Feature",
      "properties": {
        "osm_id": 566393202,
        "dataset": "university",
        "kind": "road",
        "name": "",
        "highway": "residential",
        "waterway": "",
        "bridge": "",
        "tunnel": "",
        "layer": 0,
        "width_m": 7,
        "z_offset_m": 0
      },
      "geometry": {
        "type": "LineString",
        "coordinates": [
          [
            118.7903211,
            31.906799
          ],
          [
            118.7894156,
            31.9068066
          ]
        ]
      }
    },
    {
      "type": "Feature",
      "properties": {
        "osm_id": 566393203,
        "dataset": "university",
        "kind": "road",
        "name": "",
        "highway": "residential",
        "waterway": "",
        "bridge": "",
        "tunnel": "",
        "layer": 0,
        "width_m": 7,
        "z_offset_m": 0
      },
      "geometry": {
        "type": "LineString",
        "coordinates": [
          [
            118.7892645,
            31.9071743
          ],
          [
            118.7900479,
            31.9071693
          ],
          [
            118.7900931,
            31.9071976
          ],
          [
            118.7901481,
            31.907201
          ],
          [
            118.7902521,
            31.9071793
          ],
          [
            118.790368,
            31.907146
          ],
          [
            118.7903979,
            31.9071462
          ]
        ]
      }
    },
    {
      "type": "Feature",
      "properties": {
        "osm_id": 566393204,
        "dataset": "university",
        "kind": "road",
        "name": "",
        "highway": "residential",
        "waterway": "",
        "bridge": "",
        "tunnel": "",
        "layer": 0,
        "width_m": 7,
        "z_offset_m": 0
      },
      "geometry": {
        "type": "LineString",
        "coordinates": [
          [
            118.7903989,
            31.9082698
          ],
          [
            118.789392,
            31.9082763
          ]
        ]
      }
    },
    {
      "type": "Feature",
      "properties": {
        "osm_id": 566393205,
        "dataset": "university",
        "kind": "road",
        "name": "",
        "highway": "residential",
        "waterway": "",
        "bridge": "",
        "tunnel": "",
        "layer": 0,
        "width_m": 7,
        "z_offset_m": 0
      },
      "geometry": {
        "type": "LineString",
        "coordinates": [
          [
            118.7903439,
            31.9090118
          ],
          [
            118.7894382,
            31.9090059
          ]
        ]
      }
    },
    {
      "type": "Feature",
      "properties": {
        "osm_id": 566393206,
        "dataset": "university",
        "kind": "road",
        "name": "",
        "highway": "residential",
        "waterway": "",
        "bridge": "",
        "tunnel": "",
        "layer": 0,
        "width_m": 7,
        "z_offset_m": 0
      },
      "geometry": {
        "type": "LineString",
        "coordinates": [
          [
            118.7903311,
            31.9096818
          ],
          [
            118.7895561,
            31.9096996
          ]
        ]
      }
    },
    {
      "type": "Feature",
      "properties": {
        "osm_id": 566393207,
        "dataset": "university",
        "kind": "road",
        "name": "",
        "highway": "residential",
        "waterway": "",
        "bridge": "",
        "tunnel": "",
        "layer": 0,
        "width_m": 7,
        "z_offset_m": 0
      },
      "geometry": {
        "type": "LineString",
        "coordinates": [
          [
            118.7903725,
            31.9104416
          ],
          [
            118.7894302,
            31.9104611
          ],
          [
            118.7893728,
            31.9104584
          ],
          [
            118.7893249,
            31.9104747
          ],
          [
            118.7892739,
            31.9105153
          ],
          [
            118.789242,
            31.9105396
          ],
          [
            118.7892037,
            31.9105803
          ],
          [
            118.7891686,
            31.9106209
          ],
          [
            118.7891391,
            31.9106305
          ]
        ]
      }
    },
    {
      "type": "Feature",
      "properties": {
        "osm_id": 566393208,
        "dataset": "university",
        "kind": "road",
        "name": "",
        "highway": "footway",
        "waterway": "",
        "bridge": "",
        "tunnel": "",
        "layer": 0,
        "width_m": 2,
        "z_offset_m": 0
      },
      "geometry": {
        "type": "LineString",
        "coordinates": [
          [
            118.7891105,
            31.9079076
          ],
          [
            118.7891741,
            31.9079052
          ],
          [
            118.7893468,
            31.907988
          ],
          [
            118.7893743,
            31.9082387
          ],
          [
            118.789392,
            31.9082763
          ],
          [
            118.7893368,
            31.9085807
          ],
          [
            118.7893715,
            31.9086721
          ],
          [
            118.7893311,
            31.9087281
          ],
          [
            118.7893218,
            31.9089355
          ],
          [
            118.7893443,
            31.9089674
          ],
          [
            118.7894093,
            31.9090056
          ],
          [
            118.7894382,
            31.9090059
          ],
          [
            118.7895461,
            31.9090735
          ],
          [
            118.7895913,
            31.9091368
          ],
          [
            118.7896011,
            31.9092285
          ],
          [
            118.7895717,
            31.9093485
          ],
          [
            118.7894814,
            31.9094768
          ],
          [
            118.7894637,
            31.9095402
          ],
          [
            118.7894735,
            31.9095918
          ],
          [
            118.7895561,
            31.9096996
          ],
          [
            118.7895815,
            31.9097668
          ],
          [
            118.7894814,
            31.9100435
          ],
          [
            118.7894264,
            31.9100869
          ],
          [
            118.7892614,
            31.9101102
          ],
          [
            118.7891711,
            31.9101719
          ],
          [
            118.7890474,
            31.9103102
          ],
          [
            118.7889748,
            31.9104986
          ]
        ]
      }
    },
    {
      "type": "Feature",
      "properties": {
        "osm_id": 566393209,
        "dataset": "university",
        "kind": "road",
        "name": "",
        "highway": "footway",
        "waterway": "",
        "bridge": "",
        "tunnel": "",
        "layer": 0,
        "width_m": 2,
        "z_offset_m": 0
      },
      "geometry": {
        "type": "LineString",
        "coordinates": [
          [
            118.788889,
            31.907723
          ],
          [
            118.788849,
            31.9077501
          ],
          [
            118.788799,
            31.9077926
          ],
          [
            118.7887564,
            31.9078075
          ],
          [
            118.7885913,
            31.907799
          ],
          [
            118.7884712,
            31.9077565
          ],
          [
            118.7877062,
            31.9077668
          ]
        ]
      }
    },
    {
      "type": "Feature",
      "properties": {
        "osm_id": 566393210,
        "dataset": "university",
        "kind": "road",
        "name": "",
        "highway": "footway",
        "waterway": "",
        "bridge": "",
        "tunnel": "",
        "layer": 0,
        "width_m": 2,
        "z_offset_m": 0
      },
      "geometry": {
        "type": "LineString",
        "coordinates": [
          [
            118.7885704,
            31.9084284
          ],
          [
            118.7886448,
            31.9084014
          ],
          [
            118.7886923,
            31.9083716
          ],
          [
            118.7887774,
            31.9083547
          ],
          [
            118.7889226,
            31.9083823
          ],
          [
            118.7889951,
            31.9083759
          ],
          [
            118.7890745,
            31.9083292
          ]
        ]
      }
    },
    {
      "type": "Feature",
      "properties": {
        "osm_id": 566393211,
        "dataset": "university",
        "kind": "road",
        "name": "",
        "highway": "residential",
        "waterway": "",
        "bridge": "",
        "tunnel": "",
        "layer": 0,
        "width_m": 7,
        "z_offset_m": 0
      },
      "geometry": {
        "type": "LineString",
        "coordinates": [
          [
            118.7864769,
            31.9086381
          ],
          [
            118.7860838,
            31.9086749
          ]
        ]
      }
    },
    {
      "type": "Feature",
      "properties": {
        "osm_id": 566393212,
        "dataset": "university",
        "kind": "road",
        "name": "",
        "highway": "residential",
        "waterway": "",
        "bridge": "",
        "tunnel": "",
        "layer": 0,
        "width_m": 7,
        "z_offset_m": 0
      },
      "geometry": {
        "type": "LineString",
        "coordinates": [
          [
            118.787424,
            31.9097934
          ],
          [
            118.7874294,
            31.9094241
          ],
          [
            118.7874351,
            31.9090444
          ],
          [
            118.7874391,
            31.9087683
          ]
        ]
      }
    },
    {
      "type": "Feature",
      "properties": {
        "osm_id": 566393213,
        "dataset": "university",
        "kind": "road",
        "name": "",
        "highway": "residential",
        "waterway": "",
        "bridge": "",
        "tunnel": "",
        "layer": 0,
        "width_m": 7,
        "z_offset_m": 0
      },
      "geometry": {
        "type": "LineString",
        "coordinates": [
          [
            118.7874294,
            31.9094241
          ],
          [
            118.7883783,
            31.9094379
          ]
        ]
      }
    },
    {
      "type": "Feature",
      "properties": {
        "osm_id": 566393214,
        "dataset": "university",
        "kind": "road",
        "name": "",
        "highway": "residential",
        "waterway": "",
        "bridge": "",
        "tunnel": "",
        "layer": 0,
        "width_m": 7,
        "z_offset_m": 0
      },
      "geometry": {
        "type": "LineString",
        "coordinates": [
          [
            118.7874351,
            31.9090444
          ],
          [
            118.787988,
            31.9090341
          ]
        ]
      }
    },
    {
      "type": "Feature",
      "properties": {
        "osm_id": 566393216,
        "dataset": "university",
        "kind": "road",
        "name": "",
        "highway": "footway",
        "waterway": "",
        "bridge": "",
        "tunnel": "",
        "layer": 0,
        "width_m": 2,
        "z_offset_m": 0
      },
      "geometry": {
        "type": "LineString",
        "coordinates": [
          [
            118.7869497,
            31.9081537
          ],
          [
            118.7869412,
            31.9081165
          ],
          [
            118.7869093,
            31.9080867
          ],
          [
            118.7868742,
            31.9080515
          ],
          [
            118.78686,
            31.9080313
          ],
          [
            118.7868524,
            31.9080088
          ],
          [
            118.7868506,
            31.9079963
          ],
          [
            118.7868489,
            31.9079842
          ],
          [
            118.7868455,
            31.9079378
          ],
          [
            118.7868388,
            31.9079043
          ],
          [
            118.7868263,
            31.9078864
          ],
          [
            118.7868122,
            31.9078712
          ],
          [
            118.7867976,
            31.9078485
          ],
          [
            118.7867848,
            31.90782
          ],
          [
            118.7867674,
            31.9078029
          ],
          [
            118.7867631,
            31.9077906
          ],
          [
            118.7867601,
            31.9077654
          ],
          [
            118.7867558,
            31.9077454
          ],
          [
            118.7867529,
            31.9077277
          ],
          [
            118.7867505,
            31.9076713
          ],
          [
            118.786742,
            31.9076169
          ],
          [
            118.7867299,
            31.9075758
          ],
          [
            118.7867251,
            31.9075389
          ],
          [
            118.7867118,
            31.907503
          ],
          [
            118.786694,
            31.9074643
          ]
        ]
      }
    },
    {
      "type": "Feature",
      "properties": {
        "osm_id": 566393217,
        "dataset": "university",
        "kind": "road",
        "name": "",
        "highway": "footway",
        "waterway": "",
        "bridge": "",
        "tunnel": "",
        "layer": 0,
        "width_m": 2,
        "z_offset_m": 0
      },
      "geometry": {
        "type": "LineString",
        "coordinates": [
          [
            118.7864913,
            31.9088115
          ],
          [
            118.7866944,
            31.9088085
          ],
          [
            118.7869849,
            31.9088094
          ],
          [
            118.7870102,
            31.908809
          ],
          [
            118.7870698,
            31.9088119
          ],
          [
            118.7871461,
            31.9088156
          ],
          [
            118.7871469,
            31.9088027
          ],
          [
            118.7871471,
            31.9087504
          ],
          [
            118.7873896,
            31.9087513
          ],
          [
            118.7874824,
            31.9087546
          ],
          [
            118.787537,
            31.9087566
          ],
          [
            118.7880386,
            31.9087524
          ],
          [
            118.7880466,
            31.9086332
          ],
          [
            118.7880424,
            31.9085009
          ],
          [
            118.7869383,
            31.908526
          ],
          [
            118.7869356,
            31.9084399
          ],
          [
            118.7865443,
            31.9084518
          ],
          [
            118.7864495,
            31.908451
          ]
        ]
      }
    },
    {
      "type": "Feature",
      "properties": {
        "osm_id": 566393219,
        "dataset": "university",
        "kind": "road",
        "name": "",
        "highway": "footway",
        "waterway": "",
        "bridge": "",
        "tunnel": "",
        "layer": 0,
        "width_m": 2,
        "z_offset_m": 0
      },
      "geometry": {
        "type": "LineString",
        "coordinates": [
          [
            118.7865481,
            31.9093826
          ],
          [
            118.7870668,
            31.9093957
          ],
          [
            118.7870698,
            31.9088119
          ]
        ]
      }
    },
    {
      "type": "Feature",
      "properties": {
        "osm_id": 566399499,
        "dataset": "university",
        "kind": "road",
        "name": "",
        "highway": "footway",
        "waterway": "",
        "bridge": "",
        "tunnel": "",
        "layer": 0,
        "width_m": 2,
        "z_offset_m": 0
      },
      "geometry": {
        "type": "LineString",
        "coordinates": [
          [
            118.786694,
            31.9074643
          ],
          [
            118.786714,
            31.9073727
          ],
          [
            118.7867272,
            31.907269
          ],
          [
            118.7867239,
            31.9072242
          ],
          [
            118.7867239,
            31.9071541
          ],
          [
            118.786714,
            31.9071036
          ],
          [
            118.786704,
            31.9070391
          ],
          [
            118.786704,
            31.9069635
          ],
          [
            118.786704,
            31.9068934
          ],
          [
            118.7867007,
            31.906871
          ],
          [
            118.7866854,
            31.9068071
          ]
        ]
      }
    },
    {
      "type": "Feature",
      "properties": {
        "osm_id": 566399500,
        "dataset": "university",
        "kind": "road",
        "name": "",
        "highway": "footway",
        "waterway": "",
        "bridge": "",
        "tunnel": "",
        "layer": 0,
        "width_m": 2,
        "z_offset_m": 0
      },
      "geometry": {
        "type": "LineString",
        "coordinates": [
          [
            118.7867239,
            31.9071541
          ],
          [
            118.7873307,
            31.9071232
          ],
          [
            118.7873562,
            31.9071259
          ],
          [
            118.787479,
            31.907176
          ],
          [
            118.7875365,
            31.9072356
          ],
          [
            118.7875508,
            31.9074574
          ]
        ]
      }
    },
    {
      "type": "Feature",
      "properties": {
        "osm_id": 566399502,
        "dataset": "university",
        "kind": "road",
        "name": "",
        "highway": "footway",
        "waterway": "",
        "bridge": "",
        "tunnel": "",
        "layer": 0,
        "width_m": 2,
        "z_offset_m": 0
      },
      "geometry": {
        "type": "LineString",
        "coordinates": [
          [
            118.7873583,
            31.906797
          ],
          [
            118.7873562,
            31.9071259
          ]
        ]
      }
    },
    {
      "type": "Feature",
      "properties": {
        "osm_id": 566399503,
        "dataset": "university",
        "kind": "road",
        "name": "",
        "highway": "footway",
        "waterway": "",
        "bridge": "",
        "tunnel": "",
        "layer": 0,
        "width_m": 2,
        "z_offset_m": 0
      },
      "geometry": {
        "type": "LineString",
        "coordinates": [
          [
            118.7873562,
            31.9071259
          ],
          [
            118.7874152,
            31.907087
          ],
          [
            118.7875699,
            31.9070843
          ]
        ]
      }
    },
    {
      "type": "Feature",
      "properties": {
        "osm_id": 566399505,
        "dataset": "university",
        "kind": "road",
        "name": "",
        "highway": "footway",
        "waterway": "",
        "bridge": "",
        "tunnel": "",
        "layer": 0,
        "width_m": 2,
        "z_offset_m": 0
      },
      "geometry": {
        "type": "LineString",
        "coordinates": [
          [
            118.7875365,
            31.9072356
          ],
          [
            118.787589,
            31.9071912
          ],
          [
            118.7875906,
            31.9071222
          ],
          [
            118.7875699,
            31.9070843
          ],
          [
            118.7875683,
            31.9067938
          ]
        ]
      }
    },
    {
      "type": "Feature",
      "properties": {
        "osm_id": 566402525,
        "dataset": "university",
        "kind": "road",
        "name": "",
        "highway": "residential",
        "waterway": "",
        "bridge": "",
        "tunnel": "",
        "layer": 0,
        "width_m": 7,
        "z_offset_m": 0
      },
      "geometry": {
        "type": "LineString",
        "coordinates": [
          [
            118.78968,
            31.9064233
          ],
          [
            118.7896437,
            31.9059321
          ]
        ]
      }
    },
    {
      "type": "Feature",
      "properties": {
        "osm_id": 566749315,
        "dataset": "university",
        "kind": "road",
        "name": "",
        "highway": "footway",
        "waterway": "",
        "bridge": "boardwalk",
        "tunnel": "",
        "layer": 1,
        "width_m": 2,
        "z_offset_m": 8
      },
      "geometry": {
        "type": "LineString",
        "coordinates": [
          [
            118.7885704,
            31.9084284
          ],
          [
            118.7885061,
            31.9084557
          ]
        ]
      }
    },
    {
      "type": "Feature",
      "properties": {
        "osm_id": 566750064,
        "dataset": "university",
        "kind": "road",
        "name": "",
        "highway": "footway",
        "waterway": "",
        "bridge": "",
        "tunnel": "",
        "layer": 0,
        "width_m": 2,
        "z_offset_m": 0
      },
      "geometry": {
        "type": "LineString",
        "coordinates": [
          [
            118.7885715,
            31.9091746
          ],
          [
            118.788591,
            31.9091713
          ],
          [
            118.7886124,
            31.9091696
          ],
          [
            118.7886431,
            31.9091713
          ],
          [
            118.7886948,
            31.9091788
          ],
          [
            118.7887102,
            31.9091793
          ],
          [
            118.7887504,
            31.909181
          ],
          [
            118.7887538,
            31.9091816
          ],
          [
            118.78879,
            31.9091762
          ],
          [
            118.7888283,
            31.9091701
          ],
          [
            118.7888382,
            31.9091682
          ],
          [
            118.7888484,
            31.909166
          ],
          [
            118.7888705,
            31.9091652
          ],
          [
            118.7888873,
            31.9091683
          ],
          [
            118.7889027,
            31.9091731
          ],
          [
            118.7889282,
            31.9091822
          ],
          [
            118.7889697,
            31.9091913
          ],
          [
            118.7890127,
            31.9092061
          ],
          [
            118.7890354,
            31.9092159
          ]
        ]
      }
    },
    {
      "type": "Feature",
      "properties": {
        "osm_id": 566750065,
        "dataset": "university",
        "kind": "road",
        "name": "",
        "highway": "footway",
        "waterway": "",
        "bridge": "",
        "tunnel": "",
        "layer": 0,
        "width_m": 2,
        "z_offset_m": 0
      },
      "geometry": {
        "type": "LineString",
        "coordinates": [
          [
            118.7887129,
            31.9091993
          ],
          [
            118.7887136,
            31.9092289
          ],
          [
            118.7887149,
            31.9092608
          ],
          [
            118.7887149,
            31.9092721
          ]
        ]
      }
    },
    {
      "type": "Feature",
      "properties": {
        "osm_id": 566750066,
        "dataset": "university",
        "kind": "road",
        "name": "",
        "highway": "pedestrian",
        "waterway": "",
        "bridge": "yes",
        "tunnel": "",
        "layer": 1,
        "width_m": 4,
        "z_offset_m": 8
      },
      "geometry": {
        "type": "LineString",
        "coordinates": [
          [
            118.7885715,
            31.9091746
          ],
          [
            118.7884997,
            31.909178
          ]
        ]
      }
    },
    {
      "type": "Feature",
      "properties": {
        "osm_id": 566837204,
        "dataset": "university",
        "kind": "road",
        "name": "",
        "highway": "footway",
        "waterway": "",
        "bridge": "",
        "tunnel": "",
        "layer": 0,
        "width_m": 2,
        "z_offset_m": 0
      },
      "geometry": {
        "type": "LineString",
        "coordinates": [
          [
            118.785867,
            31.9120284
          ],
          [
            118.785775,
            31.9119724
          ],
          [
            118.78558,
            31.9118988
          ],
          [
            118.7853091,
            31.911871
          ],
          [
            118.7851223,
            31.9118036
          ],
          [
            118.7849425,
            31.9117124
          ],
          [
            118.7846763,
            31.9114944
          ],
          [
            118.7845199,
            31.9113041
          ],
          [
            118.7843914,
            31.9111091
          ],
          [
            118.784287,
            31.9108687
          ],
          [
            118.7841986,
            31.9105668
          ],
          [
            118.7841508,
            31.9104827
          ],
          [
            118.7840623,
            31.9103805
          ],
          [
            118.7840127,
            31.9102408
          ],
          [
            118.7839378,
            31.9101682
          ],
          [
            118.7837827,
            31.909924
          ],
          [
            118.7836391,
            31.9096217
          ],
          [
            118.7835235,
            31.9094523
          ],
          [
            118.7833945,
            31.9091066
          ],
          [
            118.7833267,
            31.909002
          ],
          [
            118.7831696,
            31.9089183
          ],
          [
            118.7831665,
            31.9088633
          ],
          [
            118.7832043,
            31.9087668
          ]
        ]
      }
    },
    {
      "type": "Feature",
      "properties": {
        "osm_id": 567652136,
        "dataset": "university",
        "kind": "road",
        "name": "",
        "highway": "footway",
        "waterway": "",
        "bridge": "",
        "tunnel": "",
        "layer": 0,
        "width_m": 2,
        "z_offset_m": 0
      },
      "geometry": {
        "type": "LineString",
        "coordinates": [
          [
            118.7854761,
            31.910598
          ],
          [
            118.7854416,
            31.910563
          ],
          [
            118.7851714,
            31.9103067
          ],
          [
            118.7850333,
            31.9102015
          ],
          [
            118.7846812,
            31.909832
          ],
          [
            118.7845042,
            31.9095721
          ],
          [
            118.7843485,
            31.9092912
          ],
          [
            118.7842105,
            31.9090869
          ],
          [
            118.7841255,
            31.9089292
          ],
          [
            118.7840176,
            31.9087925
          ],
          [
            118.7839202,
            31.9086197
          ],
          [
            118.7838353,
            31.9083839
          ],
          [
            118.7837451,
            31.9079738
          ],
          [
            118.7834902,
            31.9065512
          ],
          [
            118.7833473,
            31.9061189
          ]
        ]
      }
    },
    {
      "type": "Feature",
      "properties": {
        "osm_id": 567652142,
        "dataset": "university",
        "kind": "road",
        "name": "",
        "highway": "footway",
        "waterway": "",
        "bridge": "",
        "tunnel": "",
        "layer": 0,
        "width_m": 2,
        "z_offset_m": 0
      },
      "geometry": {
        "type": "LineString",
        "coordinates": [
          [
            118.7857986,
            31.9111462
          ],
          [
            118.7856609,
            31.9108213
          ],
          [
            118.7854761,
            31.910598
          ]
        ]
      }
    },
    {
      "type": "Feature",
      "properties": {
        "osm_id": 567733408,
        "dataset": "university",
        "kind": "road",
        "name": "",
        "highway": "footway",
        "waterway": "",
        "bridge": "",
        "tunnel": "",
        "layer": 0,
        "width_m": 2,
        "z_offset_m": 0
      },
      "geometry": {
        "type": "LineString",
        "coordinates": [
          [
            118.7889251,
            31.9068279
          ],
          [
            118.788936,
            31.9069751
          ],
          [
            118.7890051,
            31.9070821
          ],
          [
            118.7891108,
            31.9071925
          ],
          [
            118.789123,
            31.907227
          ],
          [
            118.7891027,
            31.9074065
          ],
          [
            118.7891108,
            31.907548
          ],
          [
            118.7891021,
            31.9075898
          ],
          [
            118.7890606,
            31.9076486
          ]
        ]
      }
    },
    {
      "type": "Feature",
      "properties": {
        "osm_id": 567733409,
        "dataset": "university",
        "kind": "road",
        "name": "",
        "highway": "footway",
        "waterway": "",
        "bridge": "",
        "tunnel": "",
        "layer": 0,
        "width_m": 2,
        "z_offset_m": 0
      },
      "geometry": {
        "type": "LineString",
        "coordinates": [
          [
            118.7883186,
            31.9081346
          ],
          [
            118.7884083,
            31.9081271
          ],
          [
            118.7885412,
            31.9081045
          ],
          [
            118.7885727,
            31.9080861
          ],
          [
            118.7888084,
            31.9078819
          ]
        ]
      }
    },
    {
      "type": "Feature",
      "properties": {
        "osm_id": 567733412,
        "dataset": "university",
        "kind": "road",
        "name": "",
        "highway": "footway",
        "waterway": "",
        "bridge": "",
        "tunnel": "",
        "layer": 0,
        "width_m": 2,
        "z_offset_m": 0
      },
      "geometry": {
        "type": "LineString",
        "coordinates": [
          [
            118.787988,
            31.9090341
          ],
          [
            118.7880205,
            31.9090134
          ],
          [
            118.7880652,
            31.908972
          ],
          [
            118.7880977,
            31.9089305
          ],
          [
            118.788133,
            31.9088949
          ],
          [
            118.7882102,
            31.9088915
          ],
          [
            118.7882604,
            31.908895
          ]
        ]
      }
    },
    {
      "type": "Feature",
      "properties": {
        "osm_id": 568405066,
        "dataset": "university",
        "kind": "road",
        "name": "",
        "highway": "residential",
        "waterway": "",
        "bridge": "",
        "tunnel": "",
        "layer": 0,
        "width_m": 7,
        "z_offset_m": 0
      },
      "geometry": {
        "type": "LineString",
        "coordinates": [
          [
            118.7892488,
            31.9075373
          ],
          [
            118.7903933,
            31.9075396
          ]
        ]
      }
    },
    {
      "type": "Feature",
      "properties": {
        "osm_id": 568431589,
        "dataset": "university",
        "kind": "road",
        "name": "",
        "highway": "footway",
        "waterway": "",
        "bridge": "",
        "tunnel": "",
        "layer": 0,
        "width_m": 2,
        "z_offset_m": 0
      },
      "geometry": {
        "type": "LineString",
        "coordinates": [
          [
            118.7832043,
            31.9087668
          ],
          [
            118.7832165,
            31.9087409
          ],
          [
            118.7832287,
            31.9087185
          ],
          [
            118.783243,
            31.9086926
          ],
          [
            118.783245,
            31.9086702
          ],
          [
            118.7832348,
            31.9086546
          ],
          [
            118.7832186,
            31.9086408
          ],
          [
            118.7831921,
            31.9086218
          ],
          [
            118.7831454,
            31.9085891
          ],
          [
            118.7831271,
            31.9085718
          ],
          [
            118.7831014,
            31.908552
          ],
          [
            118.7830775,
            31.908533
          ],
          [
            118.7830519,
            31.9085181
          ],
          [
            118.7830312,
            31.9084978
          ],
          [
            118.7830201,
            31.9084816
          ],
          [
            118.7830073,
            31.9084572
          ],
          [
            118.7829961,
            31.9084423
          ],
          [
            118.7829898,
            31.9084233
          ],
          [
            118.782977,
            31.9084071
          ],
          [
            118.7829722,
            31.9083909
          ],
          [
            118.7829658,
            31.9083678
          ],
          [
            118.7829594,
            31.9083448
          ],
          [
            118.7829499,
            31.9083137
          ],
          [
            118.7829467,
            31.9082853
          ],
          [
            118.7829451,
            31.9082609
          ],
          [
            118.7829435,
            31.9082311
          ],
          [
            118.7829451,
            31.9081986
          ],
          [
            118.7829451,
            31.9081702
          ],
          [
            118.7829483,
            31.908135
          ],
          [
            118.7829451,
            31.9081093
          ],
          [
            118.7829451,
            31.9080768
          ],
          [
            118.7829371,
            31.9080605
          ],
          [
            118.7829323,
            31.9080348
          ],
          [
            118.7829164,
            31.9080145
          ],
          [
            118.7829052,
            31.9079942
          ],
          [
            118.7828925,
            31.9079712
          ],
          [
            118.7828829,
            31.9079576
          ],
          [
            118.7828701,
            31.9079278
          ],
          [
            118.7828701,
            31.9079143
          ],
          [
            118.7828638,
            31.907894
          ],
          [
            118.782843,
            31.9078764
          ],
          [
            118.7828239,
            31.9078696
          ],
          [
            118.7828016,
            31.9078534
          ],
          [
            118.7827888,
            31.9078344
          ],
          [
            118.7827888,
            31.9078209
          ],
          [
            118.7827888,
            31.907806
          ],
          [
            118.7827824,
            31.9077897
          ],
          [
            118.782776,
            31.9077735
          ],
          [
            118.7827744,
            31.9077545
          ],
          [
            118.7827744,
            31.9077437
          ],
          [
            118.7827776,
            31.9077315
          ],
          [
            118.7827824,
            31.9077017
          ],
          [
            118.7827904,
            31.9076747
          ],
          [
            118.7828016,
            31.9076422
          ],
          [
            118.7828111,
            31.9076232
          ],
          [
            118.7828255,
            31.9075948
          ],
          [
            118.7828335,
            31.9075704
          ],
          [
            118.782843,
            31.9075542
          ],
          [
            118.782851,
            31.9075366
          ],
          [
            118.782859,
            31.9075122
          ],
          [
            118.7828669,
            31.9074865
          ],
          [
            118.7828765,
            31.9074716
          ],
          [
            118.7828845,
            31.9074431
          ],
          [
            118.7828893,
            31.9074052
          ],
          [
            118.7828861,
            31.9073782
          ],
          [
            118.7828813,
            31.9073524
          ],
          [
            118.7828765,
            31.9073199
          ],
          [
            118.7828701,
            31.9072902
          ],
          [
            118.7828574,
            31.9072495
          ],
          [
            118.7828446,
            31.9072157
          ],
          [
            118.782843,
            31.9071832
          ],
          [
            118.7828255,
            31.9071629
          ],
          [
            118.7828063,
            31.907129
          ],
          [
            118.7827936,
            31.907106
          ],
          [
            118.782776,
            31.9070735
          ],
          [
            118.7827617,
            31.9070573
          ],
          [
            118.7827473,
            31.9070397
          ],
          [
            118.782741,
            31.907018
          ],
          [
            118.7827234,
            31.9069937
          ],
          [
            118.7826995,
            31.9069598
          ],
          [
            118.7826851,
            31.9069354
          ],
          [
            118.782666,
            31.9069002
          ],
          [
            118.7826596,
            31.9068677
          ],
          [
            118.7826532,
            31.9068488
          ],
          [
            118.7826405,
            31.9068244
          ],
          [
            118.7826389,
            31.9067973
          ],
          [
            118.7826293,
            31.9067743
          ],
          [
            118.7826277,
            31.9067418
          ],
          [
            118.7826255,
            31.9067127
          ],
          [
            118.7826213,
            31.9066809
          ],
          [
            118.7826212,
            31.9066491
          ],
          [
            118.7826213,
            31.9066335
          ],
          [
            118.7826255,
            31.9066104
          ],
          [
            118.7826309,
            31.9065767
          ],
          [
            118.7826341,
            31.9065509
          ],
          [
            118.7826406,
            31.9065157
          ],
          [
            118.7826469,
            31.9064819
          ],
          [
            118.7826565,
            31.9064393
          ],
          [
            118.7826628,
            31.9064142
          ],
          [
            118.7826676,
            31.9063749
          ],
          [
            118.7827178,
            31.9061196
          ]
        ]
      }
    },
    {
      "type": "Feature",
      "properties": {
        "osm_id": 568431590,
        "dataset": "university",
        "kind": "road",
        "name": "",
        "highway": "footway",
        "waterway": "",
        "bridge": "",
        "tunnel": "",
        "layer": 0,
        "width_m": 2,
        "z_offset_m": 0
      },
      "geometry": {
        "type": "LineString",
        "coordinates": [
          [
            118.7839378,
            31.9101682
          ],
          [
            118.7839085,
            31.9101571
          ],
          [
            118.7836189,
            31.9100405
          ],
          [
            118.7834942,
            31.9099313
          ],
          [
            118.7834431,
            31.9098588
          ],
          [
            118.7833617,
            31.9096188
          ],
          [
            118.7831791,
            31.9095354
          ],
          [
            118.7830995,
            31.9094621
          ],
          [
            118.7829523,
            31.9091004
          ]
        ]
      }
    },
    {
      "type": "Feature",
      "properties": {
        "osm_id": 568431591,
        "dataset": "university",
        "kind": "road",
        "name": "",
        "highway": "footway",
        "waterway": "",
        "bridge": "",
        "tunnel": "",
        "layer": 0,
        "width_m": 2,
        "z_offset_m": 0
      },
      "geometry": {
        "type": "LineString",
        "coordinates": [
          [
            118.7827178,
            31.9061196
          ],
          [
            118.7825459,
            31.9057869
          ],
          [
            118.782361,
            31.9055346
          ],
          [
            118.7822983,
            31.9054729
          ],
          [
            118.7822058,
            31.9053272
          ],
          [
            118.7822058,
            31.9049235
          ],
          [
            118.7821926,
            31.9048394
          ],
          [
            118.7819714,
            31.9044385
          ],
          [
            118.7816046,
            31.9042147
          ]
        ]
      }
    },
    {
      "type": "Feature",
      "properties": {
        "osm_id": 568431592,
        "dataset": "university",
        "kind": "road",
        "name": "",
        "highway": "service",
        "waterway": "",
        "bridge": "",
        "tunnel": "",
        "layer": 0,
        "width_m": 5,
        "z_offset_m": 0
      },
      "geometry": {
        "type": "LineString",
        "coordinates": [
          [
            118.7833473,
            31.9061189
          ],
          [
            118.7833317,
            31.9058321
          ],
          [
            118.7832965,
            31.9055836
          ],
          [
            118.7832717,
            31.9052204
          ],
          [
            118.7823657,
            31.9037046
          ],
          [
            118.7820647,
            31.9033766
          ],
          [
            118.7811001,
            31.9020358
          ],
          [
            118.781094,
            31.9019932
          ],
          [
            118.781147,
            31.9018316
          ],
          [
            118.7811097,
            31.9017532
          ],
          [
            118.7801986,
            31.9006781
          ],
          [
            118.7801696,
            31.9006208
          ],
          [
            118.7801533,
            31.9005603
          ],
          [
            118.7801646,
            31.9005146
          ],
          [
            118.7802685,
            31.9004456
          ],
          [
            118.7805413,
            31.9003553
          ],
          [
            118.7808904,
            31.9003032
          ]
        ]
      }
    },
    {
      "type": "Feature",
      "properties": {
        "osm_id": 568488462,
        "dataset": "university",
        "kind": "road",
        "name": "",
        "highway": "residential",
        "waterway": "",
        "bridge": "",
        "tunnel": "",
        "layer": 0,
        "width_m": 7,
        "z_offset_m": 0
      },
      "geometry": {
        "type": "LineString",
        "coordinates": [
          [
            118.7789074,
            31.9054929
          ],
          [
            118.7790264,
            31.9050335
          ],
          [
            118.7792508,
            31.9041577
          ],
          [
            118.7793262,
            31.9038755
          ],
          [
            118.7794163,
            31.9035274
          ],
          [
            118.7794868,
            31.903255
          ],
          [
            118.7795889,
            31.9028609
          ],
          [
            118.7797743,
            31.9021445
          ]
        ]
      }
    },
    {
      "type": "Feature",
      "properties": {
        "osm_id": 568488463,
        "dataset": "university",
        "kind": "road",
        "name": "",
        "highway": "residential",
        "waterway": "",
        "bridge": "",
        "tunnel": "",
        "layer": 0,
        "width_m": 7,
        "z_offset_m": 0
      },
      "geometry": {
        "type": "LineString",
        "coordinates": [
          [
            118.7808433,
            31.9038001
          ],
          [
            118.7801831,
            31.9036739
          ],
          [
            118.7794163,
            31.9035274
          ]
        ]
      }
    },
    {
      "type": "Feature",
      "properties": {
        "osm_id": 568488464,
        "dataset": "university",
        "kind": "road",
        "name": "",
        "highway": "residential",
        "waterway": "",
        "bridge": "",
        "tunnel": "",
        "layer": 0,
        "width_m": 7,
        "z_offset_m": 0
      },
      "geometry": {
        "type": "LineString",
        "coordinates": [
          [
            118.7801011,
            31.9040066
          ],
          [
            118.7793262,
            31.9038755
          ]
        ]
      }
    },
    {
      "type": "Feature",
      "properties": {
        "osm_id": 568488465,
        "dataset": "university",
        "kind": "road",
        "name": "",
        "highway": "residential",
        "waterway": "",
        "bridge": "",
        "tunnel": "",
        "layer": 0,
        "width_m": 7,
        "z_offset_m": 0
      },
      "geometry": {
        "type": "LineString",
        "coordinates": [
          [
            118.7790264,
            31.9050335
          ],
          [
            118.7795801,
            31.9052053
          ],
          [
            118.7799947,
            31.9053338
          ],
          [
            118.7800186,
            31.9052689
          ],
          [
            118.7800361,
            31.9051795
          ],
          [
            118.7800377,
            31.9051077
          ],
          [
            118.7800553,
            31.9045689
          ],
          [
            118.7800632,
            31.9044809
          ],
          [
            118.7800569,
            31.904355
          ],
          [
            118.7800616,
            31.9042805
          ],
          [
            118.7800616,
            31.9041884
          ],
          [
            118.780084,
            31.9041072
          ],
          [
            118.7801011,
            31.9040066
          ],
          [
            118.7801831,
            31.9036739
          ],
          [
            118.780253,
            31.9033902
          ],
          [
            118.7803457,
            31.9030138
          ],
          [
            118.7803758,
            31.9028914
          ],
          [
            118.7803631,
            31.9028778
          ],
          [
            118.780328,
            31.9028616
          ],
          [
            118.7799675,
            31.9027803
          ]
        ]
      }
    },
    {
      "type": "Feature",
      "properties": {
        "osm_id": 568488466,
        "dataset": "university",
        "kind": "road",
        "name": "",
        "highway": "residential",
        "waterway": "",
        "bridge": "",
        "tunnel": "",
        "layer": 0,
        "width_m": 7,
        "z_offset_m": 0
      },
      "geometry": {
        "type": "LineString",
        "coordinates": [
          [
            118.7803457,
            31.9030138
          ],
          [
            118.7795889,
            31.9028609
          ]
        ]
      }
    },
    {
      "type": "Feature",
      "properties": {
        "osm_id": 568488467,
        "dataset": "university",
        "kind": "road",
        "name": "",
        "highway": "residential",
        "waterway": "",
        "bridge": "",
        "tunnel": "",
        "layer": 0,
        "width_m": 7,
        "z_offset_m": 0
      },
      "geometry": {
        "type": "LineString",
        "coordinates": [
          [
            118.7794868,
            31.903255
          ],
          [
            118.780253,
            31.9033902
          ]
        ]
      }
    },
    {
      "type": "Feature",
      "properties": {
        "osm_id": 568488468,
        "dataset": "university",
        "kind": "road",
        "name": "",
        "highway": "residential",
        "waterway": "",
        "bridge": "",
        "tunnel": "",
        "layer": 0,
        "width_m": 7,
        "z_offset_m": 0
      },
      "geometry": {
        "type": "LineString",
        "coordinates": [
          [
            118.7792508,
            31.9041577
          ],
          [
            118.7800616,
            31.9042805
          ]
        ]
      }
    },
    {
      "type": "Feature",
      "properties": {
        "osm_id": 568488469,
        "dataset": "university",
        "kind": "road",
        "name": "",
        "highway": "residential",
        "waterway": "",
        "bridge": "",
        "tunnel": "",
        "layer": 0,
        "width_m": 7,
        "z_offset_m": 0
      },
      "geometry": {
        "type": "LineString",
        "coordinates": [
          [
            118.7795801,
            31.9052053
          ],
          [
            118.7796395,
            31.9048745
          ]
        ]
      }
    },
    {
      "type": "Feature",
      "properties": {
        "osm_id": 568488470,
        "dataset": "university",
        "kind": "road",
        "name": "",
        "highway": "residential",
        "waterway": "",
        "bridge": "",
        "tunnel": "",
        "layer": 0,
        "width_m": 7,
        "z_offset_m": 0
      },
      "geometry": {
        "type": "LineString",
        "coordinates": [
          [
            118.7796395,
            31.9048745
          ],
          [
            118.7795846,
            31.904859
          ],
          [
            118.7795318,
            31.9048064
          ],
          [
            118.7795277,
            31.9047675
          ],
          [
            118.7795643,
            31.9045932
          ]
        ]
      }
    },
    {
      "type": "Feature",
      "properties": {
        "osm_id": 568488471,
        "dataset": "university",
        "kind": "road",
        "name": "",
        "highway": "residential",
        "waterway": "",
        "bridge": "",
        "tunnel": "",
        "layer": 0,
        "width_m": 7,
        "z_offset_m": 0
      },
      "geometry": {
        "type": "LineString",
        "coordinates": [
          [
            118.7796395,
            31.9048745
          ],
          [
            118.7796903,
            31.9048538
          ],
          [
            118.7797066,
            31.9048227
          ],
          [
            118.7797452,
            31.9046312
          ]
        ]
      }
    },
    {
      "type": "Feature",
      "properties": {
        "osm_id": 568836191,
        "dataset": "university",
        "kind": "road",
        "name": "",
        "highway": "living_street",
        "waterway": "",
        "bridge": "",
        "tunnel": "",
        "layer": 0,
        "width_m": 5,
        "z_offset_m": 0
      },
      "geometry": {
        "type": "LineString",
        "coordinates": [
          [
            118.78008,
            31.9077509
          ],
          [
            118.7803331,
            31.9058789
          ]
        ]
      }
    },
    {
      "type": "Feature",
      "properties": {
        "osm_id": 833414026,
        "dataset": "university",
        "kind": "road",
        "name": "清水亭西路",
        "highway": "secondary",
        "waterway": "",
        "bridge": "yes",
        "tunnel": "",
        "layer": 1,
        "width_m": 14,
        "z_offset_m": 8
      },
      "geometry": {
        "type": "LineString",
        "coordinates": [
          [
            118.8080981,
            31.9161931
          ],
          [
            118.808785,
            31.9163512
          ]
        ]
      }
    },
    {
      "type": "Feature",
      "properties": {
        "osm_id": 833414027,
        "dataset": "university",
        "kind": "road",
        "name": "清水亭西路",
        "highway": "secondary",
        "waterway": "",
        "bridge": "",
        "tunnel": "",
        "layer": 0,
        "width_m": 14,
        "z_offset_m": 0
      },
      "geometry": {
        "type": "LineString",
        "coordinates": [
          [
            118.808785,
            31.9163512
          ],
          [
            118.8123764,
            31.9171738
          ],
          [
            118.8174341,
            31.9183265
          ],
          [
            118.8213472,
            31.9192359
          ]
        ]
      }
    },
    {
      "type": "Feature",
      "properties": {
        "osm_id": 833774358,
        "dataset": "university",
        "kind": "road",
        "name": "吉印大道",
        "highway": "secondary",
        "waterway": "",
        "bridge": "",
        "tunnel": "",
        "layer": 0,
        "width_m": 14,
        "z_offset_m": 0
      },
      "geometry": {
        "type": "LineString",
        "coordinates": [
          [
            118.8095078,
            31.8957226
          ],
          [
            118.8055226,
            31.8954361
          ]
        ]
      }
    },
    {
      "type": "Feature",
      "properties": {
        "osm_id": 833774359,
        "dataset": "university",
        "kind": "road",
        "name": "吉印大道",
        "highway": "secondary",
        "waterway": "",
        "bridge": "yes",
        "tunnel": "",
        "layer": 1,
        "width_m": 14,
        "z_offset_m": 8
      },
      "geometry": {
        "type": "LineString",
        "coordinates": [
          [
            118.8101783,
            31.8957704
          ],
          [
            118.8095078,
            31.8957226
          ]
        ]
      }
    },
    {
      "type": "Feature",
      "properties": {
        "osm_id": 833774360,
        "dataset": "university",
        "kind": "road",
        "name": "吉印大道",
        "highway": "secondary",
        "waterway": "",
        "bridge": "yes",
        "tunnel": "",
        "layer": 1,
        "width_m": 14,
        "z_offset_m": 8
      },
      "geometry": {
        "type": "LineString",
        "coordinates": [
          [
            118.8095427,
            31.8953651
          ],
          [
            118.8101596,
            31.8954129
          ]
        ]
      }
    },
    {
      "type": "Feature",
      "properties": {
        "osm_id": 833774361,
        "dataset": "university",
        "kind": "road",
        "name": "吉印大道",
        "highway": "secondary",
        "waterway": "",
        "bridge": "",
        "tunnel": "",
        "layer": 0,
        "width_m": 14,
        "z_offset_m": 0
      },
      "geometry": {
        "type": "LineString",
        "coordinates": [
          [
            118.8055533,
            31.8950581
          ],
          [
            118.807884,
            31.8952375
          ],
          [
            118.808222,
            31.8952635
          ],
          [
            118.8095427,
            31.8953651
          ]
        ]
      }
    },
    {
      "type": "Feature",
      "properties": {
        "osm_id": 839229367,
        "dataset": "university",
        "kind": "road",
        "name": "",
        "highway": "footway",
        "waterway": "",
        "bridge": "",
        "tunnel": "",
        "layer": 0,
        "width_m": 2,
        "z_offset_m": 0
      },
      "geometry": {
        "type": "LineString",
        "coordinates": [
          [
            118.7880466,
            31.9086332
          ],
          [
            118.78849,
            31.9084614
          ],
          [
            118.7885061,
            31.9084557
          ]
        ]
      }
    },
    {
      "type": "Feature",
      "properties": {
        "osm_id": 839231718,
        "dataset": "university",
        "kind": "road",
        "name": "",
        "highway": "footway",
        "waterway": "",
        "bridge": "",
        "tunnel": "",
        "layer": 0,
        "width_m": 2,
        "z_offset_m": 0
      },
      "geometry": {
        "type": "LineString",
        "coordinates": [
          [
            118.7879847,
            31.9090485
          ],
          [
            118.788035,
            31.9090713
          ],
          [
            118.7880593,
            31.9091099
          ],
          [
            118.7884997,
            31.909178
          ]
        ]
      }
    },
    {
      "type": "Feature",
      "properties": {
        "osm_id": 846823119,
        "dataset": "university",
        "kind": "road",
        "name": "南京机场高速",
        "highway": "motorway",
        "waterway": "",
        "bridge": "",
        "tunnel": "",
        "layer": 0,
        "width_m": 24,
        "z_offset_m": 0
      },
      "geometry": {
        "type": "LineString",
        "coordinates": [
          [
            118.7913559,
            31.9052686
          ],
          [
            118.7913807,
            31.904926
          ],
          [
            118.7914198,
            31.9044073
          ],
          [
            118.7914713,
            31.9038688
          ],
          [
            118.7915553,
            31.9030999
          ],
          [
            118.7916393,
            31.9023377
          ],
          [
            118.791756,
            31.9013817
          ],
          [
            118.7919477,
            31.9002066
          ],
          [
            118.7921815,
            31.8988986
          ],
          [
            118.7924548,
            31.8977305
          ],
          [
            118.7926745,
            31.8969042
          ],
          [
            118.7929084,
            31.8960446
          ],
          [
            118.7931839,
            31.8949884
          ],
          [
            118.793313,
            31.8945479
          ],
          [
            118.7938068,
            31.8931359
          ],
          [
            118.7940919,
            31.8923461
          ]
        ]
      }
    },
    {
      "type": "Feature",
      "properties": {
        "osm_id": 846823120,
        "dataset": "university",
        "kind": "road",
        "name": "南京机场高速",
        "highway": "motorway",
        "waterway": "",
        "bridge": "",
        "tunnel": "",
        "layer": 0,
        "width_m": 24,
        "z_offset_m": 0
      },
      "geometry": {
        "type": "LineString",
        "coordinates": [
          [
            118.790798,
            31.9246111
          ],
          [
            118.7907441,
            31.9251976
          ],
          [
            118.7907143,
            31.9255325
          ],
          [
            118.7906241,
            31.9264014
          ],
          [
            118.7905489,
            31.9274617
          ],
          [
            118.7904311,
            31.9285444
          ],
          [
            118.790344,
            31.929351
          ],
          [
            118.7902388,
            31.9301607
          ],
          [
            118.7901377,
            31.9308064
          ],
          [
            118.7899949,
            31.9317018
          ],
          [
            118.7899191,
            31.9321478
          ],
          [
            118.7897202,
            31.9331
          ],
          [
            118.7895747,
            31.9339898
          ],
          [
            118.7894892,
            31.9344345
          ],
          [
            118.7893907,
            31.9348983
          ],
          [
            118.789287,
            31.9353807
          ],
          [
            118.7891689,
            31.9358692
          ],
          [
            118.7889146,
            31.9369299
          ],
          [
            118.7886785,
            31.9379978
          ],
          [
            118.7882395,
            31.9396914
          ],
          [
            118.7878837,
            31.9409233
          ],
          [
            118.7876271,
            31.9417345
          ],
          [
            118.7873637,
            31.9425824
          ]
        ]
      }
    },
    {
      "type": "Feature",
      "properties": {
        "osm_id": 847018810,
        "dataset": "university",
        "kind": "road",
        "name": "宁丹大道",
        "highway": "primary",
        "waterway": "",
        "bridge": "",
        "tunnel": "",
        "layer": 0,
        "width_m": 18,
        "z_offset_m": 0
      },
      "geometry": {
        "type": "LineString",
        "coordinates": [
          [
            118.7516394,
            31.9146987
          ],
          [
            118.7519809,
            31.9137324
          ],
          [
            118.7521544,
            31.9132997
          ],
          [
            118.7523582,
            31.912913
          ],
          [
            118.7526459,
            31.9124449
          ],
          [
            118.7529396,
            31.9120939
          ],
          [
            118.7532213,
            31.9117988
          ],
          [
            118.75375,
            31.9112959
          ],
          [
            118.7545639,
            31.9105217
          ],
          [
            118.7548276,
            31.9102877
          ],
          [
            118.7549625,
            31.9101194
          ],
          [
            118.7551213,
            31.9099214
          ],
          [
            118.7554464,
            31.9094918
          ],
          [
            118.7556787,
            31.9090768
          ],
          [
            118.7557866,
            31.9088631
          ],
          [
            118.7559184,
            31.9085629
          ],
          [
            118.756004,
            31.9082944
          ],
          [
            118.7560563,
            31.9081304
          ],
          [
            118.7561761,
            31.9076725
          ],
          [
            118.7562241,
            31.9073316
          ],
          [
            118.75629,
            31.906136
          ],
          [
            118.756326,
            31.9056678
          ],
          [
            118.7564219,
            31.9050675
          ],
          [
            118.7565597,
            31.9045841
          ],
          [
            118.7567336,
            31.9041872
          ],
          [
            118.7569973,
            31.9036224
          ],
          [
            118.7574588,
            31.9029152
          ],
          [
            118.7581937,
            31.9019073
          ],
          [
            118.7585496,
            31.9014192
          ],
          [
            118.7587774,
            31.9010274
          ],
          [
            118.759143,
            31.9003405
          ],
          [
            118.759308,
            31.8999336
          ],
          [
            118.7594546,
            31.8995721
          ],
          [
            118.7601263,
            31.8978677
          ],
          [
            118.7614264,
            31.8946196
          ],
          [
            118.7632152,
            31.890086
          ],
          [
            118.7641973,
            31.8876178
          ],
          [
            118.7643477,
            31.8870523
          ],
          [
            118.7645368,
            31.8862751
          ],
          [
            118.7647259,
            31.885195
          ],
          [
            118.7647689,
            31.8843521
          ],
          [
            118.7647774,
            31.8834435
          ],
          [
            118.7647373,
            31.8829909
          ],
          [
            118.7646872,
            31.8825313
          ],
          [
            118.7643005,
            31.8801886
          ],
          [
            118.7638821,
            31.8775385
          ],
          [
            118.7638259,
            31.877195
          ],
          [
            118.7637104,
            31.8764886
          ],
          [
            118.7636698,
            31.8762401
          ],
          [
            118.7635919,
            31.8755549
          ],
          [
            118.7635854,
            31.8753199
          ],
          [
            118.7635792,
            31.8750987
          ],
          [
            118.7635841,
            31.8748501
          ],
          [
            118.7635933,
            31.8746058
          ],
          [
            118.7637158,
            31.873382
          ],
          [
            118.7638548,
            31.8723647
          ],
          [
            118.7640077,
            31.8712425
          ],
          [
            118.764224,
            31.8696551
          ],
          [
            118.7642878,
            31.8692644
          ],
          [
            118.7644576,
            31.8687775
          ],
          [
            118.7646629,
            31.8683386
          ],
          [
            118.7649319,
            31.8678878
          ],
          [
            118.7651329,
            31.8676174
          ],
          [
            118.7660715,
            31.8663548
          ],
          [
            118.7664679,
            31.8656936
          ],
          [
            118.7666873,
            31.8652307
          ],
          [
            118.7668073,
            31.8648926
          ],
          [
            118.7669563,
            31.8643049
          ],
          [
            118.7669673,
            31.8640627
          ],
          [
            118.7669846,
            31.8636797
          ],
          [
            118.7669705,
            31.8630785
          ],
          [
            118.7668501,
            31.8623811
          ],
          [
            118.7667086,
            31.8618942
          ],
          [
            118.7664568,
            31.8613337
          ],
          [
            118.7653,
            31.8589483
          ],
          [
            118.7651301,
            31.8585155
          ],
          [
            118.7650239,
            31.8580706
          ],
          [
            118.7648924,
            31.8572886
          ],
          [
            118.7648592,
            31.8570914
          ],
          [
            118.7646275,
            31.8557138
          ],
          [
            118.7645001,
            31.8549382
          ],
          [
            118.7644647,
            31.8544753
          ],
          [
            118.7644859,
            31.8538981
          ],
          [
            118.7648596,
            31.8498551
          ],
          [
            118.7649047,
            31.849367
          ],
          [
            118.7650216,
            31.8481019
          ],
          [
            118.7651868,
            31.8460884
          ],
          [
            118.765215,
            31.8457449
          ],
          [
            118.7652716,
            31.8452098
          ],
          [
            118.7652928,
            31.8450973
          ],
          [
            118.7653283,
            31.8449092
          ],
          [
            118.7654345,
            31.8445724
          ],
          [
            118.7655973,
            31.8441696
          ],
          [
            118.765753,
            31.8438449
          ],
          [
            118.7670908,
            31.8415298
          ],
          [
            118.7681313,
            31.8397619
          ],
          [
            118.768287,
            31.8393951
          ],
          [
            118.7684074,
            31.8390944
          ],
          [
            118.7685206,
            31.8386735
          ],
          [
            118.7685773,
            31.8383608
          ],
          [
            118.7686056,
            31.8381564
          ],
          [
            118.768825,
            31.8356848
          ],
          [
            118.7688752,
            31.8353432
          ],
          [
            118.7689099,
            31.8351075
          ],
          [
            118.7690657,
            31.83444
          ],
          [
            118.7693063,
            31.8337124
          ],
          [
            118.7699543,
            31.8320054
          ],
          [
            118.7711042,
            31.8291659
          ],
          [
            118.7711445,
            31.8290601
          ],
          [
            118.7717059,
            31.8275842
          ],
          [
            118.7723571,
            31.8258281
          ],
          [
            118.7725368,
            31.8251764
          ],
          [
            118.7726756,
            31.824523
          ],
          [
            118.7728101,
            31.8234164
          ],
          [
            118.7728526,
            31.8228149
          ],
          [
            118.7728314,
            31.8221473
          ],
          [
            118.7728172,
            31.8217684
          ],
          [
            118.7727853,
            31.8215374
          ],
          [
            118.7725836,
            31.8201565
          ],
          [
            118.772343,
            31.8186288
          ],
          [
            118.7722863,
            31.8181236
          ],
          [
            118.772363,
            31.8178858
          ],
          [
            118.7726054,
            31.8174773
          ]
        ]
      }
    },
    {
      "type": "Feature",
      "properties": {
        "osm_id": 850492689,
        "dataset": "university",
        "kind": "road",
        "name": "三江路",
        "highway": "unclassified",
        "waterway": "",
        "bridge": "",
        "tunnel": "",
        "layer": 0,
        "width_m": 6,
        "z_offset_m": 0
      },
      "geometry": {
        "type": "LineString",
        "coordinates": [
          [
            118.7777056,
            31.9146064
          ],
          [
            118.7762171,
            31.9146102
          ]
        ]
      }
    },
    {
      "type": "Feature",
      "properties": {
        "osm_id": 850492690,
        "dataset": "university",
        "kind": "road",
        "name": "",
        "highway": "unclassified",
        "waterway": "",
        "bridge": "",
        "tunnel": "",
        "layer": 0,
        "width_m": 6,
        "z_offset_m": 0
      },
      "geometry": {
        "type": "LineString",
        "coordinates": [
          [
            118.7762171,
            31.9146102
          ],
          [
            118.7762453,
            31.9130876
          ],
          [
            118.7777581,
            31.9131
          ],
          [
            118.7777317,
            31.9139219
          ]
        ]
      }
    },
    {
      "type": "Feature",
      "properties": {
        "osm_id": 852008599,
        "dataset": "university",
        "kind": "road",
        "name": "苏源大道",
        "highway": "secondary",
        "waterway": "",
        "bridge": "",
        "tunnel": "",
        "layer": 0,
        "width_m": 14,
        "z_offset_m": 0
      },
      "geometry": {
        "type": "LineString",
        "coordinates": [
          [
            118.8107179,
            31.8753354
          ],
          [
            118.8100039,
            31.8764363
          ],
          [
            118.8096998,
            31.8770147
          ],
          [
            118.8092229,
            31.8779219
          ],
          [
            118.8078653,
            31.8816982
          ],
          [
            118.8078316,
            31.8818317
          ],
          [
            118.8067824,
            31.8849118
          ],
          [
            118.8066216,
            31.8856646
          ],
          [
            118.8061303,
            31.8882312
          ],
          [
            118.8056513,
            31.8937854
          ],
          [
            118.8055533,
            31.8950581
          ]
        ]
      }
    },
    {
      "type": "Feature",
      "properties": {
        "osm_id": 858353919,
        "dataset": "university",
        "kind": "road",
        "name": "马牧西路",
        "highway": "tertiary",
        "waterway": "",
        "bridge": "",
        "tunnel": "",
        "layer": 0,
        "width_m": 12,
        "z_offset_m": 0
      },
      "geometry": {
        "type": "LineString",
        "coordinates": [
          [
            118.8121149,
            31.9189337
          ],
          [
            118.8123764,
            31.9171738
          ]
        ]
      }
    },
    {
      "type": "Feature",
      "properties": {
        "osm_id": 863326690,
        "dataset": "university",
        "kind": "road",
        "name": "",
        "highway": "footway",
        "waterway": "",
        "bridge": "",
        "tunnel": "yes",
        "layer": -1,
        "width_m": 2,
        "z_offset_m": 0
      },
      "geometry": {
        "type": "LineString",
        "coordinates": [
          [
            118.8037976,
            31.9290369
          ],
          [
            118.8038005,
            31.9294528
          ],
          [
            118.8036606,
            31.9294535
          ]
        ]
      }
    },
    {
      "type": "Feature",
      "properties": {
        "osm_id": 882878343,
        "dataset": "university",
        "kind": "road",
        "name": "",
        "highway": "residential",
        "waterway": "",
        "bridge": "",
        "tunnel": "",
        "layer": 0,
        "width_m": 7,
        "z_offset_m": 0
      },
      "geometry": {
        "type": "LineString",
        "coordinates": [
          [
            118.7863166,
            31.8939415
          ],
          [
            118.7920115,
            31.8952931
          ],
          [
            118.7925694,
            31.8935624
          ],
          [
            118.792083,
            31.8934492
          ],
          [
            118.7896582,
            31.8928847
          ],
          [
            118.7872479,
            31.8923235
          ]
        ]
      }
    },
    {
      "type": "Feature",
      "properties": {
        "osm_id": 882878345,
        "dataset": "university",
        "kind": "road",
        "name": "南京机场高速",
        "highway": "motorway",
        "waterway": "",
        "bridge": "yes",
        "tunnel": "",
        "layer": 1,
        "width_m": 24,
        "z_offset_m": 8
      },
      "geometry": {
        "type": "LineString",
        "coordinates": [
          [
            118.7908455,
            31.9179869
          ],
          [
            118.7910756,
            31.9127019
          ]
        ]
      }
    },
    {
      "type": "Feature",
      "properties": {
        "osm_id": 882878346,
        "dataset": "university",
        "kind": "road",
        "name": "南京机场高速",
        "highway": "motorway",
        "waterway": "",
        "bridge": "yes",
        "tunnel": "",
        "layer": 1,
        "width_m": 24,
        "z_offset_m": 8
      },
      "geometry": {
        "type": "LineString",
        "coordinates": [
          [
            118.791264,
            31.9127057
          ],
          [
            118.7911328,
            31.9163202
          ],
          [
            118.7910824,
            31.916968
          ],
          [
            118.7910599,
            31.9179958
          ]
        ]
      }
    },
    {
      "type": "Feature",
      "properties": {
        "osm_id": 882878347,
        "dataset": "university",
        "kind": "road",
        "name": "南京机场高速",
        "highway": "motorway",
        "waterway": "",
        "bridge": "",
        "tunnel": "",
        "layer": 0,
        "width_m": 24,
        "z_offset_m": 0
      },
      "geometry": {
        "type": "LineString",
        "coordinates": [
          [
            118.7907784,
            31.9210226
          ],
          [
            118.7907797,
            31.9202894
          ],
          [
            118.7907886,
            31.9195643
          ],
          [
            118.7908217,
            31.9187082
          ],
          [
            118.7908455,
            31.9179869
          ]
        ]
      }
    },
    {
      "type": "Feature",
      "properties": {
        "osm_id": 882878348,
        "dataset": "university",
        "kind": "road",
        "name": "南京机场高速",
        "highway": "motorway",
        "waterway": "",
        "bridge": "",
        "tunnel": "",
        "layer": 0,
        "width_m": 24,
        "z_offset_m": 0
      },
      "geometry": {
        "type": "LineString",
        "coordinates": [
          [
            118.7910599,
            31.9179958
          ],
          [
            118.7910036,
            31.91973
          ],
          [
            118.7909708,
            31.9210939
          ],
          [
            118.7909189,
            31.9218668
          ],
          [
            118.7909035,
            31.9222956
          ]
        ]
      }
    },
    {
      "type": "Feature",
      "properties": {
        "osm_id": 882880752,
        "dataset": "university",
        "kind": "road",
        "name": "",
        "highway": "footway",
        "waterway": "",
        "bridge": "",
        "tunnel": "yes",
        "layer": -1,
        "width_m": 2,
        "z_offset_m": 0
      },
      "geometry": {
        "type": "LineString",
        "coordinates": [
          [
            118.7858249,
            31.9112205
          ],
          [
            118.7857986,
            31.9111462
          ]
        ]
      }
    },
    {
      "type": "Feature",
      "properties": {
        "osm_id": 882880753,
        "dataset": "university",
        "kind": "road",
        "name": "将军大道",
        "highway": "primary",
        "waterway": "",
        "bridge": "",
        "tunnel": "",
        "layer": 0,
        "width_m": 18,
        "z_offset_m": 0
      },
      "geometry": {
        "type": "LineString",
        "coordinates": [
          [
            118.7860809,
            31.914301
          ],
          [
            118.7860769,
            31.9136329
          ],
          [
            118.7860715,
            31.9127193
          ],
          [
            118.7860737,
            31.9120177
          ]
        ]
      }
    },
    {
      "type": "Feature",
      "properties": {
        "osm_id": 882880754,
        "dataset": "university",
        "kind": "road",
        "name": "将军大道",
        "highway": "primary",
        "waterway": "",
        "bridge": "yes",
        "tunnel": "",
        "layer": 1,
        "width_m": 18,
        "z_offset_m": 8
      },
      "geometry": {
        "type": "LineString",
        "coordinates": [
          [
            118.7860737,
            31.9120177
          ],
          [
            118.7860747,
            31.9116966
          ],
          [
            118.7860758,
            31.9113358
          ]
        ]
      }
    },
    {
      "type": "Feature",
      "properties": {
        "osm_id": 882880755,
        "dataset": "university",
        "kind": "road",
        "name": "",
        "highway": "residential",
        "waterway": "",
        "bridge": "",
        "tunnel": "",
        "layer": 0,
        "width_m": 7,
        "z_offset_m": 0
      },
      "geometry": {
        "type": "LineString",
        "coordinates": [
          [
            118.7860143,
            31.9226172
          ],
          [
            118.7861869,
            31.9226181
          ],
          [
            118.7897978,
            31.9226528
          ]
        ]
      }
    },
    {
      "type": "Feature",
      "properties": {
        "osm_id": 882880756,
        "dataset": "university",
        "kind": "road",
        "name": "",
        "highway": "residential",
        "waterway": "",
        "bridge": "",
        "tunnel": "",
        "layer": 0,
        "width_m": 7,
        "z_offset_m": 0
      },
      "geometry": {
        "type": "LineString",
        "coordinates": [
          [
            118.8040569,
            31.9171709
          ],
          [
            118.8044187,
            31.9171904
          ],
          [
            118.8046943,
            31.9171825
          ],
          [
            118.8049651,
            31.9171428
          ],
          [
            118.8053481,
            31.9170318
          ],
          [
            118.8056143,
            31.9169248
          ],
          [
            118.8058805,
            31.9167464
          ],
          [
            118.8061607,
            31.9164333
          ],
          [
            118.8063241,
            31.9161796
          ],
          [
            118.8064409,
            31.9159219
          ],
          [
            118.8064853,
            31.9157976
          ]
        ]
      }
    },
    {
      "type": "Feature",
      "properties": {
        "osm_id": 884668159,
        "dataset": "university",
        "kind": "road",
        "name": "",
        "highway": "unclassified",
        "waterway": "",
        "bridge": "",
        "tunnel": "",
        "layer": 0,
        "width_m": 6,
        "z_offset_m": 0
      },
      "geometry": {
        "type": "LineString",
        "coordinates": [
          [
            118.8135502,
            31.8956779
          ],
          [
            118.8134524,
            31.8958289
          ]
        ]
      }
    },
    {
      "type": "Feature",
      "properties": {
        "osm_id": 884668160,
        "dataset": "university",
        "kind": "road",
        "name": "",
        "highway": "unclassified",
        "waterway": "",
        "bridge": "yes",
        "tunnel": "",
        "layer": 1,
        "width_m": 6,
        "z_offset_m": 8
      },
      "geometry": {
        "type": "LineString",
        "coordinates": [
          [
            118.8134524,
            31.8958289
          ],
          [
            118.813404,
            31.8959036
          ]
        ]
      }
    },
    {
      "type": "Feature",
      "properties": {
        "osm_id": 920258230,
        "dataset": "university",
        "kind": "road",
        "name": "",
        "highway": "cycleway",
        "waterway": "",
        "bridge": "",
        "tunnel": "",
        "layer": 0,
        "width_m": 2,
        "z_offset_m": 0
      },
      "geometry": {
        "type": "LineString",
        "coordinates": [
          [
            118.7811547,
            31.9172886
          ],
          [
            118.7811542,
            31.9173749
          ],
          [
            118.7811977,
            31.917491
          ],
          [
            118.7811584,
            31.9177813
          ]
        ]
      }
    },
    {
      "type": "Feature",
      "properties": {
        "osm_id": 920258231,
        "dataset": "university",
        "kind": "road",
        "name": "",
        "highway": "cycleway",
        "waterway": "",
        "bridge": "",
        "tunnel": "",
        "layer": 0,
        "width_m": 2,
        "z_offset_m": 0
      },
      "geometry": {
        "type": "LineString",
        "coordinates": [
          [
            118.7811866,
            31.9177889
          ],
          [
            118.7812102,
            31.9178041
          ],
          [
            118.7812265,
            31.917825
          ],
          [
            118.7812336,
            31.9178494
          ],
          [
            118.7812306,
            31.9178744
          ],
          [
            118.7812188,
            31.9178962
          ],
          [
            118.7811993,
            31.9179137
          ],
          [
            118.7811743,
            31.9179249
          ],
          [
            118.7811463,
            31.9179287
          ],
          [
            118.7811184,
            31.9179247
          ],
          [
            118.7810935,
            31.9179134
          ],
          [
            118.7810741,
            31.9178959
          ],
          [
            118.7810624,
            31.917874
          ],
          [
            118.7810595,
            31.9178501
          ],
          [
            118.7810659,
            31.9178267
          ],
          [
            118.7810807,
            31.9178062
          ],
          [
            118.7811025,
            31.9177908
          ],
          [
            118.7811584,
            31.9177813
          ],
          [
            118.7811866,
            31.9177889
          ]
        ]
      }
    },
    {
      "type": "Feature",
      "properties": {
        "osm_id": 957466772,
        "dataset": "university",
        "kind": "road",
        "name": "",
        "highway": "motorway_link",
        "waterway": "",
        "bridge": "",
        "tunnel": "",
        "layer": 0,
        "width_m": 6,
        "z_offset_m": 0
      },
      "geometry": {
        "type": "LineString",
        "coordinates": [
          [
            118.7943593,
            31.9298567
          ],
          [
            118.7941594,
            31.9298744
          ],
          [
            118.7939105,
            31.9298889
          ],
          [
            118.7937303,
            31.9299071
          ],
          [
            118.7936101,
            31.929929
          ],
          [
            118.7934942,
            31.9299946
          ],
          [
            118.7933912,
            31.9300419
          ],
          [
            118.793314,
            31.930133
          ],
          [
            118.7932453,
            31.9302386
          ],
          [
            118.7931509,
            31.9304134
          ],
          [
            118.7930651,
            31.9306174
          ],
          [
            118.7929964,
            31.9307849
          ],
          [
            118.7929192,
            31.9309452
          ],
          [
            118.7928205,
            31.9311163
          ],
          [
            118.7927303,
            31.931262
          ],
          [
            118.792623,
            31.9314259
          ],
          [
            118.7924299,
            31.9316481
          ],
          [
            118.7922239,
            31.9318375
          ],
          [
            118.7920952,
            31.9319358
          ],
          [
            118.791945,
            31.9320524
          ],
          [
            118.7917647,
            31.9321689
          ],
          [
            118.7916188,
            31.9322418
          ],
          [
            118.7914429,
            31.9323328
          ],
          [
            118.7911854,
            31.9324348
          ],
          [
            118.7910008,
            31.9325076
          ],
          [
            118.790782,
            31.9326133
          ],
          [
            118.7906446,
            31.9326825
          ],
          [
            118.7903829,
            31.9328609
          ],
          [
            118.7902327,
            31.9330066
          ],
          [
            118.7901382,
            31.9331195
          ],
          [
            118.790061,
            31.9332361
          ],
          [
            118.7899966,
            31.9333271
          ],
          [
            118.7899322,
            31.9334473
          ],
          [
            118.789885,
            31.9336003
          ],
          [
            118.7897893,
            31.9339234
          ]
        ]
      }
    },
    {
      "type": "Feature",
      "properties": {
        "osm_id": 957466773,
        "dataset": "university",
        "kind": "road",
        "name": "",
        "highway": "motorway_link",
        "waterway": "",
        "bridge": "",
        "tunnel": "",
        "layer": 0,
        "width_m": 6,
        "z_offset_m": 0
      },
      "geometry": {
        "type": "LineString",
        "coordinates": [
          [
            118.7899577,
            31.9289995
          ],
          [
            118.7899351,
            31.9288751
          ],
          [
            118.7899654,
            31.9286183
          ],
          [
            118.7899743,
            31.9284218
          ],
          [
            118.7899708,
            31.9283699
          ],
          [
            118.7899644,
            31.928319
          ],
          [
            118.789948,
            31.9282648
          ],
          [
            118.7899289,
            31.9282129
          ],
          [
            118.7899041,
            31.928166
          ],
          [
            118.7898698,
            31.9281215
          ],
          [
            118.7898289,
            31.9280771
          ],
          [
            118.7897819,
            31.9280354
          ],
          [
            118.7897336,
            31.9280054
          ],
          [
            118.7896846,
            31.9279822
          ],
          [
            118.7896366,
            31.9279659
          ],
          [
            118.7895789,
            31.9279479
          ],
          [
            118.7895185,
            31.927935
          ],
          [
            118.7894542,
            31.9279299
          ],
          [
            118.7893948,
            31.9279294
          ],
          [
            118.7893338,
            31.9279351
          ],
          [
            118.7892673,
            31.9279436
          ],
          [
            118.7892102,
            31.9279577
          ],
          [
            118.789157,
            31.9279709
          ],
          [
            118.7890849,
            31.9279952
          ],
          [
            118.7890376,
            31.9280191
          ],
          [
            118.7889738,
            31.9280518
          ],
          [
            118.7889283,
            31.9280844
          ],
          [
            118.7888852,
            31.9281197
          ],
          [
            118.7888463,
            31.9281618
          ],
          [
            118.7888038,
            31.9282072
          ],
          [
            118.7887727,
            31.9282523
          ],
          [
            118.7887471,
            31.9283062
          ],
          [
            118.7887303,
            31.9283505
          ],
          [
            118.7887128,
            31.9284048
          ],
          [
            118.7886977,
            31.9284648
          ],
          [
            118.7886941,
            31.9285162
          ],
          [
            118.7886957,
            31.9285677
          ],
          [
            118.7886989,
            31.928624
          ],
          [
            118.7887047,
            31.9286537
          ],
          [
            118.7887123,
            31.9286863
          ],
          [
            118.7887268,
            31.9287335
          ],
          [
            118.7887324,
            31.9287494
          ],
          [
            118.7887437,
            31.9287713
          ],
          [
            118.7887602,
            31.9288031
          ],
          [
            118.7887946,
            31.9288507
          ],
          [
            118.7888503,
            31.9289104
          ],
          [
            118.788899,
            31.9289559
          ],
          [
            118.7889686,
            31.929009
          ],
          [
            118.7890219,
            31.929039
          ],
          [
            118.7891235,
            31.9290832
          ],
          [
            118.7892283,
            31.929153
          ]
        ]
      }
    },
    {
      "type": "Feature",
      "properties": {
        "osm_id": 965149949,
        "dataset": "university",
        "kind": "road",
        "name": "",
        "highway": "motorway_link",
        "waterway": "",
        "bridge": "",
        "tunnel": "",
        "layer": 0,
        "width_m": 6,
        "z_offset_m": 0
      },
      "geometry": {
        "type": "LineString",
        "coordinates": [
          [
            118.7910598,
            31.9293434
          ],
          [
            118.7912709,
            31.9293154
          ],
          [
            118.7914048,
            31.9292868
          ],
          [
            118.7914735,
            31.9292493
          ],
          [
            118.7915226,
            31.9292118
          ],
          [
            118.791557,
            31.9291576
          ],
          [
            118.7916625,
            31.9286368
          ],
          [
            118.7917779,
            31.9278514
          ],
          [
            118.7917926,
            31.9277306
          ],
          [
            118.7917951,
            31.9276285
          ],
          [
            118.7917853,
            31.9275327
          ],
          [
            118.7917656,
            31.9274764
          ],
          [
            118.7917386,
            31.927416
          ],
          [
            118.7917067,
            31.9273702
          ],
          [
            118.7916404,
            31.9272847
          ],
          [
            118.7915644,
            31.9272139
          ],
          [
            118.7914735,
            31.9271639
          ],
          [
            118.7913664,
            31.9271387
          ],
          [
            118.7912723,
            31.9271368
          ],
          [
            118.7911839,
            31.9271597
          ],
          [
            118.791071,
            31.9271952
          ],
          [
            118.7909703,
            31.9272681
          ],
          [
            118.7908869,
            31.9273493
          ],
          [
            118.7908206,
            31.9274827
          ],
          [
            118.7907813,
            31.9275785
          ],
          [
            118.7907543,
            31.9276618
          ],
          [
            118.7907197,
            31.9277624
          ],
          [
            118.7906556,
            31.9279311
          ]
        ]
      }
    },
    {
      "type": "Feature",
      "properties": {
        "osm_id": 965150394,
        "dataset": "university",
        "kind": "road",
        "name": "",
        "highway": "primary",
        "waterway": "",
        "bridge": "",
        "tunnel": "",
        "layer": 0,
        "width_m": 18,
        "z_offset_m": 0
      },
      "geometry": {
        "type": "LineString",
        "coordinates": [
          [
            118.7964131,
            31.9300807
          ],
          [
            118.7963906,
            31.9300371
          ],
          [
            118.7963778,
            31.9299891
          ],
          [
            118.7963979,
            31.9299504
          ],
          [
            118.7964367,
            31.9298861
          ]
        ]
      }
    },
    {
      "type": "Feature",
      "properties": {
        "osm_id": 988202797,
        "dataset": "university",
        "kind": "road",
        "name": "",
        "highway": "service",
        "waterway": "",
        "bridge": "",
        "tunnel": "",
        "layer": 0,
        "width_m": 5,
        "z_offset_m": 0
      },
      "geometry": {
        "type": "LineString",
        "coordinates": [
          [
            118.7915351,
            31.9296081
          ],
          [
            118.7914601,
            31.9301885
          ]
        ]
      }
    },
    {
      "type": "Feature",
      "properties": {
        "osm_id": 988202798,
        "dataset": "university",
        "kind": "road",
        "name": "",
        "highway": "motorway_link",
        "waterway": "",
        "bridge": "",
        "tunnel": "",
        "layer": 0,
        "width_m": 6,
        "z_offset_m": 0
      },
      "geometry": {
        "type": "LineString",
        "coordinates": [
          [
            118.790883,
            31.9256397
          ],
          [
            118.7909067,
            31.9261265
          ],
          [
            118.7909737,
            31.92632
          ],
          [
            118.791081,
            31.9265146
          ],
          [
            118.7912017,
            31.9266637
          ],
          [
            118.791372,
            31.9268026
          ],
          [
            118.7916121,
            31.9269893
          ],
          [
            118.7917435,
            31.9271293
          ],
          [
            118.7918414,
            31.9273216
          ],
          [
            118.7918816,
            31.9275254
          ],
          [
            118.7918682,
            31.9277644
          ],
          [
            118.7916845,
            31.9290028
          ],
          [
            118.7916857,
            31.9291754
          ],
          [
            118.7917199,
            31.9292414
          ],
          [
            118.7917756,
            31.9292805
          ],
          [
            118.7918746,
            31.9293573
          ],
          [
            118.7921444,
            31.9294397
          ]
        ]
      }
    },
    {
      "type": "Feature",
      "properties": {
        "osm_id": 988202799,
        "dataset": "university",
        "kind": "road",
        "name": "",
        "highway": "motorway_link",
        "waterway": "",
        "bridge": "",
        "tunnel": "",
        "layer": 0,
        "width_m": 6,
        "z_offset_m": 0
      },
      "geometry": {
        "type": "LineString",
        "coordinates": [
          [
            118.789127,
            31.9293522
          ],
          [
            118.788549,
            31.9292873
          ]
        ]
      }
    },
    {
      "type": "Feature",
      "properties": {
        "osm_id": 988202800,
        "dataset": "university",
        "kind": "road",
        "name": "",
        "highway": "motorway_link",
        "waterway": "",
        "bridge": "",
        "tunnel": "",
        "layer": 0,
        "width_m": 6,
        "z_offset_m": 0
      },
      "geometry": {
        "type": "LineString",
        "coordinates": [
          [
            118.7892418,
            31.9334674
          ],
          [
            118.7892906,
            31.9327622
          ],
          [
            118.7892973,
            31.9325209
          ],
          [
            118.7892786,
            31.932324
          ],
          [
            118.7892289,
            31.9321578
          ],
          [
            118.7891418,
            31.9319734
          ],
          [
            118.7889285,
            31.9317242
          ],
          [
            118.7887166,
            31.931525
          ],
          [
            118.788604,
            31.9313508
          ],
          [
            118.788545,
            31.9311756
          ],
          [
            118.7885383,
            31.9310174
          ],
          [
            118.7887381,
            31.9296766
          ],
          [
            118.7887354,
            31.9295332
          ],
          [
            118.788718,
            31.9294558
          ],
          [
            118.788659,
            31.9293647
          ],
          [
            118.788549,
            31.9292873
          ],
          [
            118.7883684,
            31.9291996
          ]
        ]
      }
    },
    {
      "type": "Feature",
      "properties": {
        "osm_id": 988202801,
        "dataset": "university",
        "kind": "road",
        "name": "",
        "highway": "motorway_link",
        "waterway": "",
        "bridge": "",
        "tunnel": "",
        "layer": 0,
        "width_m": 6,
        "z_offset_m": 0
      },
      "geometry": {
        "type": "LineString",
        "coordinates": [
          [
            118.789766,
            31.9294185
          ],
          [
            118.7893832,
            31.9293761
          ],
          [
            118.789127,
            31.9293522
          ],
          [
            118.7890157,
            31.9293818
          ],
          [
            118.7889352,
            31.9294193
          ],
          [
            118.7888736,
            31.9294672
          ],
          [
            118.788832,
            31.9295423
          ],
          [
            118.7887958,
            31.9296845
          ],
          [
            118.7886067,
            31.9309935
          ],
          [
            118.7886161,
            31.9311471
          ],
          [
            118.7886617,
            31.9312678
          ],
          [
            118.7887327,
            31.9313463
          ],
          [
            118.7888789,
            31.9314305
          ],
          [
            118.7890479,
            31.931476
          ],
          [
            118.7892169,
            31.9314681
          ],
          [
            118.789347,
            31.9314226
          ],
          [
            118.7894636,
            31.9313247
          ],
          [
            118.7895763,
            31.9311744
          ],
          [
            118.7897292,
            31.9306443
          ]
        ]
      }
    },
    {
      "type": "Feature",
      "properties": {
        "osm_id": 1002859678,
        "dataset": "university",
        "kind": "road",
        "name": "",
        "highway": "unclassified",
        "waterway": "",
        "bridge": "",
        "tunnel": "",
        "layer": 0,
        "width_m": 6,
        "z_offset_m": 0
      },
      "geometry": {
        "type": "LineString",
        "coordinates": [
          [
            118.7807782,
            31.913039
          ],
          [
            118.7807489,
            31.9135437
          ]
        ]
      }
    },
    {
      "type": "Feature",
      "properties": {
        "osm_id": 1050537651,
        "dataset": "university",
        "kind": "road",
        "name": "",
        "highway": "residential",
        "waterway": "",
        "bridge": "",
        "tunnel": "",
        "layer": 0,
        "width_m": 7,
        "z_offset_m": 0
      },
      "geometry": {
        "type": "LineString",
        "coordinates": [
          [
            118.7975688,
            31.9198766
          ],
          [
            118.7980495,
            31.918875
          ],
          [
            118.7981704,
            31.9185385
          ],
          [
            118.7980377,
            31.9176694
          ],
          [
            118.7979953,
            31.9172846
          ],
          [
            118.7979931,
            31.9171101
          ],
          [
            118.7980065,
            31.9169348
          ],
          [
            118.7980398,
            31.9167981
          ],
          [
            118.7980818,
            31.9166765
          ]
        ]
      }
    },
    {
      "type": "Feature",
      "properties": {
        "osm_id": 1050537652,
        "dataset": "university",
        "kind": "road",
        "name": "",
        "highway": "residential",
        "waterway": "",
        "bridge": "",
        "tunnel": "",
        "layer": 0,
        "width_m": 7,
        "z_offset_m": 0
      },
      "geometry": {
        "type": "LineString",
        "coordinates": [
          [
            118.7980818,
            31.9166765
          ],
          [
            118.7983149,
            31.9161789
          ],
          [
            118.7985467,
            31.9157086
          ],
          [
            118.7994811,
            31.9141787
          ]
        ]
      }
    },
    {
      "type": "Feature",
      "properties": {
        "osm_id": 1075958513,
        "dataset": "university",
        "kind": "road",
        "name": "",
        "highway": "unclassified",
        "waterway": "",
        "bridge": "",
        "tunnel": "",
        "layer": 0,
        "width_m": 6,
        "z_offset_m": 0
      },
      "geometry": {
        "type": "LineString",
        "coordinates": [
          [
            118.8150225,
            31.8961268
          ],
          [
            118.8149868,
            31.8964513
          ],
          [
            118.8147689,
            31.8964371
          ],
          [
            118.8146951,
            31.89713
          ]
        ]
      }
    },
    {
      "type": "Feature",
      "properties": {
        "osm_id": 1075958515,
        "dataset": "university",
        "kind": "road",
        "name": "",
        "highway": "living_street",
        "waterway": "",
        "bridge": "",
        "tunnel": "",
        "layer": 0,
        "width_m": 5,
        "z_offset_m": 0
      },
      "geometry": {
        "type": "LineString",
        "coordinates": [
          [
            118.8147689,
            31.8964371
          ],
          [
            118.814555,
            31.8964227
          ]
        ]
      }
    },
    {
      "type": "Feature",
      "properties": {
        "osm_id": 1103183460,
        "dataset": "university",
        "kind": "road",
        "name": "南京机场高速",
        "highway": "motorway",
        "waterway": "",
        "bridge": "",
        "tunnel": "",
        "layer": 0,
        "width_m": 24,
        "z_offset_m": 0
      },
      "geometry": {
        "type": "LineString",
        "coordinates": [
          [
            118.7915585,
            31.9057917
          ],
          [
            118.7915236,
            31.9066191
          ],
          [
            118.7914839,
            31.9075657
          ],
          [
            118.7913958,
            31.9098044
          ],
          [
            118.7913342,
            31.9115368
          ],
          [
            118.791264,
            31.9127057
          ]
        ]
      }
    },
    {
      "type": "Feature",
      "properties": {
        "osm_id": 1103183461,
        "dataset": "university",
        "kind": "road",
        "name": "南京机场高速",
        "highway": "motorway",
        "waterway": "",
        "bridge": "yes",
        "tunnel": "",
        "layer": 1,
        "width_m": 24,
        "z_offset_m": 8
      },
      "geometry": {
        "type": "LineString",
        "coordinates": [
          [
            118.7915636,
            31.9052222
          ],
          [
            118.7915585,
            31.9057917
          ]
        ]
      }
    },
    {
      "type": "Feature",
      "properties": {
        "osm_id": 1103183462,
        "dataset": "university",
        "kind": "road",
        "name": "南京机场高速",
        "highway": "motorway",
        "waterway": "",
        "bridge": "",
        "tunnel": "",
        "layer": 0,
        "width_m": 24,
        "z_offset_m": 0
      },
      "geometry": {
        "type": "LineString",
        "coordinates": [
          [
            118.7909035,
            31.9222956
          ],
          [
            118.7908737,
            31.922993
          ],
          [
            118.7908266,
            31.9239212
          ],
          [
            118.790798,
            31.9246111
          ]
        ]
      }
    },
    {
      "type": "Feature",
      "properties": {
        "osm_id": 1115777336,
        "dataset": "university",
        "kind": "road",
        "name": "",
        "highway": "tertiary",
        "waterway": "",
        "bridge": "",
        "tunnel": "",
        "layer": 0,
        "width_m": 12,
        "z_offset_m": 0
      },
      "geometry": {
        "type": "LineString",
        "coordinates": [
          [
            118.7624536,
            31.9039537
          ],
          [
            118.7667379,
            31.8983996
          ],
          [
            118.7689372,
            31.8961425
          ],
          [
            118.7718686,
            31.8930304
          ]
        ]
      }
    },
    {
      "type": "Feature",
      "properties": {
        "osm_id": 1115777337,
        "dataset": "university",
        "kind": "road",
        "name": "",
        "highway": "tertiary",
        "waterway": "",
        "bridge": "yes",
        "tunnel": "",
        "layer": 1,
        "width_m": 12,
        "z_offset_m": 8
      },
      "geometry": {
        "type": "LineString",
        "coordinates": [
          [
            118.7623544,
            31.9040824
          ],
          [
            118.7624536,
            31.9039537
          ]
        ]
      }
    },
    {
      "type": "Feature",
      "properties": {
        "osm_id": 1115777343,
        "dataset": "university",
        "kind": "road",
        "name": "诚信大道",
        "highway": "primary",
        "waterway": "",
        "bridge": "yes",
        "tunnel": "",
        "layer": 1,
        "width_m": 18,
        "z_offset_m": 8
      },
      "geometry": {
        "type": "LineString",
        "coordinates": [
          [
            118.7669586,
            31.8985008
          ],
          [
            118.7672089,
            31.8986087
          ]
        ]
      }
    },
    {
      "type": "Feature",
      "properties": {
        "osm_id": 1115777344,
        "dataset": "university",
        "kind": "road",
        "name": "诚信大道",
        "highway": "primary",
        "waterway": "",
        "bridge": "",
        "tunnel": "",
        "layer": 0,
        "width_m": 18,
        "z_offset_m": 0
      },
      "geometry": {
        "type": "LineString",
        "coordinates": [
          [
            118.7601263,
            31.8978677
          ],
          [
            118.7603678,
            31.8979351
          ],
          [
            118.7607598,
            31.8980388
          ],
          [
            118.7632792,
            31.8980485
          ],
          [
            118.7650395,
            31.8980553
          ],
          [
            118.7658549,
            31.8982193
          ],
          [
            118.7667379,
            31.8983996
          ],
          [
            118.7669586,
            31.8985008
          ]
        ]
      }
    },
    {
      "type": "Feature",
      "properties": {
        "osm_id": 1115777345,
        "dataset": "university",
        "kind": "road",
        "name": "南京机场高速",
        "highway": "motorway",
        "waterway": "",
        "bridge": "yes",
        "tunnel": "",
        "layer": 1,
        "width_m": 24,
        "z_offset_m": 8
      },
      "geometry": {
        "type": "LineString",
        "coordinates": [
          [
            118.7913459,
            31.9058565
          ],
          [
            118.7913559,
            31.9052686
          ]
        ]
      }
    },
    {
      "type": "Feature",
      "properties": {
        "osm_id": 1115777346,
        "dataset": "university",
        "kind": "road",
        "name": "南京机场高速",
        "highway": "motorway",
        "waterway": "",
        "bridge": "",
        "tunnel": "",
        "layer": 0,
        "width_m": 24,
        "z_offset_m": 0
      },
      "geometry": {
        "type": "LineString",
        "coordinates": [
          [
            118.7910756,
            31.9127019
          ],
          [
            118.7911216,
            31.9109542
          ],
          [
            118.7911756,
            31.9096999
          ],
          [
            118.791291,
            31.90675
          ],
          [
            118.7913459,
            31.9058565
          ]
        ]
      }
    },
    {
      "type": "Feature",
      "properties": {
        "osm_id": 1115777368,
        "dataset": "university",
        "kind": "road",
        "name": "水阁路",
        "highway": "tertiary",
        "waterway": "",
        "bridge": "",
        "tunnel": "",
        "layer": 0,
        "width_m": 12,
        "z_offset_m": 0
      },
      "geometry": {
        "type": "LineString",
        "coordinates": [
          [
            118.7751444,
            31.894683
          ],
          [
            118.7741394,
            31.8956398
          ],
          [
            118.7718214,
            31.8979257
          ],
          [
            118.7697543,
            31.90001
          ]
        ]
      }
    },
    {
      "type": "Feature",
      "properties": {
        "osm_id": 1163249130,
        "dataset": "university",
        "kind": "road",
        "name": "",
        "highway": "unclassified",
        "waterway": "",
        "bridge": "",
        "tunnel": "",
        "layer": 0,
        "width_m": 6,
        "z_offset_m": 0
      },
      "geometry": {
        "type": "LineString",
        "coordinates": [
          [
            118.7868268,
            31.9123985
          ],
          [
            118.7871144,
            31.9125341
          ],
          [
            118.7877695,
            31.9128494
          ],
          [
            118.7885364,
            31.9132292
          ],
          [
            118.7893872,
            31.9136835
          ],
          [
            118.7897027,
            31.9138463
          ],
          [
            118.7900702,
            31.9140633
          ],
          [
            118.790194,
            31.9141582
          ],
          [
            118.7904217,
            31.9143176
          ],
          [
            118.7906654,
            31.9144328
          ],
          [
            118.7908611,
            31.9144973
          ],
          [
            118.7910768,
            31.9145685
          ],
          [
            118.7913244,
            31.9147448
          ],
          [
            118.7915162,
            31.9149211
          ],
          [
            118.7917958,
            31.915155
          ],
          [
            118.7919635,
            31.9152398
          ],
          [
            118.792351,
            31.9155042
          ],
          [
            118.7927704,
            31.9157077
          ],
          [
            118.793046,
            31.9158399
          ],
          [
            118.7933975,
            31.9160196
          ],
          [
            118.793725,
            31.9161756
          ],
          [
            118.7940166,
            31.9163281
          ],
          [
            118.7943282,
            31.9164875
          ],
          [
            118.7947915,
            31.9167418
          ],
          [
            118.795163,
            31.9169825
          ],
          [
            118.7954586,
            31.9171825
          ],
          [
            118.79589,
            31.9174063
          ],
          [
            118.7963653,
            31.9176674
          ],
          [
            118.796601,
            31.9177759
          ],
          [
            118.7968127,
            31.9178606
          ],
          [
            118.7969445,
            31.9179454
          ],
          [
            118.7971801,
            31.9181149
          ],
          [
            118.7974078,
            31.9182675
          ],
          [
            118.7976635,
            31.9184438
          ],
          [
            118.7977713,
            31.9185489
          ],
          [
            118.7978712,
            31.9186743
          ],
          [
            118.7980495,
            31.918875
          ]
        ]
      }
    },
    {
      "type": "Feature",
      "properties": {
        "osm_id": 1189816672,
        "dataset": "university",
        "kind": "road",
        "name": "",
        "highway": "unclassified",
        "waterway": "",
        "bridge": "",
        "tunnel": "",
        "layer": 0,
        "width_m": 6,
        "z_offset_m": 0
      },
      "geometry": {
        "type": "LineString",
        "coordinates": [
          [
            118.8155607,
            31.8972739
          ],
          [
            118.8159393,
            31.897471
          ],
          [
            118.8162527,
            31.8977382
          ],
          [
            118.8164831,
            31.8980605
          ],
          [
            118.8166177,
            31.8984199
          ],
          [
            118.8166489,
            31.898796
          ],
          [
            118.8165823,
            31.8991308
          ],
          [
            118.816575,
            31.8991678
          ],
          [
            118.8164,
            31.8995143
          ],
          [
            118.8161338,
            31.8998162
          ],
          [
            118.8157914,
            31.9000563
          ],
          [
            118.8153921,
            31.9002213
          ],
          [
            118.8149582,
            31.9003018
          ],
          [
            118.8148246,
            31.9002989
          ],
          [
            118.8144993,
            31.9002916
          ],
          [
            118.8143866,
            31.9002649
          ],
          [
            118.8140571,
            31.9001868
          ],
          [
            118.8136582,
            31.8999939
          ],
          [
            118.8133265,
            31.8997244
          ],
          [
            118.813082,
            31.8993946
          ],
          [
            118.8129393,
            31.8990241
          ],
          [
            118.8129271,
            31.898877
          ],
          [
            118.8129071,
            31.8986353
          ],
          [
            118.8129872,
            31.8982515
          ],
          [
            118.8131749,
            31.8978958
          ],
          [
            118.8134588,
            31.8975895
          ],
          [
            118.8138219,
            31.8973511
          ],
          [
            118.8142424,
            31.8971947
          ],
          [
            118.8146951,
            31.89713
          ],
          [
            118.815138,
            31.8971581
          ],
          [
            118.8151569,
            31.8971633
          ],
          [
            118.8155607,
            31.8972739
          ]
        ]
      }
    },
    {
      "type": "Feature",
      "properties": {
        "osm_id": 1189816673,
        "dataset": "university",
        "kind": "road",
        "name": "",
        "highway": "unclassified",
        "waterway": "",
        "bridge": "",
        "tunnel": "",
        "layer": 0,
        "width_m": 6,
        "z_offset_m": 0
      },
      "geometry": {
        "type": "LineString",
        "coordinates": [
          [
            118.8143866,
            31.9002649
          ],
          [
            118.8142619,
            31.9014408
          ]
        ]
      }
    },
    {
      "type": "Feature",
      "properties": {
        "osm_id": 1189816674,
        "dataset": "university",
        "kind": "road",
        "name": "",
        "highway": "unclassified",
        "waterway": "",
        "bridge": "",
        "tunnel": "",
        "layer": 0,
        "width_m": 6,
        "z_offset_m": 0
      },
      "geometry": {
        "type": "LineString",
        "coordinates": [
          [
            118.8148246,
            31.9002989
          ],
          [
            118.8147115,
            31.9014662
          ]
        ]
      }
    },
    {
      "type": "Feature",
      "properties": {
        "osm_id": 1189816675,
        "dataset": "university",
        "kind": "road",
        "name": "",
        "highway": "unclassified",
        "waterway": "",
        "bridge": "",
        "tunnel": "",
        "layer": 0,
        "width_m": 6,
        "z_offset_m": 0
      },
      "geometry": {
        "type": "LineString",
        "coordinates": [
          [
            118.8119223,
            31.9013091
          ],
          [
            118.8142619,
            31.9014408
          ],
          [
            118.8142965,
            31.9014428
          ],
          [
            118.8147115,
            31.9014662
          ],
          [
            118.8166906,
            31.9015776
          ]
        ]
      }
    },
    {
      "type": "Feature",
      "properties": {
        "osm_id": 1189816676,
        "dataset": "university",
        "kind": "road",
        "name": "",
        "highway": "unclassified",
        "waterway": "",
        "bridge": "",
        "tunnel": "",
        "layer": 0,
        "width_m": 6,
        "z_offset_m": 0
      },
      "geometry": {
        "type": "LineString",
        "coordinates": [
          [
            118.8129271,
            31.898877
          ],
          [
            118.8117241,
            31.8987622
          ]
        ]
      }
    },
    {
      "type": "Feature",
      "properties": {
        "osm_id": 1189841473,
        "dataset": "university",
        "kind": "road",
        "name": "",
        "highway": "residential",
        "waterway": "",
        "bridge": "",
        "tunnel": "",
        "layer": 0,
        "width_m": 7,
        "z_offset_m": 0
      },
      "geometry": {
        "type": "LineString",
        "coordinates": [
          [
            118.8142965,
            31.9014428
          ],
          [
            118.814163,
            31.9027621
          ],
          [
            118.8148496,
            31.9028259
          ]
        ]
      }
    },
    {
      "type": "Feature",
      "properties": {
        "osm_id": 1189841474,
        "dataset": "university",
        "kind": "road",
        "name": "",
        "highway": "path",
        "waterway": "",
        "bridge": "",
        "tunnel": "",
        "layer": 0,
        "width_m": 2,
        "z_offset_m": 0
      },
      "geometry": {
        "type": "LineString",
        "coordinates": [
          [
            118.8148496,
            31.9028259
          ],
          [
            118.814745,
            31.9035932
          ]
        ]
      }
    },
    {
      "type": "Feature",
      "properties": {
        "osm_id": 1189841480,
        "dataset": "university",
        "kind": "road",
        "name": "",
        "highway": "service",
        "waterway": "",
        "bridge": "",
        "tunnel": "",
        "layer": 0,
        "width_m": 5,
        "z_offset_m": 0
      },
      "geometry": {
        "type": "LineString",
        "coordinates": [
          [
            118.8146951,
            31.89713
          ],
          [
            118.8145303,
            31.8984689
          ]
        ]
      }
    },
    {
      "type": "Feature",
      "properties": {
        "osm_id": 1189841482,
        "dataset": "university",
        "kind": "road",
        "name": "",
        "highway": "footway",
        "waterway": "",
        "bridge": "",
        "tunnel": "",
        "layer": 1,
        "width_m": 2,
        "z_offset_m": 0
      },
      "geometry": {
        "type": "LineString",
        "coordinates": [
          [
            118.8146121,
            31.8984422
          ],
          [
            118.8147594,
            31.8984253
          ],
          [
            118.8149072,
            31.8984379
          ],
          [
            118.8150001,
            31.8984652
          ],
          [
            118.8150476,
            31.8984792
          ],
          [
            118.8151729,
            31.8985469
          ],
          [
            118.8152763,
            31.8986375
          ],
          [
            118.8153522,
            31.8987459
          ],
          [
            118.8153965,
            31.8988663
          ],
          [
            118.8154067,
            31.8989922
          ],
          [
            118.8153823,
            31.8991166
          ],
          [
            118.8153246,
            31.8992328
          ],
          [
            118.8152368,
            31.8993346
          ],
          [
            118.8151237,
            31.8994163
          ],
          [
            118.8149913,
            31.8994736
          ],
          [
            118.8148469,
            31.8995032
          ],
          [
            118.8146971,
            31.899515
          ],
          [
            118.8145754,
            31.8994975
          ],
          [
            118.8144815,
            31.8994711
          ],
          [
            118.8144021,
            31.8994243
          ],
          [
            118.8143425,
            31.899375
          ],
          [
            118.8142877,
            31.8993288
          ],
          [
            118.8142269,
            31.8992488
          ],
          [
            118.8141646,
            31.8991342
          ],
          [
            118.8141352,
            31.8990106
          ],
          [
            118.8141404,
            31.8988845
          ],
          [
            118.8141798,
            31.8987629
          ],
          [
            118.8142513,
            31.8986524
          ],
          [
            118.814351,
            31.8985589
          ],
          [
            118.8144735,
            31.8984875
          ],
          [
            118.8145303,
            31.8984689
          ],
          [
            118.8146121,
            31.8984422
          ]
        ]
      }
    },
    {
      "type": "Feature",
      "properties": {
        "osm_id": 1190116204,
        "dataset": "university",
        "kind": "road",
        "name": "",
        "highway": "service",
        "waterway": "",
        "bridge": "",
        "tunnel": "",
        "layer": 0,
        "width_m": 5,
        "z_offset_m": 0
      },
      "geometry": {
        "type": "LineString",
        "coordinates": [
          [
            118.8140296,
            31.9035332
          ],
          [
            118.8139307,
            31.9036526
          ],
          [
            118.8138577,
            31.903717
          ],
          [
            118.8138377,
            31.9037346
          ],
          [
            118.8137858,
            31.9037469
          ],
          [
            118.8137194,
            31.9037315
          ],
          [
            118.8135867,
            31.9036885
          ],
          [
            118.8134257,
            31.9036496
          ],
          [
            118.8133473,
            31.903627
          ],
          [
            118.8132736,
            31.903583
          ],
          [
            118.8132109,
            31.9035246
          ],
          [
            118.8131771,
            31.9034795
          ],
          [
            118.8131385,
            31.9033821
          ],
          [
            118.8131095,
            31.9032981
          ],
          [
            118.8130866,
            31.9032407
          ],
          [
            118.8130673,
            31.9031799
          ],
          [
            118.8130648,
            31.9031721
          ],
          [
            118.8130612,
            31.9031321
          ],
          [
            118.8131059,
            31.9030798
          ],
          [
            118.8131457,
            31.9030286
          ],
          [
            118.8131614,
            31.9029907
          ],
          [
            118.8131332,
            31.9029059
          ]
        ]
      }
    },
    {
      "type": "Feature",
      "properties": {
        "osm_id": 1190116205,
        "dataset": "university",
        "kind": "road",
        "name": "",
        "highway": "service",
        "waterway": "",
        "bridge": "",
        "tunnel": "",
        "layer": 0,
        "width_m": 5,
        "z_offset_m": 0
      },
      "geometry": {
        "type": "LineString",
        "coordinates": [
          [
            118.8138577,
            31.903717
          ],
          [
            118.8137661,
            31.9036455
          ],
          [
            118.8135525,
            31.903502
          ],
          [
            118.8132423,
            31.9032909
          ],
          [
            118.8130673,
            31.9031799
          ]
        ]
      }
    },
    {
      "type": "Feature",
      "properties": {
        "osm_id": 1190116206,
        "dataset": "university",
        "kind": "road",
        "name": "",
        "highway": "service",
        "waterway": "",
        "bridge": "",
        "tunnel": "",
        "layer": 0,
        "width_m": 5,
        "z_offset_m": 0
      },
      "geometry": {
        "type": "LineString",
        "coordinates": [
          [
            118.8124745,
            31.9022214
          ],
          [
            118.812252,
            31.9023423
          ],
          [
            118.8122314,
            31.9023707
          ],
          [
            118.8122504,
            31.9024062
          ],
          [
            118.8123921,
            31.9025656
          ],
          [
            118.8123937,
            31.9025951
          ],
          [
            118.8123808,
            31.9026405
          ],
          [
            118.8123419,
            31.9027003
          ],
          [
            118.8123103,
            31.9027168
          ],
          [
            118.8122966,
            31.9027182
          ],
          [
            118.8122698,
            31.9026989
          ],
          [
            118.8122123,
            31.9026391
          ],
          [
            118.8120439,
            31.9024418
          ],
          [
            118.8118215,
            31.9020974
          ],
          [
            118.8117527,
            31.9019788
          ],
          [
            118.8117438,
            31.9019417
          ],
          [
            118.8117268,
            31.9018262
          ],
          [
            118.8116386,
            31.9016898
          ],
          [
            118.81159,
            31.9016105
          ],
          [
            118.8115835,
            31.9015569
          ],
          [
            118.8115989,
            31.9015115
          ],
          [
            118.8116361,
            31.9014723
          ],
          [
            118.8116611,
            31.9014579
          ],
          [
            118.8116896,
            31.9014414
          ],
          [
            118.8118256,
            31.901396
          ],
          [
            118.8119438,
            31.9013563
          ]
        ]
      }
    },
    {
      "type": "Feature",
      "properties": {
        "osm_id": 1190116207,
        "dataset": "university",
        "kind": "road",
        "name": "",
        "highway": "footway",
        "waterway": "",
        "bridge": "",
        "tunnel": "",
        "layer": 0,
        "width_m": 2,
        "z_offset_m": 0
      },
      "geometry": {
        "type": "LineString",
        "coordinates": [
          [
            118.8115156,
            31.9025793
          ],
          [
            118.8115353,
            31.902565
          ],
          [
            118.811556,
            31.9025534
          ],
          [
            118.8115853,
            31.9025424
          ],
          [
            118.8116162,
            31.9025355
          ],
          [
            118.8116553,
            31.9025327
          ],
          [
            118.8116955,
            31.9025332
          ],
          [
            118.8117374,
            31.9025364
          ],
          [
            118.8117842,
            31.9025447
          ],
          [
            118.8118266,
            31.9025613
          ],
          [
            118.8118603,
            31.9025802
          ],
          [
            118.8119037,
            31.9026185
          ],
          [
            118.8120123,
            31.9027229
          ],
          [
            118.812121,
            31.9028096
          ],
          [
            118.8122394,
            31.9028834
          ],
          [
            118.8123285,
            31.9029263
          ],
          [
            118.8124138,
            31.9029609
          ],
          [
            118.8125218,
            31.9029874
          ],
          [
            118.8125886,
            31.9030068
          ],
          [
            118.8126716,
            31.9030361
          ],
          [
            118.8127401,
            31.9030749
          ],
          [
            118.8127759,
            31.9030988
          ],
          [
            118.8128283,
            31.9031375
          ],
          [
            118.8128805,
            31.9031933
          ],
          [
            118.8129174,
            31.9032468
          ],
          [
            118.812944,
            31.9032934
          ],
          [
            118.812963,
            31.9033483
          ],
          [
            118.8129739,
            31.9033972
          ],
          [
            118.8129989,
            31.9034603
          ],
          [
            118.8130369,
            31.9035339
          ],
          [
            118.8130711,
            31.9035879
          ],
          [
            118.8131148,
            31.9036372
          ],
          [
            118.8131593,
            31.9036773
          ],
          [
            118.8132196,
            31.9037172
          ],
          [
            118.8132944,
            31.9037559
          ],
          [
            118.8133645,
            31.9037753
          ],
          [
            118.813453,
            31.9037947
          ],
          [
            118.8135359,
            31.9038163
          ],
          [
            118.8136295,
            31.9038471
          ],
          [
            118.8137077,
            31.9038831
          ],
          [
            118.8137735,
            31.9039236
          ],
          [
            118.8138289,
            31.9039722
          ],
          [
            118.8138789,
            31.9040215
          ],
          [
            118.8139186,
            31.9040836
          ],
          [
            118.8139533,
            31.9041472
          ],
          [
            118.8139772,
            31.9042222
          ],
          [
            118.8139897,
            31.904272
          ],
          [
            118.8140082,
            31.904344
          ],
          [
            118.8140255,
            31.9043896
          ],
          [
            118.8140625,
            31.9044533
          ],
          [
            118.8140918,
            31.9044995
          ],
          [
            118.8141625,
            31.904576
          ],
          [
            118.8142325,
            31.9046383
          ],
          [
            118.8143186,
            31.9046951
          ],
          [
            118.8143849,
            31.9047292
          ],
          [
            118.814466,
            31.9047624
          ],
          [
            118.814542,
            31.9047808
          ],
          [
            118.8146117,
            31.9047937
          ],
          [
            118.814678,
            31.904802
          ],
          [
            118.8147399,
            31.9048011
          ],
          [
            118.8147951,
            31.9047979
          ],
          [
            118.8148554,
            31.9047933
          ],
          [
            118.8149099,
            31.9047845
          ],
          [
            118.8149547,
            31.9047471
          ],
          [
            118.815029,
            31.904718
          ],
          [
            118.8150815,
            31.9046878
          ],
          [
            118.8151361,
            31.9046569
          ],
          [
            118.8152127,
            31.9046074
          ],
          [
            118.815303,
            31.9045485
          ],
          [
            118.8154444,
            31.9044608
          ],
          [
            118.81558,
            31.9044182
          ],
          [
            118.8157244,
            31.9043882
          ],
          [
            118.8160094,
            31.904407
          ],
          [
            118.8161966,
            31.9044282
          ],
          [
            118.8162852,
            31.904446
          ],
          [
            118.8164442,
            31.9044779
          ],
          [
            118.8165019,
            31.9044895
          ],
          [
            118.8166478,
            31.904512
          ],
          [
            118.8166935,
            31.904502
          ],
          [
            118.8167304,
            31.9044745
          ],
          [
            118.8167672,
            31.904452
          ],
          [
            118.8168114,
            31.9044395
          ],
          [
            118.8168718,
            31.9044432
          ],
          [
            118.8169661,
            31.9044595
          ],
          [
            118.817108,
            31.9045058
          ],
          [
            118.8172274,
            31.9045283
          ],
          [
            118.8173645,
            31.9045471
          ],
          [
            118.8174794,
            31.9045521
          ],
          [
            118.8175988,
            31.9045446
          ],
          [
            118.8177447,
            31.9045196
          ],
          [
            118.8179219,
            31.904487
          ],
          [
            118.8180708,
            31.9044745
          ],
          [
            118.818227,
            31.9044595
          ],
          [
            118.8183837,
            31.9044507
          ],
          [
            118.8185473,
            31.9044482
          ],
          [
            118.8186903,
            31.904452
          ],
          [
            118.8188391,
            31.904472
          ],
          [
            118.818898,
            31.9044837
          ],
          [
            118.8189715,
            31.9044983
          ],
          [
            118.819138,
            31.9045483
          ],
          [
            118.8192898,
            31.9046134
          ],
          [
            118.8194445,
            31.9046884
          ],
          [
            118.8196271,
            31.9047598
          ],
          [
            118.8197598,
            31.9047998
          ],
          [
            118.819972,
            31.9048361
          ],
          [
            118.8200982,
            31.9048598
          ],
          [
            118.8202765,
            31.9048586
          ],
          [
            118.8204695,
            31.9048511
          ],
          [
            118.8206554,
            31.9048223
          ],
          [
            118.8208101,
            31.9047985
          ],
          [
            118.8209722,
            31.9047835
          ],
          [
            118.8210901,
            31.9047798
          ],
          [
            118.8212744,
            31.904796
          ],
          [
            118.8214125,
            31.9048217
          ],
          [
            118.8215496,
            31.9048604
          ],
          [
            118.8216527,
            31.904898
          ],
          [
            118.8217394,
            31.904933
          ],
          [
            118.8218205,
            31.9049843
          ],
          [
            118.8218786,
            31.9050395
          ],
          [
            118.8219655,
            31.9051451
          ],
          [
            118.8221234,
            31.9053758
          ],
          [
            118.8221828,
            31.905477
          ],
          [
            118.8222331,
            31.9056129
          ],
          [
            118.8222511,
            31.9056923
          ],
          [
            118.8222511,
            31.9057905
          ],
          [
            118.8222241,
            31.9059142
          ],
          [
            118.8221774,
            31.9060227
          ],
          [
            118.822127,
            31.9061112
          ],
          [
            118.8220406,
            31.9062273
          ],
          [
            118.8219974,
            31.9063104
          ],
          [
            118.8219776,
            31.9063776
          ],
          [
            118.8219722,
            31.9064509
          ],
          [
            118.821983,
            31.9065089
          ],
          [
            118.8220082,
            31.9065945
          ],
          [
            118.8220208,
            31.9066907
          ],
          [
            118.822028,
            31.9068159
          ],
          [
            118.8220334,
            31.9069504
          ],
          [
            118.8220226,
            31.9070575
          ],
          [
            118.8219758,
            31.907195
          ],
          [
            118.8219381,
            31.9073691
          ],
          [
            118.8219057,
            31.9075111
          ],
          [
            118.8218823,
            31.9076347
          ],
          [
            118.8218877,
            31.9077996
          ],
          [
            118.8219075,
            31.9079249
          ],
          [
            118.8219668,
            31.9083202
          ],
          [
            118.8219776,
            31.9084439
          ],
          [
            118.8219597,
            31.9092317
          ],
          [
            118.8219453,
            31.9093102
          ],
          [
            118.8219057,
            31.9094186
          ],
          [
            118.8218733,
            31.9094904
          ],
          [
            118.8217959,
            31.9096233
          ],
          [
            118.8216988,
            31.9097332
          ],
          [
            118.8216124,
            31.9098081
          ],
          [
            118.8215317,
            31.909857
          ],
          [
            118.8213626,
            31.909915
          ],
          [
            118.8211845,
            31.9099394
          ],
          [
            118.8210783,
            31.909941
          ],
          [
            118.8209362,
            31.9099272
          ],
          [
            118.8208084,
            31.9098951
          ],
          [
            118.8206843,
            31.9098554
          ],
          [
            118.820544,
            31.9097913
          ],
          [
            118.8204162,
            31.9097485
          ],
          [
            118.8202615,
            31.909718
          ],
          [
            118.8200995,
            31.909718
          ],
          [
            118.8199376,
            31.9097439
          ],
          [
            118.8198452,
            31.9097607
          ],
          [
            118.819748,
            31.9097607
          ],
          [
            118.8196545,
            31.9097394
          ],
          [
            118.8195663,
            31.9096951
          ],
          [
            118.8195033,
            31.9096523
          ],
          [
            118.8194566,
            31.9096126
          ],
          [
            118.8194134,
            31.9095576
          ],
          [
            118.8193756,
            31.9094736
          ],
          [
            118.8193666,
            31.9093865
          ],
          [
            118.819363,
            31.9092827
          ],
          [
            118.819354,
            31.9091666
          ],
          [
            118.8193306,
            31.9090229
          ],
          [
            118.8192892,
            31.9088977
          ],
          [
            118.8192047,
            31.9087312
          ],
          [
            118.8191147,
            31.9085907
          ],
          [
            118.818989,
            31.9084655
          ],
          [
            118.8188433,
            31.9083494
          ],
          [
            118.8187407,
            31.9082959
          ],
          [
            118.818589,
            31.9082287
          ],
          [
            118.8184487,
            31.9081921
          ],
          [
            118.8183569,
            31.9081676
          ],
          [
            118.8182165,
            31.9081478
          ],
          [
            118.8180348,
            31.9080861
          ],
          [
            118.8179269,
            31.9080295
          ],
          [
            118.8177973,
            31.9079455
          ],
          [
            118.8176966,
            31.9078524
          ],
          [
            118.8175979,
            31.9077127
          ],
          [
            118.8174882,
            31.9076165
          ],
          [
            118.8173299,
            31.9075447
          ],
          [
            118.8170708,
            31.9075203
          ],
          [
            118.8167153,
            31.907505
          ],
          [
            118.8165333,
            31.907489
          ],
          [
            118.8164361,
            31.907454
          ],
          [
            118.8163462,
            31.9073914
          ],
          [
            118.8162946,
            31.9073418
          ],
          [
            118.8162489,
            31.9072618
          ],
          [
            118.8161796,
            31.9071154
          ],
          [
            118.8160721,
            31.9068452
          ],
          [
            118.8159615,
            31.9065821
          ],
          [
            118.8158908,
            31.9064182
          ],
          [
            118.8157869,
            31.906293
          ],
          [
            118.8156956,
            31.9061917
          ],
          [
            118.8154011,
            31.9059661
          ],
          [
            118.8153024,
            31.9059511
          ],
          [
            118.8151535,
            31.9059499
          ],
          [
            118.8149855,
            31.9059749
          ],
          [
            118.8147591,
            31.9060212
          ],
          [
            118.8144732,
            31.9060725
          ]
        ]
      }
    },
    {
      "type": "Feature",
      "properties": {
        "osm_id": 1190117831,
        "dataset": "university",
        "kind": "road",
        "name": "",
        "highway": "footway",
        "waterway": "",
        "bridge": "",
        "tunnel": "",
        "layer": 0,
        "width_m": 2,
        "z_offset_m": 0
      },
      "geometry": {
        "type": "LineString",
        "coordinates": [
          [
            118.8149099,
            31.9047845
          ],
          [
            118.814994,
            31.9048037
          ],
          [
            118.8150767,
            31.9049168
          ],
          [
            118.8151955,
            31.9050283
          ],
          [
            118.8153142,
            31.9050741
          ],
          [
            118.8154549,
            31.9050848
          ],
          [
            118.8155953,
            31.9050833
          ],
          [
            118.8160872,
            31.9050437
          ],
          [
            118.8167909,
            31.904987
          ],
          [
            118.8170769,
            31.9049855
          ],
          [
            118.8170883,
            31.9049874
          ],
          [
            118.8171858,
            31.9050038
          ],
          [
            118.8173045,
            31.9050161
          ],
          [
            118.8174359,
            31.9050206
          ],
          [
            118.8175402,
            31.9050176
          ],
          [
            118.81766,
            31.9050054
          ],
          [
            118.8178346,
            31.9049748
          ],
          [
            118.818046,
            31.9049259
          ],
          [
            118.8182296,
            31.904874
          ],
          [
            118.8184116,
            31.9048037
          ],
          [
            118.8185501,
            31.904732
          ],
          [
            118.8186257,
            31.9046678
          ],
          [
            118.8186923,
            31.9046006
          ],
          [
            118.8187768,
            31.9045135
          ],
          [
            118.8188128,
            31.9044998
          ],
          [
            118.818898,
            31.9044837
          ]
        ]
      }
    },
    {
      "type": "Feature",
      "properties": {
        "osm_id": 1190117833,
        "dataset": "university",
        "kind": "road",
        "name": "九龙湖路",
        "highway": "tertiary",
        "waterway": "",
        "bridge": "",
        "tunnel": "",
        "layer": 0,
        "width_m": 12,
        "z_offset_m": 0
      },
      "geometry": {
        "type": "LineString",
        "coordinates": [
          [
            118.8123764,
            31.9171738
          ],
          [
            118.8127007,
            31.9152278
          ],
          [
            118.8127631,
            31.9145937
          ],
          [
            118.8127238,
            31.914189
          ],
          [
            118.8126464,
            31.9139109
          ],
          [
            118.8123932,
            31.9133213
          ],
          [
            118.8115844,
            31.9119734
          ],
          [
            118.8113481,
            31.9115769
          ],
          [
            118.811123,
            31.911154
          ],
          [
            118.8109309,
            31.9105582
          ],
          [
            118.8108866,
            31.9099624
          ],
          [
            118.8109267,
            31.9095659
          ],
          [
            118.8110161,
            31.9091534
          ],
          [
            118.8111412,
            31.9088294
          ],
          [
            118.8113397,
            31.9083785
          ],
          [
            118.8115577,
            31.9080086
          ]
        ]
      }
    },
    {
      "type": "Feature",
      "properties": {
        "osm_id": 1190123028,
        "dataset": "university",
        "kind": "road",
        "name": "",
        "highway": "footway",
        "waterway": "",
        "bridge": "",
        "tunnel": "",
        "layer": 0,
        "width_m": 2,
        "z_offset_m": 0
      },
      "geometry": {
        "type": "LineString",
        "coordinates": [
          [
            118.814124,
            31.9061607
          ],
          [
            118.8140837,
            31.9061368
          ],
          [
            118.8140125,
            31.906132
          ],
          [
            118.813955,
            31.9061279
          ],
          [
            118.8138894,
            31.9061128
          ],
          [
            118.8138036,
            31.9060763
          ],
          [
            118.8137437,
            31.9060406
          ],
          [
            118.8136919,
            31.9060035
          ],
          [
            118.8136059,
            31.9059127
          ],
          [
            118.8135719,
            31.9058701
          ],
          [
            118.8135233,
            31.9057806
          ],
          [
            118.8134812,
            31.9057077
          ],
          [
            118.8134027,
            31.9056135
          ],
          [
            118.8133323,
            31.9055386
          ],
          [
            118.8132464,
            31.9054657
          ],
          [
            118.8131549,
            31.9053935
          ],
          [
            118.8130642,
            31.9053413
          ],
          [
            118.8129857,
            31.9053145
          ],
          [
            118.812895,
            31.9052973
          ],
          [
            118.8128231,
            31.9052959
          ],
          [
            118.8127494,
            31.9053035
          ],
          [
            118.8126944,
            31.9053172
          ],
          [
            118.8126304,
            31.9053392
          ],
          [
            118.8125681,
            31.9053757
          ],
          [
            118.8125122,
            31.905419
          ],
          [
            118.8124692,
            31.9054671
          ],
          [
            118.8124441,
            31.9055172
          ],
          [
            118.8124336,
            31.9055839
          ],
          [
            118.8124231,
            31.9057045
          ],
          [
            118.8124053,
            31.9057774
          ],
          [
            118.8123729,
            31.905864
          ],
          [
            118.8123227,
            31.9059447
          ],
          [
            118.81227,
            31.90601
          ],
          [
            118.8121858,
            31.9061126
          ],
          [
            118.812142,
            31.9061637
          ],
          [
            118.8121069,
            31.9062046
          ],
          [
            118.8120559,
            31.9062527
          ],
          [
            118.8119633,
            31.9063308
          ],
          [
            118.811888,
            31.9063878
          ],
          [
            118.8118297,
            31.9064242
          ],
          [
            118.8117913,
            31.9064511
          ]
        ]
      }
    },
    {
      "type": "Feature",
      "properties": {
        "osm_id": 1190123029,
        "dataset": "university",
        "kind": "road",
        "name": "",
        "highway": "footway",
        "waterway": "",
        "bridge": "",
        "tunnel": "",
        "layer": 0,
        "width_m": 2,
        "z_offset_m": 0
      },
      "geometry": {
        "type": "LineString",
        "coordinates": [
          [
            118.8135719,
            31.9058701
          ],
          [
            118.8135909,
            31.9059391
          ],
          [
            118.8135909,
            31.9060044
          ],
          [
            118.8135755,
            31.9060771
          ],
          [
            118.8135469,
            31.906148
          ],
          [
            118.8134942,
            31.9062207
          ],
          [
            118.8134305,
            31.9062786
          ],
          [
            118.8133624,
            31.906314
          ],
          [
            118.8132767,
            31.9063606
          ],
          [
            118.8131625,
            31.9063923
          ],
          [
            118.8130614,
            31.9064128
          ],
          [
            118.8129713,
            31.9064203
          ],
          [
            118.8128945,
            31.9064128
          ],
          [
            118.8127934,
            31.9063979
          ],
          [
            118.8126902,
            31.9063699
          ],
          [
            118.8125979,
            31.9063326
          ],
          [
            118.8125122,
            31.9062953
          ],
          [
            118.8124195,
            31.9062413
          ],
          [
            118.8123426,
            31.9061853
          ],
          [
            118.8122832,
            31.9061294
          ],
          [
            118.8122437,
            31.9061014
          ],
          [
            118.8121858,
            31.9061126
          ]
        ]
      }
    },
    {
      "type": "Feature",
      "properties": {
        "osm_id": 1190123030,
        "dataset": "university",
        "kind": "road",
        "name": "",
        "highway": "footway",
        "waterway": "",
        "bridge": "",
        "tunnel": "",
        "layer": 0,
        "width_m": 2,
        "z_offset_m": 0
      },
      "geometry": {
        "type": "LineString",
        "coordinates": [
          [
            118.812142,
            31.9061637
          ],
          [
            118.8121313,
            31.906217
          ],
          [
            118.8121402,
            31.9062858
          ],
          [
            118.812152,
            31.9063459
          ],
          [
            118.8121608,
            31.9063922
          ],
          [
            118.8121612,
            31.9064088
          ]
        ]
      }
    },
    {
      "type": "Feature",
      "properties": {
        "osm_id": 1190123031,
        "dataset": "university",
        "kind": "road",
        "name": "",
        "highway": "footway",
        "waterway": "",
        "bridge": "",
        "tunnel": "",
        "layer": 0,
        "width_m": 2,
        "z_offset_m": 0
      },
      "geometry": {
        "type": "LineString",
        "coordinates": [
          [
            118.810311,
            31.9034881
          ],
          [
            118.8102372,
            31.903302
          ],
          [
            118.8101226,
            31.9031546
          ],
          [
            118.8099818,
            31.9030212
          ],
          [
            118.8098344,
            31.9029127
          ],
          [
            118.8095822,
            31.9027849
          ],
          [
            118.8092711,
            31.9026459
          ],
          [
            118.8090321,
            31.902543
          ],
          [
            118.8089123,
            31.9024778
          ],
          [
            118.8087485,
            31.9023499
          ],
          [
            118.8086306,
            31.9022137
          ],
          [
            118.8084898,
            31.9019718
          ],
          [
            118.8084178,
            31.9017716
          ],
          [
            118.8084014,
            31.9015614
          ],
          [
            118.8084243,
            31.901389
          ],
          [
            118.8084538,
            31.901161
          ],
          [
            118.8084276,
            31.9008874
          ],
          [
            118.8082933,
            31.9006205
          ],
          [
            118.8081394,
            31.900437
          ],
          [
            118.8079921,
            31.9003036
          ],
          [
            118.8078127,
            31.9002146
          ],
          [
            118.8074787,
            31.9000812
          ],
          [
            118.8072635,
            31.9000339
          ],
          [
            118.8070277,
            31.9000033
          ],
          [
            118.8068672,
            31.8999978
          ],
          [
            118.8066445,
            31.8999978
          ],
          [
            118.8065495,
            31.8999922
          ],
          [
            118.8064087,
            31.8999588
          ],
          [
            118.8063301,
            31.8999032
          ],
          [
            118.8062908,
            31.8998604
          ],
          [
            118.8062286,
            31.899688
          ],
          [
            118.8061697,
            31.8995129
          ],
          [
            118.8061435,
            31.8993433
          ],
          [
            118.8061664,
            31.8991264
          ],
          [
            118.8061991,
            31.8989624
          ],
          [
            118.8062712,
            31.8988259
          ],
          [
            118.8064022,
            31.8986368
          ],
          [
            118.8064546,
            31.8985534
          ],
          [
            118.8065266,
            31.8984616
          ],
          [
            118.8065921,
            31.898406
          ],
          [
            118.8066936,
            31.8983532
          ],
          [
            118.8067919,
            31.8983198
          ],
          [
            118.8069294,
            31.8982865
          ],
          [
            118.80699,
            31.8982768
          ]
        ]
      }
    },
    {
      "type": "Feature",
      "properties": {
        "osm_id": 1190126606,
        "dataset": "university",
        "kind": "road",
        "name": "",
        "highway": "footway",
        "waterway": "",
        "bridge": "",
        "tunnel": "",
        "layer": 0,
        "width_m": 2,
        "z_offset_m": 0
      },
      "geometry": {
        "type": "LineString",
        "coordinates": [
          [
            118.8107324,
            31.9014023
          ],
          [
            118.8108291,
            31.9014307
          ],
          [
            118.8108881,
            31.9014375
          ],
          [
            118.8110812,
            31.9014626
          ],
          [
            118.8112984,
            31.9015218
          ],
          [
            118.8113396,
            31.901541
          ],
          [
            118.8114299,
            31.9015833
          ],
          [
            118.811505,
            31.9016334
          ],
          [
            118.8115533,
            31.9016812
          ],
          [
            118.8116069,
            31.9017381
          ],
          [
            118.8116471,
            31.9018155
          ],
          [
            118.8116659,
            31.9019248
          ],
          [
            118.8116766,
            31.9020296
          ],
          [
            118.8116793,
            31.9021093
          ],
          [
            118.8117008,
            31.9021958
          ],
          [
            118.8117201,
            31.9022601
          ],
          [
            118.811733,
            31.9023028
          ],
          [
            118.8118027,
            31.9024465
          ],
          [
            118.8118644,
            31.9025375
          ],
          [
            118.8119037,
            31.9026185
          ]
        ]
      }
    },
    {
      "type": "Feature",
      "properties": {
        "osm_id": 1190126607,
        "dataset": "university",
        "kind": "road",
        "name": "",
        "highway": "footway",
        "waterway": "",
        "bridge": "",
        "tunnel": "",
        "layer": 0,
        "width_m": 2,
        "z_offset_m": 0
      },
      "geometry": {
        "type": "LineString",
        "coordinates": [
          [
            118.8117201,
            31.9022601
          ],
          [
            118.81169,
            31.9023485
          ],
          [
            118.8116364,
            31.9024374
          ],
          [
            118.811556,
            31.9025534
          ]
        ]
      }
    },
    {
      "type": "Feature",
      "properties": {
        "osm_id": 1190126608,
        "dataset": "university",
        "kind": "road",
        "name": "",
        "highway": "footway",
        "waterway": "",
        "bridge": "",
        "tunnel": "",
        "layer": 0,
        "width_m": 2,
        "z_offset_m": 0
      },
      "geometry": {
        "type": "LineString",
        "coordinates": [
          [
            118.8113396,
            31.901541
          ],
          [
            118.8111321,
            31.9015129
          ],
          [
            118.8110249,
            31.9015356
          ],
          [
            118.8109229,
            31.901588
          ],
          [
            118.8108264,
            31.9016654
          ],
          [
            118.8107861,
            31.9017246
          ],
          [
            118.810754,
            31.9018317
          ],
          [
            118.810762,
            31.9019341
          ],
          [
            118.8107781,
            31.9019979
          ],
          [
            118.8108586,
            31.9021231
          ]
        ]
      }
    },
    {
      "type": "Feature",
      "properties": {
        "osm_id": 1190309119,
        "dataset": "university",
        "kind": "road",
        "name": "",
        "highway": "footway",
        "waterway": "",
        "bridge": "",
        "tunnel": "",
        "layer": 0,
        "width_m": 2,
        "z_offset_m": 0
      },
      "geometry": {
        "type": "LineString",
        "coordinates": [
          [
            118.8144732,
            31.9060725
          ],
          [
            118.8141687,
            31.9061463
          ],
          [
            118.814124,
            31.9061607
          ],
          [
            118.8140169,
            31.9061951
          ],
          [
            118.8137576,
            31.9063766
          ],
          [
            118.8136117,
            31.9064579
          ],
          [
            118.8133977,
            31.9065555
          ],
          [
            118.8131104,
            31.9066055
          ],
          [
            118.81285,
            31.9066093
          ],
          [
            118.8126098,
            31.9065693
          ],
          [
            118.8124285,
            31.9065217
          ],
          [
            118.8122249,
            31.9064291
          ],
          [
            118.8121612,
            31.9064088
          ],
          [
            118.8121306,
            31.9063991
          ],
          [
            118.8120142,
            31.9063904
          ],
          [
            118.8119243,
            31.9063979
          ],
          [
            118.8118068,
            31.9064418
          ],
          [
            118.8117913,
            31.9064511
          ],
          [
            118.8116261,
            31.9065505
          ],
          [
            118.8115347,
            31.9065943
          ],
          [
            118.8115008,
            31.9066018
          ],
          [
            118.811461,
            31.9065868
          ],
          [
            118.8113129,
            31.906513
          ],
          [
            118.811164,
            31.9062703
          ],
          [
            118.8108986,
            31.9061226
          ],
          [
            118.8106445,
            31.9060363
          ],
          [
            118.8104308,
            31.905965
          ],
          [
            118.8102245,
            31.9058499
          ],
          [
            118.8100934,
            31.9057686
          ],
          [
            118.8099504,
            31.9056284
          ],
          [
            118.8097943,
            31.9054171
          ],
          [
            118.8097295,
            31.9052908
          ],
          [
            118.8096764,
            31.905133
          ],
          [
            118.8096529,
            31.9048816
          ],
          [
            118.8096735,
            31.9047204
          ],
          [
            118.8097457,
            31.9045152
          ],
          [
            118.8098665,
            31.9043535
          ],
          [
            118.8100036,
            31.9042384
          ],
          [
            118.8101583,
            31.904122
          ],
          [
            118.8102674,
            31.9040013
          ],
          [
            118.8103411,
            31.9038536
          ],
          [
            118.8103514,
            31.9037073
          ],
          [
            118.8103131,
            31.9035118
          ],
          [
            118.810311,
            31.9034881
          ],
          [
            118.8103086,
            31.9034605
          ],
          [
            118.8103249,
            31.9034042
          ],
          [
            118.8103705,
            31.9033117
          ],
          [
            118.8104074,
            31.9032554
          ],
          [
            118.8104587,
            31.9032232
          ]
        ]
      }
    },
    {
      "type": "Feature",
      "properties": {
        "osm_id": 1190309120,
        "dataset": "university",
        "kind": "road",
        "name": "",
        "highway": "footway",
        "waterway": "",
        "bridge": "yes",
        "tunnel": "",
        "layer": 1,
        "width_m": 2,
        "z_offset_m": 8
      },
      "geometry": {
        "type": "LineString",
        "coordinates": [
          [
            118.8104587,
            31.9032232
          ],
          [
            118.8115156,
            31.9025793
          ]
        ]
      }
    },
    {
      "type": "Feature",
      "properties": {
        "osm_id": 1194161523,
        "dataset": "university",
        "kind": "road",
        "name": "",
        "highway": "footway",
        "waterway": "",
        "bridge": "",
        "tunnel": "",
        "layer": 0,
        "width_m": 2,
        "z_offset_m": 0
      },
      "geometry": {
        "type": "LineString",
        "coordinates": [
          [
            118.7864701,
            31.9112781
          ],
          [
            118.7866457,
            31.9112977
          ],
          [
            118.7868202,
            31.9112717
          ],
          [
            118.78696,
            31.9112728
          ],
          [
            118.78703,
            31.9113081
          ],
          [
            118.7871002,
            31.9113762
          ],
          [
            118.7872635,
            31.9115906
          ],
          [
            118.7874037,
            31.911656
          ],
          [
            118.7878843,
            31.9118221
          ],
          [
            118.7879939,
            31.9118452
          ],
          [
            118.7881051,
            31.9118703
          ],
          [
            118.7884481,
            31.911945
          ],
          [
            118.7886986,
            31.9120203
          ],
          [
            118.7890643,
            31.9121451
          ],
          [
            118.7892631,
            31.9122588
          ],
          [
            118.7893207,
            31.9123104
          ],
          [
            118.7894526,
            31.9124393
          ],
          [
            118.7898073,
            31.9128535
          ],
          [
            118.7900318,
            31.9130761
          ],
          [
            118.790484,
            31.9134337
          ],
          [
            118.7908668,
            31.9137365
          ]
        ]
      }
    },
    {
      "type": "Feature",
      "properties": {
        "osm_id": 1194161706,
        "dataset": "university",
        "kind": "road",
        "name": "",
        "highway": "footway",
        "waterway": "",
        "bridge": "",
        "tunnel": "",
        "layer": 0,
        "width_m": 2,
        "z_offset_m": 0
      },
      "geometry": {
        "type": "LineString",
        "coordinates": [
          [
            118.7908991,
            31.9135173
          ],
          [
            118.790484,
            31.9134337
          ]
        ]
      }
    },
    {
      "type": "Feature",
      "properties": {
        "osm_id": 1194161914,
        "dataset": "university",
        "kind": "road",
        "name": "",
        "highway": "footway",
        "waterway": "",
        "bridge": "",
        "tunnel": "",
        "layer": 0,
        "width_m": 2,
        "z_offset_m": 0
      },
      "geometry": {
        "type": "LineString",
        "coordinates": [
          [
            118.7900426,
            31.9128254
          ],
          [
            118.7900277,
            31.9128474
          ],
          [
            118.7900234,
            31.9128664
          ],
          [
            118.790022,
            31.9128724
          ],
          [
            118.790026,
            31.9128975
          ],
          [
            118.7900395,
            31.9129202
          ],
          [
            118.7900608,
            31.9129381
          ],
          [
            118.7900878,
            31.9129491
          ],
          [
            118.7901179,
            31.9129521
          ],
          [
            118.7901475,
            31.9129466
          ],
          [
            118.7901733,
            31.9129332
          ],
          [
            118.7901926,
            31.9129134
          ],
          [
            118.7902033,
            31.9128893
          ],
          [
            118.7902041,
            31.9128636
          ],
          [
            118.7901949,
            31.9128391
          ],
          [
            118.7901768,
            31.9128185
          ],
          [
            118.7901518,
            31.912804
          ],
          [
            118.7901226,
            31.9127972
          ],
          [
            118.7901083,
            31.912798
          ],
          [
            118.7900927,
            31.9127989
          ],
          [
            118.790065,
            31.9128086
          ],
          [
            118.7900426,
            31.9128254
          ]
        ]
      }
    },
    {
      "type": "Feature",
      "properties": {
        "osm_id": 1194161915,
        "dataset": "university",
        "kind": "road",
        "name": "",
        "highway": "footway",
        "waterway": "",
        "bridge": "",
        "tunnel": "",
        "layer": 0,
        "width_m": 2,
        "z_offset_m": 0
      },
      "geometry": {
        "type": "LineString",
        "coordinates": [
          [
            118.7901083,
            31.912798
          ],
          [
            118.7901108,
            31.9127713
          ],
          [
            118.7901077,
            31.9127592
          ],
          [
            118.7900703,
            31.9126651
          ],
          [
            118.7899036,
            31.9124107
          ],
          [
            118.789828,
            31.9123468
          ],
          [
            118.7896897,
            31.9122649
          ],
          [
            118.7896437,
            31.9122431
          ],
          [
            118.789584,
            31.9122412
          ],
          [
            118.7894263,
            31.9122499
          ],
          [
            118.7893207,
            31.9123104
          ]
        ]
      }
    },
    {
      "type": "Feature",
      "properties": {
        "osm_id": 1194161976,
        "dataset": "university",
        "kind": "road",
        "name": "",
        "highway": "footway",
        "waterway": "",
        "bridge": "",
        "tunnel": "",
        "layer": 0,
        "width_m": 2,
        "z_offset_m": 0
      },
      "geometry": {
        "type": "LineString",
        "coordinates": [
          [
            118.78703,
            31.9113081
          ],
          [
            118.7870542,
            31.9112663
          ],
          [
            118.7871441,
            31.9111764
          ],
          [
            118.7872715,
            31.911124
          ],
          [
            118.7874507,
            31.9111223
          ],
          [
            118.7875493,
            31.911136
          ],
          [
            118.7876854,
            31.9112026
          ],
          [
            118.7879275,
            31.9113882
          ],
          [
            118.7879905,
            31.9113995
          ],
          [
            118.7881518,
            31.9113953
          ],
          [
            118.7882326,
            31.9114115
          ],
          [
            118.7883574,
            31.9114719
          ],
          [
            118.7885478,
            31.9116586
          ],
          [
            118.7887225,
            31.9117947
          ],
          [
            118.7893451,
            31.9120407
          ],
          [
            118.7895092,
            31.9121638
          ],
          [
            118.789584,
            31.9122412
          ]
        ]
      }
    },
    {
      "type": "Feature",
      "properties": {
        "osm_id": 1194162355,
        "dataset": "university",
        "kind": "road",
        "name": "",
        "highway": "footway",
        "waterway": "",
        "bridge": "",
        "tunnel": "",
        "layer": 0,
        "width_m": 2,
        "z_offset_m": 0
      },
      "geometry": {
        "type": "LineString",
        "coordinates": [
          [
            118.7900234,
            31.9128664
          ],
          [
            118.7899487,
            31.9128415
          ],
          [
            118.7898073,
            31.9128535
          ]
        ]
      }
    },
    {
      "type": "Feature",
      "properties": {
        "osm_id": 1194162356,
        "dataset": "university",
        "kind": "road",
        "name": "",
        "highway": "footway",
        "waterway": "",
        "bridge": "",
        "tunnel": "",
        "layer": 0,
        "width_m": 2,
        "z_offset_m": 0
      },
      "geometry": {
        "type": "LineString",
        "coordinates": [
          [
            118.7887225,
            31.9117947
          ],
          [
            118.7886986,
            31.9120203
          ]
        ]
      }
    },
    {
      "type": "Feature",
      "properties": {
        "osm_id": 1194162889,
        "dataset": "university",
        "kind": "road",
        "name": "",
        "highway": "steps",
        "waterway": "",
        "bridge": "",
        "tunnel": "",
        "layer": 0,
        "width_m": 2,
        "z_offset_m": 0
      },
      "geometry": {
        "type": "LineString",
        "coordinates": [
          [
            118.786538,
            31.911569
          ],
          [
            118.7865685,
            31.9115612
          ],
          [
            118.7866081,
            31.9115465
          ],
          [
            118.7866366,
            31.9115319
          ]
        ]
      }
    },
    {
      "type": "Feature",
      "properties": {
        "osm_id": 1194162890,
        "dataset": "university",
        "kind": "road",
        "name": "",
        "highway": "footway",
        "waterway": "",
        "bridge": "",
        "tunnel": "",
        "layer": 0,
        "width_m": 2,
        "z_offset_m": 0
      },
      "geometry": {
        "type": "LineString",
        "coordinates": [
          [
            118.7866366,
            31.9115319
          ],
          [
            118.7866711,
            31.9115039
          ],
          [
            118.7868202,
            31.9112717
          ]
        ]
      }
    },
    {
      "type": "Feature",
      "properties": {
        "osm_id": 1194162891,
        "dataset": "university",
        "kind": "road",
        "name": "",
        "highway": "footway",
        "waterway": "",
        "bridge": "",
        "tunnel": "",
        "layer": 0,
        "width_m": 2,
        "z_offset_m": 0
      },
      "geometry": {
        "type": "LineString",
        "coordinates": [
          [
            118.786538,
            31.911569
          ],
          [
            118.7858249,
            31.9112205
          ]
        ]
      }
    },
    {
      "type": "Feature",
      "properties": {
        "osm_id": 1194163720,
        "dataset": "university",
        "kind": "road",
        "name": "",
        "highway": "residential",
        "waterway": "",
        "bridge": "",
        "tunnel": "",
        "layer": 0,
        "width_m": 7,
        "z_offset_m": 0
      },
      "geometry": {
        "type": "LineString",
        "coordinates": [
          [
            118.7896166,
            31.9109497
          ],
          [
            118.7903473,
            31.9109689
          ],
          [
            118.7903334,
            31.9112981
          ],
          [
            118.7903127,
            31.9117888
          ],
          [
            118.7902889,
            31.9123528
          ],
          [
            118.790158,
            31.9123855
          ],
          [
            118.7893146,
            31.9119086
          ],
          [
            118.7882548,
            31.9113093
          ],
          [
            118.7881807,
            31.9112674
          ],
          [
            118.7873467,
            31.9107958
          ],
          [
            118.7870028,
            31.9106013
          ],
          [
            118.7867116,
            31.9105253
          ],
          [
            118.7866164,
            31.9105194
          ],
          [
            118.7865528,
            31.9105154
          ],
          [
            118.7864758,
            31.9105333
          ]
        ]
      }
    },
    {
      "type": "Feature",
      "properties": {
        "osm_id": 1194623994,
        "dataset": "university",
        "kind": "road",
        "name": "",
        "highway": "footway",
        "waterway": "",
        "bridge": "",
        "tunnel": "",
        "layer": 0,
        "width_m": 2,
        "z_offset_m": 0
      },
      "geometry": {
        "type": "LineString",
        "coordinates": [
          [
            118.7908991,
            31.9135173
          ],
          [
            118.7913744,
            31.9135527
          ],
          [
            118.7914009,
            31.9135738
          ],
          [
            118.7914133,
            31.9135948
          ],
          [
            118.7914151,
            31.9136113
          ],
          [
            118.7914151,
            31.9136474
          ],
          [
            118.7914151,
            31.9136834
          ],
          [
            118.7914186,
            31.9137195
          ],
          [
            118.7914239,
            31.9137615
          ],
          [
            118.7914328,
            31.9138096
          ],
          [
            118.7915283,
            31.9141446
          ],
          [
            118.7924025,
            31.9145396
          ],
          [
            118.7925087,
            31.9146042
          ],
          [
            118.7927034,
            31.9147334
          ],
          [
            118.7929352,
            31.9148535
          ],
          [
            118.7951146,
            31.9159831
          ],
          [
            118.7952317,
            31.916038
          ],
          [
            118.7954782,
            31.9161609
          ],
          [
            118.7966028,
            31.9167101
          ],
          [
            118.7972157,
            31.9169843
          ],
          [
            118.7978013,
            31.9172463
          ],
          [
            118.7981618,
            31.9173953
          ],
          [
            118.7986368,
            31.9176887
          ],
          [
            118.7990892,
            31.9179681
          ],
          [
            118.7994528,
            31.9181982
          ],
          [
            118.7999365,
            31.9184676
          ],
          [
            118.8007907,
            31.9189121
          ],
          [
            118.8014493,
            31.9192547
          ],
          [
            118.8017728,
            31.9194274
          ],
          [
            118.802077,
            31.919597
          ],
          [
            118.8021401,
            31.9196393
          ],
          [
            118.8022045,
            31.9196748
          ],
          [
            118.8023428,
            31.9197464
          ],
          [
            118.8023678,
            31.9197573
          ],
          [
            118.8024814,
            31.9198065
          ],
          [
            118.8026601,
            31.9198719
          ],
          [
            118.8028111,
            31.9199007
          ],
          [
            118.8030206,
            31.9199242
          ],
          [
            118.8032517,
            31.9199242
          ],
          [
            118.8034643,
            31.9199164
          ]
        ]
      }
    },
    {
      "type": "Feature",
      "properties": {
        "osm_id": 1194623995,
        "dataset": "university",
        "kind": "road",
        "name": "",
        "highway": "footway",
        "waterway": "",
        "bridge": "",
        "tunnel": "",
        "layer": 0,
        "width_m": 2,
        "z_offset_m": 0
      },
      "geometry": {
        "type": "LineString",
        "coordinates": [
          [
            118.8045961,
            31.9201386
          ],
          [
            118.8045503,
            31.9201478
          ],
          [
            118.8044284,
            31.9201771
          ],
          [
            118.8043369,
            31.9202012
          ],
          [
            118.8042535,
            31.920215
          ],
          [
            118.8041661,
            31.9202271
          ],
          [
            118.8040116,
            31.9202685
          ],
          [
            118.803908,
            31.9202979
          ],
          [
            118.8037616,
            31.9203462
          ],
          [
            118.8033861,
            31.9203217
          ],
          [
            118.8032458,
            31.9202993
          ],
          [
            118.8031219,
            31.9202769
          ],
          [
            118.803004,
            31.9202355
          ],
          [
            118.8028718,
            31.9201716
          ],
          [
            118.8027539,
            31.9201147
          ],
          [
            118.8026218,
            31.9200198
          ],
          [
            118.8025364,
            31.9199508
          ],
          [
            118.8024632,
            31.9198731
          ],
          [
            118.8024124,
            31.9198179
          ],
          [
            118.8023678,
            31.9197573
          ]
        ]
      }
    },
    {
      "type": "Feature",
      "properties": {
        "osm_id": 1194623996,
        "dataset": "university",
        "kind": "road",
        "name": "",
        "highway": "footway",
        "waterway": "",
        "bridge": "",
        "tunnel": "",
        "layer": 0,
        "width_m": 2,
        "z_offset_m": 0
      },
      "geometry": {
        "type": "LineString",
        "coordinates": [
          [
            118.7986368,
            31.9176887
          ],
          [
            118.7986603,
            31.9177413
          ],
          [
            118.7986907,
            31.9178106
          ],
          [
            118.798756,
            31.9179236
          ],
          [
            118.7988518,
            31.9180623
          ],
          [
            118.7989405,
            31.9181594
          ],
          [
            118.7990386,
            31.9182546
          ],
          [
            118.799181,
            31.9183517
          ],
          [
            118.7992861,
            31.918427
          ],
          [
            118.7993655,
            31.9184746
          ],
          [
            118.7994192,
            31.9185023
          ],
          [
            118.7996013,
            31.9186212
          ],
          [
            118.7997134,
            31.9186827
          ],
          [
            118.7998582,
            31.9187481
          ],
          [
            118.7999586,
            31.9187937
          ],
          [
            118.8000636,
            31.9188393
          ],
          [
            118.8001827,
            31.9188749
          ],
          [
            118.8002831,
            31.9188948
          ],
          [
            118.8003835,
            31.9189106
          ],
          [
            118.8005143,
            31.9189185
          ],
          [
            118.80061,
            31.9189185
          ],
          [
            118.8007907,
            31.9189121
          ]
        ]
      }
    },
    {
      "type": "Feature",
      "properties": {
        "osm_id": 1194623997,
        "dataset": "university",
        "kind": "road",
        "name": "",
        "highway": "footway",
        "waterway": "",
        "bridge": "",
        "tunnel": "",
        "layer": 0,
        "width_m": 2,
        "z_offset_m": 0
      },
      "geometry": {
        "type": "LineString",
        "coordinates": [
          [
            118.8037555,
            31.9198631
          ],
          [
            118.8038909,
            31.9198869
          ],
          [
            118.8040286,
            31.9199265
          ],
          [
            118.8041781,
            31.9199741
          ],
          [
            118.8043299,
            31.9200197
          ],
          [
            118.8044139,
            31.9200474
          ],
          [
            118.804491,
            31.9200851
          ],
          [
            118.8045961,
            31.9201386
          ],
          [
            118.8048085,
            31.9202535
          ],
          [
            118.8048786,
            31.9203051
          ],
          [
            118.8049626,
            31.9203467
          ],
          [
            118.8050911,
            31.9203942
          ],
          [
            118.8051821,
            31.920422
          ],
          [
            118.8053362,
            31.9204477
          ],
          [
            118.8054413,
            31.9204636
          ],
          [
            118.8056421,
            31.9204814
          ],
          [
            118.8060087,
            31.9205092
          ],
          [
            118.8079421,
            31.9207232
          ],
          [
            118.8081219,
            31.9207391
          ],
          [
            118.808206,
            31.9207331
          ],
          [
            118.808297,
            31.9206994
          ],
          [
            118.8083507,
            31.9206638
          ],
          [
            118.8084044,
            31.9206063
          ],
          [
            118.8089018,
            31.9197898
          ],
          [
            118.8089999,
            31.9196827
          ],
          [
            118.8090792,
            31.9196193
          ],
          [
            118.8092264,
            31.919542
          ],
          [
            118.8093968,
            31.9195004
          ],
          [
            118.8095252,
            31.9194845
          ],
          [
            118.8097097,
            31.9194687
          ],
          [
            118.8098241,
            31.9194608
          ],
          [
            118.8099549,
            31.9194647
          ],
          [
            118.8100903,
            31.9195004
          ],
          [
            118.8102327,
            31.9195737
          ],
          [
            118.8103285,
            31.919653
          ],
          [
            118.8103915,
            31.9197501
          ],
          [
            118.8104312,
            31.9198195
          ],
          [
            118.8105153,
            31.9199047
          ],
          [
            118.8105572,
            31.9199432
          ],
          [
            118.8119894,
            31.9209205
          ],
          [
            118.8120457,
            31.920958
          ],
          [
            118.812153,
            31.9210115
          ],
          [
            118.8123394,
            31.9210787
          ],
          [
            118.8125098,
            31.9211447
          ],
          [
            118.8126653,
            31.9211982
          ],
          [
            118.8128585,
            31.9212802
          ],
          [
            118.8129912,
            31.9213405
          ],
          [
            118.8131106,
            31.9214111
          ],
          [
            118.8132071,
            31.9214794
          ],
          [
            118.813305,
            31.9215716
          ],
          [
            118.8134217,
            31.9216866
          ],
          [
            118.813592,
            31.9218266
          ],
          [
            118.8137771,
            31.9219472
          ],
          [
            118.8138992,
            31.9220201
          ],
          [
            118.8140762,
            31.9221305
          ],
          [
            118.8142398,
            31.9221942
          ],
          [
            118.8144222,
            31.9222341
          ],
          [
            118.814626,
            31.9222864
          ],
          [
            118.8148822,
            31.9223627
          ],
          [
            118.8151182,
            31.9224538
          ],
          [
            118.8152724,
            31.9225221
          ],
          [
            118.8152885,
            31.9225296
          ],
          [
            118.815428,
            31.9225949
          ],
          [
            118.815648,
            31.9226882
          ],
          [
            118.8158733,
            31.9227725
          ],
          [
            118.8160852,
            31.9228453
          ],
          [
            118.8163118,
            31.9229125
          ],
          [
            118.8165653,
            31.9229785
          ],
          [
            118.8168214,
            31.9230172
          ],
          [
            118.8170709,
            31.9230514
          ],
          [
            118.8172921,
            31.9230866
          ],
          [
            118.8175657,
            31.9231345
          ],
          [
            118.8179466,
            31.923205
          ],
          [
            118.8183664,
            31.9232893
          ],
          [
            118.818762,
            31.9233963
          ]
        ]
      }
    },
    {
      "type": "Feature",
      "properties": {
        "osm_id": 1194623999,
        "dataset": "university",
        "kind": "road",
        "name": "",
        "highway": "footway",
        "waterway": "",
        "bridge": "",
        "tunnel": "",
        "layer": 0,
        "width_m": 2,
        "z_offset_m": 0
      },
      "geometry": {
        "type": "LineString",
        "coordinates": [
          [
            118.7929352,
            31.9148535
          ],
          [
            118.7929717,
            31.9149268
          ],
          [
            118.7930428,
            31.9150286
          ],
          [
            118.7931221,
            31.9151235
          ],
          [
            118.7931892,
            31.9151805
          ],
          [
            118.7932827,
            31.915253
          ],
          [
            118.7934961,
            31.9153772
          ],
          [
            118.7940409,
            31.9156412
          ],
          [
            118.7948601,
            31.9160743
          ],
          [
            118.7956752,
            31.9165419
          ],
          [
            118.7957757,
            31.9165948
          ],
          [
            118.7958954,
            31.9166511
          ],
          [
            118.796035,
            31.9167075
          ],
          [
            118.796161,
            31.9167558
          ],
          [
            118.7963399,
            31.9168162
          ],
          [
            118.7964395,
            31.9168524
          ],
          [
            118.7965737,
            31.9168904
          ],
          [
            118.7967261,
            31.9169232
          ],
          [
            118.7969416,
            31.9169594
          ],
          [
            118.7971002,
            31.9169784
          ],
          [
            118.7971591,
            31.9169836
          ],
          [
            118.7972157,
            31.9169843
          ]
        ]
      }
    },
    {
      "type": "Feature",
      "properties": {
        "osm_id": 1194649474,
        "dataset": "university",
        "kind": "road",
        "name": "",
        "highway": "footway",
        "waterway": "",
        "bridge": "",
        "tunnel": "",
        "layer": 0,
        "width_m": 2,
        "z_offset_m": 0
      },
      "geometry": {
        "type": "LineString",
        "coordinates": [
          [
            118.7873467,
            31.9107958
          ],
          [
            118.7874157,
            31.9107932
          ],
          [
            118.7876283,
            31.9107952
          ],
          [
            118.7877446,
            31.9108135
          ],
          [
            118.7878608,
            31.9107899
          ],
          [
            118.787885,
            31.910729
          ],
          [
            118.7878719,
            31.9106178
          ]
        ]
      }
    },
    {
      "type": "Feature",
      "properties": {
        "osm_id": 1194649475,
        "dataset": "university",
        "kind": "road",
        "name": "",
        "highway": "footway",
        "waterway": "",
        "bridge": "",
        "tunnel": "",
        "layer": 0,
        "width_m": 2,
        "z_offset_m": 0
      },
      "geometry": {
        "type": "LineString",
        "coordinates": [
          [
            118.7878608,
            31.9107899
          ],
          [
            118.7879346,
            31.9107541
          ],
          [
            118.7879979,
            31.910732
          ]
        ]
      }
    },
    {
      "type": "Feature",
      "properties": {
        "osm_id": 1194649476,
        "dataset": "university",
        "kind": "road",
        "name": "",
        "highway": "footway",
        "waterway": "",
        "bridge": "",
        "tunnel": "",
        "layer": 0,
        "width_m": 2,
        "z_offset_m": 0
      },
      "geometry": {
        "type": "LineString",
        "coordinates": [
          [
            118.7894987,
            31.9112637
          ],
          [
            118.7893757,
            31.9114665
          ]
        ]
      }
    },
    {
      "type": "Feature",
      "properties": {
        "osm_id": 1194649477,
        "dataset": "university",
        "kind": "road",
        "name": "",
        "highway": "footway",
        "waterway": "",
        "bridge": "",
        "tunnel": "",
        "layer": 0,
        "width_m": 2,
        "z_offset_m": 0
      },
      "geometry": {
        "type": "LineString",
        "coordinates": [
          [
            118.7894156,
            31.9116979
          ],
          [
            118.7893421,
            31.9117924
          ],
          [
            118.7893146,
            31.9119086
          ]
        ]
      }
    },
    {
      "type": "Feature",
      "properties": {
        "osm_id": 1194649478,
        "dataset": "university",
        "kind": "road",
        "name": "",
        "highway": "footway",
        "waterway": "",
        "bridge": "",
        "tunnel": "",
        "layer": 0,
        "width_m": 2,
        "z_offset_m": 0
      },
      "geometry": {
        "type": "LineString",
        "coordinates": [
          [
            118.7896166,
            31.9109497
          ],
          [
            118.7895822,
            31.9109552
          ],
          [
            118.7895167,
            31.9110225
          ],
          [
            118.7894216,
            31.9110774
          ],
          [
            118.789368,
            31.9111887
          ]
        ]
      }
    },
    {
      "type": "Feature",
      "properties": {
        "osm_id": 1194650017,
        "dataset": "university",
        "kind": "road",
        "name": "",
        "highway": "footway",
        "waterway": "",
        "bridge": "",
        "tunnel": "",
        "layer": 0,
        "width_m": 2,
        "z_offset_m": 0
      },
      "geometry": {
        "type": "LineString",
        "coordinates": [
          [
            118.7887574,
            31.911028
          ],
          [
            118.7887769,
            31.9110538
          ],
          [
            118.7888227,
            31.9110479
          ],
          [
            118.7888277,
            31.9110089
          ],
          [
            118.7887857,
            31.9109947
          ],
          [
            118.7887574,
            31.911028
          ]
        ]
      }
    },
    {
      "type": "Feature",
      "properties": {
        "osm_id": 1194650021,
        "dataset": "university",
        "kind": "road",
        "name": "",
        "highway": "footway",
        "waterway": "",
        "bridge": "",
        "tunnel": "",
        "layer": 0,
        "width_m": 2,
        "z_offset_m": 0
      },
      "geometry": {
        "type": "LineString",
        "coordinates": [
          [
            118.7883298,
            31.9107661
          ],
          [
            118.7883301,
            31.9107605
          ],
          [
            118.7883601,
            31.9107359
          ],
          [
            118.7883815,
            31.9107407
          ],
          [
            118.7883958,
            31.9107648
          ]
        ]
      }
    },
    {
      "type": "Feature",
      "properties": {
        "osm_id": 1194683428,
        "dataset": "university",
        "kind": "road",
        "name": "",
        "highway": "footway",
        "waterway": "",
        "bridge": "",
        "tunnel": "",
        "layer": 0,
        "width_m": 2,
        "z_offset_m": 0
      },
      "geometry": {
        "type": "LineString",
        "coordinates": [
          [
            118.7879939,
            31.9118452
          ],
          [
            118.787993,
            31.9117912
          ],
          [
            118.7879769,
            31.9116569
          ],
          [
            118.7879903,
            31.9116136
          ],
          [
            118.7880386,
            31.9115316
          ],
          [
            118.7881312,
            31.9114943
          ],
          [
            118.7882501,
            31.9115282
          ],
          [
            118.7882961,
            31.911584
          ],
          [
            118.7882961,
            31.911666
          ],
          [
            118.7882679,
            31.9117223
          ],
          [
            118.7881051,
            31.9118703
          ]
        ]
      }
    },
    {
      "type": "Feature",
      "properties": {
        "osm_id": 1194683429,
        "dataset": "university",
        "kind": "road",
        "name": "",
        "highway": "footway",
        "waterway": "",
        "bridge": "",
        "tunnel": "",
        "layer": 0,
        "width_m": 2,
        "z_offset_m": 0
      },
      "geometry": {
        "type": "LineString",
        "coordinates": [
          [
            118.7881312,
            31.9114943
          ],
          [
            118.7881552,
            31.9114402
          ],
          [
            118.788209,
            31.9114564
          ],
          [
            118.7882687,
            31.9114746
          ],
          [
            118.7882501,
            31.9115282
          ]
        ]
      }
    },
    {
      "type": "Feature",
      "properties": {
        "osm_id": 1194683430,
        "dataset": "university",
        "kind": "road",
        "name": "",
        "highway": "footway",
        "waterway": "",
        "bridge": "",
        "tunnel": "",
        "layer": 0,
        "width_m": 2,
        "z_offset_m": 0
      },
      "geometry": {
        "type": "LineString",
        "coordinates": [
          [
            118.788209,
            31.9114564
          ],
          [
            118.7882548,
            31.9113093
          ]
        ]
      }
    },
    {
      "type": "Feature",
      "properties": {
        "osm_id": 1194683431,
        "dataset": "university",
        "kind": "road",
        "name": "",
        "highway": "footway",
        "waterway": "",
        "bridge": "",
        "tunnel": "",
        "layer": 0,
        "width_m": 2,
        "z_offset_m": 0
      },
      "geometry": {
        "type": "LineString",
        "coordinates": [
          [
            118.7901077,
            31.9127592
          ],
          [
            118.7903797,
            31.9126205
          ]
        ]
      }
    },
    {
      "type": "Feature",
      "properties": {
        "osm_id": 1194684301,
        "dataset": "university",
        "kind": "road",
        "name": "",
        "highway": "footway",
        "waterway": "",
        "bridge": "",
        "tunnel": "",
        "layer": 0,
        "width_m": 2,
        "z_offset_m": 0
      },
      "geometry": {
        "type": "LineString",
        "coordinates": [
          [
            118.7884874,
            31.9110053
          ],
          [
            118.7882548,
            31.9113093
          ]
        ]
      }
    },
    {
      "type": "Feature",
      "properties": {
        "osm_id": 1194684302,
        "dataset": "university",
        "kind": "road",
        "name": "",
        "highway": "footway",
        "waterway": "",
        "bridge": "",
        "tunnel": "",
        "layer": 0,
        "width_m": 2,
        "z_offset_m": 0
      },
      "geometry": {
        "type": "LineString",
        "coordinates": [
          [
            118.7888606,
            31.9112081
          ],
          [
            118.7888981,
            31.9111379
          ],
          [
            118.7889916,
            31.9110672
          ],
          [
            118.7890628,
            31.9110474
          ]
        ]
      }
    },
    {
      "type": "Feature",
      "properties": {
        "osm_id": 1194684303,
        "dataset": "university",
        "kind": "road",
        "name": "",
        "highway": "footway",
        "waterway": "",
        "bridge": "",
        "tunnel": "",
        "layer": 0,
        "width_m": 2,
        "z_offset_m": 0
      },
      "geometry": {
        "type": "LineString",
        "coordinates": [
          [
            118.7885383,
            31.9100133
          ],
          [
            118.7883725,
            31.9100748
          ],
          [
            118.7882838,
            31.9101243
          ],
          [
            118.7881311,
            31.9102415
          ]
        ]
      }
    },
    {
      "type": "Feature",
      "properties": {
        "osm_id": 1195188526,
        "dataset": "university",
        "kind": "road",
        "name": "",
        "highway": "footway",
        "waterway": "",
        "bridge": "",
        "tunnel": "",
        "layer": 0,
        "width_m": 2,
        "z_offset_m": 0
      },
      "geometry": {
        "type": "LineString",
        "coordinates": [
          [
            118.7887857,
            31.9109947
          ],
          [
            118.7887791,
            31.9109706
          ],
          [
            118.7887947,
            31.9108498
          ],
          [
            118.7887132,
            31.9108242
          ],
          [
            118.7886069,
            31.9107483
          ],
          [
            118.7885465,
            31.910674
          ],
          [
            118.7885237,
            31.9105626
          ],
          [
            118.7884993,
            31.9105244
          ],
          [
            118.7883121,
            31.9104889
          ],
          [
            118.7882777,
            31.9104651
          ],
          [
            118.7882189,
            31.9103966
          ],
          [
            118.7881554,
            31.9102591
          ],
          [
            118.7881311,
            31.9102415
          ],
          [
            118.787996,
            31.9102033
          ],
          [
            118.7877309,
            31.9102099
          ],
          [
            118.7875265,
            31.9101322
          ],
          [
            118.7873552,
            31.910123
          ]
        ]
      }
    },
    {
      "type": "Feature",
      "properties": {
        "osm_id": 1195190364,
        "dataset": "university",
        "kind": "road",
        "name": "",
        "highway": "footway",
        "waterway": "",
        "bridge": "",
        "tunnel": "",
        "layer": 0,
        "width_m": 2,
        "z_offset_m": 0
      },
      "geometry": {
        "type": "LineString",
        "coordinates": [
          [
            118.7871466,
            31.9104278
          ],
          [
            118.7874806,
            31.9104305
          ],
          [
            118.7876712,
            31.9104577
          ],
          [
            118.7877394,
            31.9104849
          ],
          [
            118.7878206,
            31.9105412
          ],
          [
            118.7878719,
            31.9106178
          ],
          [
            118.7879192,
            31.91068
          ],
          [
            118.7879979,
            31.910732
          ],
          [
            118.7881113,
            31.9107653
          ],
          [
            118.7883298,
            31.9107661
          ]
        ]
      }
    },
    {
      "type": "Feature",
      "properties": {
        "osm_id": 1195190365,
        "dataset": "university",
        "kind": "road",
        "name": "",
        "highway": "footway",
        "waterway": "",
        "bridge": "",
        "tunnel": "",
        "layer": 0,
        "width_m": 2,
        "z_offset_m": 0
      },
      "geometry": {
        "type": "LineString",
        "coordinates": [
          [
            118.7883958,
            31.9107648
          ],
          [
            118.7883937,
            31.9107736
          ],
          [
            118.7883603,
            31.9107916
          ],
          [
            118.7883298,
            31.9107661
          ]
        ]
      }
    },
    {
      "type": "Feature",
      "properties": {
        "osm_id": 1195190366,
        "dataset": "university",
        "kind": "road",
        "name": "",
        "highway": "footway",
        "waterway": "",
        "bridge": "",
        "tunnel": "",
        "layer": 0,
        "width_m": 2,
        "z_offset_m": 0
      },
      "geometry": {
        "type": "LineString",
        "coordinates": [
          [
            118.7883748,
            31.9107899
          ],
          [
            118.788396,
            31.9109243
          ],
          [
            118.7884316,
            31.9109695
          ],
          [
            118.7884874,
            31.9110053
          ],
          [
            118.7886243,
            31.911056
          ],
          [
            118.7886981,
            31.91105
          ],
          [
            118.7887574,
            31.911028
          ]
        ]
      }
    },
    {
      "type": "Feature",
      "properties": {
        "osm_id": 1211520382,
        "dataset": "university",
        "kind": "road",
        "name": "",
        "highway": "residential",
        "waterway": "",
        "bridge": "",
        "tunnel": "",
        "layer": 0,
        "width_m": 7,
        "z_offset_m": 0
      },
      "geometry": {
        "type": "LineString",
        "coordinates": [
          [
            118.7880839,
            31.8982575
          ],
          [
            118.788063,
            31.9008215
          ],
          [
            118.7880418,
            31.9034179
          ]
        ]
      }
    },
    {
      "type": "Feature",
      "properties": {
        "osm_id": 1224921841,
        "dataset": "university",
        "kind": "road",
        "name": "",
        "highway": "unclassified",
        "waterway": "",
        "bridge": "",
        "tunnel": "",
        "layer": 0,
        "width_m": 6,
        "z_offset_m": 0
      },
      "geometry": {
        "type": "LineString",
        "coordinates": [
          [
            118.7807431,
            31.9137219
          ],
          [
            118.7807351,
            31.9139167
          ]
        ]
      }
    },
    {
      "type": "Feature",
      "properties": {
        "osm_id": 1224921842,
        "dataset": "university",
        "kind": "road",
        "name": "",
        "highway": "unclassified",
        "waterway": "",
        "bridge": "",
        "tunnel": "yes",
        "layer": -1,
        "width_m": 6,
        "z_offset_m": 0
      },
      "geometry": {
        "type": "LineString",
        "coordinates": [
          [
            118.7807489,
            31.9135437
          ],
          [
            118.7807431,
            31.9137219
          ]
        ]
      }
    },
    {
      "type": "Feature",
      "properties": {
        "osm_id": 1253944634,
        "dataset": "university",
        "kind": "road",
        "name": "",
        "highway": "residential",
        "waterway": "",
        "bridge": "",
        "tunnel": "",
        "layer": 0,
        "width_m": 7,
        "z_offset_m": 0
      },
      "geometry": {
        "type": "LineString",
        "coordinates": [
          [
            118.8070965,
            31.9288047
          ],
          [
            118.8097011,
            31.9287232
          ],
          [
            118.8100415,
            31.9287137
          ],
          [
            118.8116187,
            31.9287137
          ]
        ]
      }
    },
    {
      "type": "Feature",
      "properties": {
        "osm_id": 1254063800,
        "dataset": "university",
        "kind": "road",
        "name": "九龙湖路隧道",
        "highway": "tertiary",
        "waterway": "",
        "bridge": "",
        "tunnel": "yes",
        "layer": 0,
        "width_m": 12,
        "z_offset_m": 0
      },
      "geometry": {
        "type": "LineString",
        "coordinates": [
          [
            118.8115577,
            31.9080086
          ],
          [
            118.8116723,
            31.9078412
          ],
          [
            118.8117957,
            31.9077137
          ],
          [
            118.8120572,
            31.9075019
          ],
          [
            118.8122155,
            31.9073995
          ],
          [
            118.8123576,
            31.9073152
          ],
          [
            118.8125762,
            31.9072093
          ],
          [
            118.8127814,
            31.9071251
          ],
          [
            118.8130429,
            31.9070488
          ]
        ]
      }
    },
    {
      "type": "Feature",
      "properties": {
        "osm_id": 1254063801,
        "dataset": "university",
        "kind": "road",
        "name": "九龙湖路",
        "highway": "tertiary",
        "waterway": "",
        "bridge": "",
        "tunnel": "",
        "layer": 0,
        "width_m": 12,
        "z_offset_m": 0
      },
      "geometry": {
        "type": "LineString",
        "coordinates": [
          [
            118.8130429,
            31.9070488
          ],
          [
            118.81473,
            31.9066253
          ],
          [
            118.8150895,
            31.9064614
          ],
          [
            118.8153496,
            31.9062792
          ]
        ]
      }
    },
    {
      "type": "Feature",
      "properties": {
        "osm_id": 1255207189,
        "dataset": "university",
        "kind": "road",
        "name": "",
        "highway": "unclassified",
        "waterway": "",
        "bridge": "",
        "tunnel": "",
        "layer": 0,
        "width_m": 6,
        "z_offset_m": 0
      },
      "geometry": {
        "type": "LineString",
        "coordinates": [
          [
            118.7802524,
            31.914649
          ],
          [
            118.7803485,
            31.9146488
          ],
          [
            118.780403,
            31.9146163
          ],
          [
            118.7804175,
            31.9145846
          ],
          [
            118.7804152,
            31.9144677
          ]
        ]
      }
    },
    {
      "type": "Feature",
      "properties": {
        "osm_id": 1255207190,
        "dataset": "university",
        "kind": "road",
        "name": "",
        "highway": "unclassified",
        "waterway": "",
        "bridge": "",
        "tunnel": "",
        "layer": 0,
        "width_m": 6,
        "z_offset_m": 0
      },
      "geometry": {
        "type": "LineString",
        "coordinates": [
          [
            118.7810898,
            31.9144759
          ],
          [
            118.78109,
            31.9145747
          ],
          [
            118.7811017,
            31.9146059
          ],
          [
            118.7811317,
            31.9146285
          ],
          [
            118.7811812,
            31.9146446
          ],
          [
            118.7812602,
            31.9146441
          ]
        ]
      }
    },
    {
      "type": "Feature",
      "properties": {
        "osm_id": 1255207191,
        "dataset": "university",
        "kind": "road",
        "name": "",
        "highway": "footway",
        "waterway": "",
        "bridge": "",
        "tunnel": "",
        "layer": 0,
        "width_m": 2,
        "z_offset_m": 0
      },
      "geometry": {
        "type": "LineString",
        "coordinates": [
          [
            118.7802419,
            31.9149635
          ],
          [
            118.7807668,
            31.914966
          ],
          [
            118.7812707,
            31.9149684
          ]
        ]
      }
    },
    {
      "type": "Feature",
      "properties": {
        "osm_id": 1255207192,
        "dataset": "university",
        "kind": "road",
        "name": "黄海路",
        "highway": "unclassified",
        "waterway": "",
        "bridge": "",
        "tunnel": "",
        "layer": 0,
        "width_m": 6,
        "z_offset_m": 0
      },
      "geometry": {
        "type": "LineString",
        "coordinates": [
          [
            118.7812612,
            31.9147171
          ],
          [
            118.7834205,
            31.9147301
          ]
        ]
      }
    },
    {
      "type": "Feature",
      "properties": {
        "osm_id": 1255207193,
        "dataset": "university",
        "kind": "road",
        "name": "",
        "highway": "unclassified",
        "waterway": "",
        "bridge": "",
        "tunnel": "",
        "layer": 0,
        "width_m": 6,
        "z_offset_m": 0
      },
      "geometry": {
        "type": "LineString",
        "coordinates": [
          [
            118.779591,
            31.9173668
          ],
          [
            118.7804849,
            31.9173637
          ]
        ]
      }
    },
    {
      "type": "Feature",
      "properties": {
        "osm_id": 1255207194,
        "dataset": "university",
        "kind": "road",
        "name": "",
        "highway": "unclassified",
        "waterway": "",
        "bridge": "",
        "tunnel": "",
        "layer": 0,
        "width_m": 6,
        "z_offset_m": 0
      },
      "geometry": {
        "type": "LineString",
        "coordinates": [
          [
            118.7804849,
            31.9173637
          ],
          [
            118.780496,
            31.9168904
          ],
          [
            118.780499,
            31.9167635
          ],
          [
            118.7805018,
            31.9166477
          ],
          [
            118.7805161,
            31.916042
          ]
        ]
      }
    },
    {
      "type": "Feature",
      "properties": {
        "osm_id": 1255207195,
        "dataset": "university",
        "kind": "road",
        "name": "",
        "highway": "pedestrian",
        "waterway": "",
        "bridge": "",
        "tunnel": "",
        "layer": 0,
        "width_m": 4,
        "z_offset_m": 0
      },
      "geometry": {
        "type": "LineString",
        "coordinates": [
          [
            118.780496,
            31.9168904
          ],
          [
            118.780994,
            31.9168954
          ],
          [
            118.7809951,
            31.9168055
          ],
          [
            118.7819275,
            31.9168094
          ],
          [
            118.7819278,
            31.9167701
          ],
          [
            118.7819281,
            31.9167089
          ],
          [
            118.7809975,
            31.9167051
          ],
          [
            118.7809954,
            31.9166454
          ],
          [
            118.7808079,
            31.9166446
          ],
          [
            118.7808111,
            31.9161094
          ],
          [
            118.7807341,
            31.9161091
          ],
          [
            118.780662,
            31.9161088
          ],
          [
            118.7806588,
            31.9166477
          ],
          [
            118.7805018,
            31.9166477
          ],
          [
            118.780499,
            31.9167635
          ],
          [
            118.780496,
            31.9168904
          ]
        ]
      }
    },
    {
      "type": "Feature",
      "properties": {
        "osm_id": 1255207196,
        "dataset": "university",
        "kind": "road",
        "name": "",
        "highway": "cycleway",
        "waterway": "",
        "bridge": "yes",
        "tunnel": "",
        "layer": 1,
        "width_m": 2,
        "z_offset_m": 8
      },
      "geometry": {
        "type": "LineString",
        "coordinates": [
          [
            118.782066,
            31.9167695
          ],
          [
            118.7824358,
            31.916768
          ]
        ]
      }
    },
    {
      "type": "Feature",
      "properties": {
        "osm_id": 1255207197,
        "dataset": "university",
        "kind": "road",
        "name": "",
        "highway": "cycleway",
        "waterway": "",
        "bridge": "",
        "tunnel": "",
        "layer": 0,
        "width_m": 2,
        "z_offset_m": 0
      },
      "geometry": {
        "type": "LineString",
        "coordinates": [
          [
            118.7824358,
            31.916768
          ],
          [
            118.7826793,
            31.916767
          ]
        ]
      }
    },
    {
      "type": "Feature",
      "properties": {
        "osm_id": 1255207198,
        "dataset": "university",
        "kind": "road",
        "name": "",
        "highway": "cycleway",
        "waterway": "",
        "bridge": "",
        "tunnel": "",
        "layer": 0,
        "width_m": 2,
        "z_offset_m": 0
      },
      "geometry": {
        "type": "LineString",
        "coordinates": [
          [
            118.780499,
            31.9167635
          ],
          [
            118.7809947,
            31.9167661
          ],
          [
            118.7819278,
            31.9167701
          ],
          [
            118.782066,
            31.9167695
          ]
        ]
      }
    },
    {
      "type": "Feature",
      "properties": {
        "osm_id": 1255207200,
        "dataset": "university",
        "kind": "road",
        "name": "",
        "highway": "unclassified",
        "waterway": "",
        "bridge": "",
        "tunnel": "",
        "layer": 0,
        "width_m": 6,
        "z_offset_m": 0
      },
      "geometry": {
        "type": "LineString",
        "coordinates": [
          [
            118.7809985,
            31.9160448
          ],
          [
            118.7809954,
            31.9166454
          ],
          [
            118.7809947,
            31.9167661
          ],
          [
            118.780994,
            31.9168954
          ],
          [
            118.7809826,
            31.9173708
          ],
          [
            118.7809809,
            31.9174894
          ]
        ]
      }
    },
    {
      "type": "Feature",
      "properties": {
        "osm_id": 1255207201,
        "dataset": "university",
        "kind": "road",
        "name": "",
        "highway": "cycleway",
        "waterway": "",
        "bridge": "",
        "tunnel": "",
        "layer": 0,
        "width_m": 2,
        "z_offset_m": 0
      },
      "geometry": {
        "type": "LineString",
        "coordinates": [
          [
            118.7809826,
            31.9173708
          ],
          [
            118.7811542,
            31.9173749
          ],
          [
            118.781523,
            31.9173836
          ],
          [
            118.7815191,
            31.9175022
          ],
          [
            118.7811977,
            31.917491
          ],
          [
            118.7809809,
            31.9174894
          ]
        ]
      }
    },
    {
      "type": "Feature",
      "properties": {
        "osm_id": 1255207202,
        "dataset": "university",
        "kind": "road",
        "name": "",
        "highway": "cycleway",
        "waterway": "",
        "bridge": "",
        "tunnel": "",
        "layer": 0,
        "width_m": 2,
        "z_offset_m": 0
      },
      "geometry": {
        "type": "LineString",
        "coordinates": [
          [
            118.781568,
            31.9183499
          ],
          [
            118.7815633,
            31.9179384
          ],
          [
            118.7815683,
            31.9178025
          ]
        ]
      }
    },
    {
      "type": "Feature",
      "properties": {
        "osm_id": 1255207204,
        "dataset": "university",
        "kind": "road",
        "name": "",
        "highway": "cycleway",
        "waterway": "",
        "bridge": "",
        "tunnel": "",
        "layer": 0,
        "width_m": 2,
        "z_offset_m": 0
      },
      "geometry": {
        "type": "LineString",
        "coordinates": [
          [
            118.781523,
            31.9173836
          ],
          [
            118.7816792,
            31.9173854
          ],
          [
            118.7816808,
            31.9173882
          ],
          [
            118.7817009,
            31.9174233
          ],
          [
            118.7817354,
            31.9174645
          ],
          [
            118.7818062,
            31.9175062
          ],
          [
            118.7818828,
            31.9175214
          ],
          [
            118.7819997,
            31.9175209
          ],
          [
            118.7820872,
            31.9174932
          ],
          [
            118.7821657,
            31.9174504
          ],
          [
            118.7821963,
            31.917406
          ],
          [
            118.782197,
            31.9173821
          ],
          [
            118.7825686,
            31.9173832
          ],
          [
            118.7826844,
            31.9173821
          ]
        ]
      }
    },
    {
      "type": "Feature",
      "properties": {
        "osm_id": 1255207206,
        "dataset": "university",
        "kind": "road",
        "name": "南海路",
        "highway": "unclassified",
        "waterway": "",
        "bridge": "",
        "tunnel": "",
        "layer": 0,
        "width_m": 6,
        "z_offset_m": 0
      },
      "geometry": {
        "type": "LineString",
        "coordinates": [
          [
            118.7785251,
            31.9160447
          ],
          [
            118.778759,
            31.916056
          ],
          [
            118.7788998,
            31.9160566
          ],
          [
            118.7790132,
            31.9160207
          ]
        ]
      }
    },
    {
      "type": "Feature",
      "properties": {
        "osm_id": 1255207208,
        "dataset": "university",
        "kind": "road",
        "name": "鄱阳湖路",
        "highway": "unclassified",
        "waterway": "",
        "bridge": "",
        "tunnel": "",
        "layer": 0,
        "width_m": 6,
        "z_offset_m": 0
      },
      "geometry": {
        "type": "LineString",
        "coordinates": [
          [
            118.7777317,
            31.9139219
          ],
          [
            118.777727,
            31.9140971
          ],
          [
            118.7777056,
            31.9146064
          ],
          [
            118.7777041,
            31.9151509
          ],
          [
            118.7777034,
            31.9154059
          ],
          [
            118.7777016,
            31.9160232
          ],
          [
            118.7777007,
            31.916147
          ],
          [
            118.7776985,
            31.9164396
          ],
          [
            118.777697,
            31.9166317
          ],
          [
            118.7776948,
            31.9169294
          ],
          [
            118.7776949,
            31.916984
          ],
          [
            118.777696,
            31.9174645
          ]
        ]
      }
    },
    {
      "type": "Feature",
      "properties": {
        "osm_id": 1255207209,
        "dataset": "university",
        "kind": "road",
        "name": "",
        "highway": "cycleway",
        "waterway": "",
        "bridge": "",
        "tunnel": "",
        "layer": 0,
        "width_m": 2,
        "z_offset_m": 0
      },
      "geometry": {
        "type": "LineString",
        "coordinates": [
          [
            118.7778674,
            31.9139158
          ],
          [
            118.7778669,
            31.9138308
          ]
        ]
      }
    },
    {
      "type": "Feature",
      "properties": {
        "osm_id": 1255207210,
        "dataset": "university",
        "kind": "road",
        "name": "",
        "highway": "cycleway",
        "waterway": "",
        "bridge": "",
        "tunnel": "",
        "layer": 0,
        "width_m": 2,
        "z_offset_m": 0
      },
      "geometry": {
        "type": "LineString",
        "coordinates": [
          [
            118.7787549,
            31.9139105
          ],
          [
            118.7787553,
            31.9138383
          ]
        ]
      }
    },
    {
      "type": "Feature",
      "properties": {
        "osm_id": 1255207829,
        "dataset": "university",
        "kind": "road",
        "name": "青海湖路",
        "highway": "unclassified",
        "waterway": "",
        "bridge": "",
        "tunnel": "",
        "layer": 0,
        "width_m": 6,
        "z_offset_m": 0
      },
      "geometry": {
        "type": "LineString",
        "coordinates": [
          [
            118.776465,
            31.9174538
          ],
          [
            118.7770277,
            31.9174594
          ],
          [
            118.7774025,
            31.9174632
          ],
          [
            118.777696,
            31.9174645
          ]
        ]
      }
    },
    {
      "type": "Feature",
      "properties": {
        "osm_id": 1255207830,
        "dataset": "university",
        "kind": "road",
        "name": "松辽路",
        "highway": "unclassified",
        "waterway": "",
        "bridge": "",
        "tunnel": "",
        "layer": 0,
        "width_m": 6,
        "z_offset_m": 0
      },
      "geometry": {
        "type": "LineString",
        "coordinates": [
          [
            118.7787457,
            31.9182101
          ],
          [
            118.7781954,
            31.9182192
          ],
          [
            118.7778128,
            31.9182222
          ],
          [
            118.7775982,
            31.9182192
          ],
          [
            118.7773739,
            31.9182151
          ],
          [
            118.7773944,
            31.9179402
          ],
          [
            118.7773837,
            31.9176397
          ],
          [
            118.7774025,
            31.9174632
          ]
        ]
      }
    },
    {
      "type": "Feature",
      "properties": {
        "osm_id": 1255207834,
        "dataset": "university",
        "kind": "road",
        "name": "",
        "highway": "cycleway",
        "waterway": "",
        "bridge": "",
        "tunnel": "",
        "layer": 0,
        "width_m": 2,
        "z_offset_m": 0
      },
      "geometry": {
        "type": "LineString",
        "coordinates": [
          [
            118.7762215,
            31.9166122
          ],
          [
            118.776854,
            31.916606
          ],
          [
            118.7768783,
            31.9166057
          ],
          [
            118.7770085,
            31.9166415
          ],
          [
            118.7770292,
            31.9166408
          ],
          [
            118.7773725,
            31.9166285
          ],
          [
            118.777697,
            31.9166317
          ]
        ]
      }
    },
    {
      "type": "Feature",
      "properties": {
        "osm_id": 1255207835,
        "dataset": "university",
        "kind": "road",
        "name": "",
        "highway": "cycleway",
        "waterway": "",
        "bridge": "",
        "tunnel": "",
        "layer": 0,
        "width_m": 2,
        "z_offset_m": 0
      },
      "geometry": {
        "type": "LineString",
        "coordinates": [
          [
            118.7762215,
            31.9164464
          ],
          [
            118.7768553,
            31.9164464
          ],
          [
            118.776854,
            31.916606
          ],
          [
            118.7768595,
            31.9166846
          ]
        ]
      }
    },
    {
      "type": "Feature",
      "properties": {
        "osm_id": 1255207836,
        "dataset": "university",
        "kind": "road",
        "name": "",
        "highway": "cycleway",
        "waterway": "",
        "bridge": "",
        "tunnel": "",
        "layer": 0,
        "width_m": 2,
        "z_offset_m": 0
      },
      "geometry": {
        "type": "LineString",
        "coordinates": [
          [
            118.7768553,
            31.9164464
          ],
          [
            118.7768598,
            31.9163938
          ]
        ]
      }
    },
    {
      "type": "Feature",
      "properties": {
        "osm_id": 1255207837,
        "dataset": "university",
        "kind": "road",
        "name": "",
        "highway": "unclassified",
        "waterway": "",
        "bridge": "",
        "tunnel": "",
        "layer": 0,
        "width_m": 6,
        "z_offset_m": 0
      },
      "geometry": {
        "type": "LineString",
        "coordinates": [
          [
            118.7770302,
            31.9160224
          ],
          [
            118.77703,
            31.9161447
          ],
          [
            118.7770295,
            31.9164461
          ],
          [
            118.7770292,
            31.9166408
          ],
          [
            118.7770286,
            31.916984
          ],
          [
            118.7770284,
            31.9170621
          ],
          [
            118.7770277,
            31.9174594
          ]
        ]
      }
    },
    {
      "type": "Feature",
      "properties": {
        "osm_id": 1255207838,
        "dataset": "university",
        "kind": "road",
        "name": "",
        "highway": "cycleway",
        "waterway": "",
        "bridge": "",
        "tunnel": "",
        "layer": 0,
        "width_m": 2,
        "z_offset_m": 0
      },
      "geometry": {
        "type": "LineString",
        "coordinates": [
          [
            118.7762186,
            31.9170628
          ],
          [
            118.7768591,
            31.9170621
          ],
          [
            118.7770284,
            31.9170621
          ]
        ]
      }
    },
    {
      "type": "Feature",
      "properties": {
        "osm_id": 1255207839,
        "dataset": "university",
        "kind": "road",
        "name": "",
        "highway": "unclassified",
        "waterway": "",
        "bridge": "",
        "tunnel": "",
        "layer": 0,
        "width_m": 6,
        "z_offset_m": 0
      },
      "geometry": {
        "type": "LineString",
        "coordinates": [
          [
            118.7770286,
            31.916984
          ],
          [
            118.7776949,
            31.916984
          ]
        ]
      }
    },
    {
      "type": "Feature",
      "properties": {
        "osm_id": 1255256137,
        "dataset": "university",
        "kind": "road",
        "name": "",
        "highway": "cycleway",
        "waterway": "",
        "bridge": "",
        "tunnel": "",
        "layer": 0,
        "width_m": 2,
        "z_offset_m": 0
      },
      "geometry": {
        "type": "LineString",
        "coordinates": [
          [
            118.7768553,
            31.9164464
          ],
          [
            118.7770295,
            31.9164461
          ],
          [
            118.7776985,
            31.9164396
          ]
        ]
      }
    },
    {
      "type": "Feature",
      "properties": {
        "osm_id": 1255256138,
        "dataset": "university",
        "kind": "road",
        "name": "",
        "highway": "cycleway",
        "waterway": "",
        "bridge": "",
        "tunnel": "",
        "layer": 0,
        "width_m": 2,
        "z_offset_m": 0
      },
      "geometry": {
        "type": "LineString",
        "coordinates": [
          [
            118.7762215,
            31.9161415
          ],
          [
            118.77703,
            31.9161447
          ],
          [
            118.7777007,
            31.916147
          ]
        ]
      }
    },
    {
      "type": "Feature",
      "properties": {
        "osm_id": 1255256148,
        "dataset": "university",
        "kind": "road",
        "name": "",
        "highway": "unclassified",
        "waterway": "",
        "bridge": "",
        "tunnel": "",
        "layer": 0,
        "width_m": 6,
        "z_offset_m": 0
      },
      "geometry": {
        "type": "LineString",
        "coordinates": [
          [
            118.782682,
            31.9196902
          ],
          [
            118.7836593,
            31.9196902
          ],
          [
            118.7848034,
            31.9196902
          ],
          [
            118.7848022,
            31.9192368
          ],
          [
            118.7847999,
            31.9183535
          ]
        ]
      }
    },
    {
      "type": "Feature",
      "properties": {
        "osm_id": 1255256149,
        "dataset": "university",
        "kind": "road",
        "name": "",
        "highway": "cycleway",
        "waterway": "",
        "bridge": "",
        "tunnel": "",
        "layer": 0,
        "width_m": 2,
        "z_offset_m": 0
      },
      "geometry": {
        "type": "LineString",
        "coordinates": [
          [
            118.7826861,
            31.9192496
          ],
          [
            118.7836509,
            31.9192438
          ],
          [
            118.7837806,
            31.9192417
          ],
          [
            118.7848022,
            31.9192368
          ]
        ]
      }
    },
    {
      "type": "Feature",
      "properties": {
        "osm_id": 1255256150,
        "dataset": "university",
        "kind": "road",
        "name": "",
        "highway": "unclassified",
        "waterway": "",
        "bridge": "",
        "tunnel": "",
        "layer": 0,
        "width_m": 6,
        "z_offset_m": 0
      },
      "geometry": {
        "type": "LineString",
        "coordinates": [
          [
            118.7836593,
            31.9196902
          ],
          [
            118.7836509,
            31.9192438
          ]
        ]
      }
    },
    {
      "type": "Feature",
      "properties": {
        "osm_id": 1255256151,
        "dataset": "university",
        "kind": "road",
        "name": "",
        "highway": "cycleway",
        "waterway": "",
        "bridge": "",
        "tunnel": "",
        "layer": 0,
        "width_m": 2,
        "z_offset_m": 0
      },
      "geometry": {
        "type": "LineString",
        "coordinates": [
          [
            118.7837806,
            31.9192417
          ],
          [
            118.7837691,
            31.9183465
          ]
        ]
      }
    },
    {
      "type": "Feature",
      "properties": {
        "osm_id": 1255256152,
        "dataset": "university",
        "kind": "road",
        "name": "",
        "highway": "cycleway",
        "waterway": "",
        "bridge": "",
        "tunnel": "",
        "layer": 0,
        "width_m": 2,
        "z_offset_m": 0
      },
      "geometry": {
        "type": "LineString",
        "coordinates": [
          [
            118.7835,
            31.9183448
          ],
          [
            118.7835,
            31.9177046
          ],
          [
            118.7834604,
            31.9176697
          ],
          [
            118.7834296,
            31.9176236
          ],
          [
            118.783434,
            31.9175875
          ],
          [
            118.7835383,
            31.9174287
          ]
        ]
      }
    },
    {
      "type": "Feature",
      "properties": {
        "osm_id": 1255256153,
        "dataset": "university",
        "kind": "road",
        "name": "",
        "highway": "footway",
        "waterway": "",
        "bridge": "",
        "tunnel": "",
        "layer": 0,
        "width_m": 2,
        "z_offset_m": 0
      },
      "geometry": {
        "type": "LineString",
        "coordinates": [
          [
            118.7846503,
            31.9163756
          ],
          [
            118.7847414,
            31.9163758
          ],
          [
            118.7851084,
            31.9163758
          ],
          [
            118.7852909,
            31.916376
          ]
        ]
      }
    },
    {
      "type": "Feature",
      "properties": {
        "osm_id": 1255256154,
        "dataset": "university",
        "kind": "road",
        "name": "",
        "highway": "unclassified",
        "waterway": "",
        "bridge": "",
        "tunnel": "",
        "layer": 0,
        "width_m": 6,
        "z_offset_m": 0
      },
      "geometry": {
        "type": "LineString",
        "coordinates": [
          [
            118.7793082,
            31.9158452
          ],
          [
            118.7791996,
            31.9157195
          ],
          [
            118.7789772,
            31.9154459
          ],
          [
            118.7789283,
            31.9153364
          ],
          [
            118.7789291,
            31.9151634
          ],
          [
            118.7789315,
            31.9146661
          ],
          [
            118.7789351,
            31.9139113
          ]
        ]
      }
    },
    {
      "type": "Feature",
      "properties": {
        "osm_id": 1255256155,
        "dataset": "university",
        "kind": "road",
        "name": "",
        "highway": "unclassified",
        "waterway": "",
        "bridge": "",
        "tunnel": "",
        "layer": 0,
        "width_m": 6,
        "z_offset_m": 0
      },
      "geometry": {
        "type": "LineString",
        "coordinates": [
          [
            118.7789315,
            31.9146661
          ],
          [
            118.7802521,
            31.9146747
          ]
        ]
      }
    },
    {
      "type": "Feature",
      "properties": {
        "osm_id": 1255256156,
        "dataset": "university",
        "kind": "road",
        "name": "",
        "highway": "unclassified",
        "waterway": "",
        "bridge": "",
        "tunnel": "",
        "layer": 0,
        "width_m": 6,
        "z_offset_m": 0
      },
      "geometry": {
        "type": "LineString",
        "coordinates": [
          [
            118.7777041,
            31.9151509
          ],
          [
            118.7789291,
            31.9151634
          ]
        ]
      }
    },
    {
      "type": "Feature",
      "properties": {
        "osm_id": 1255256158,
        "dataset": "university",
        "kind": "road",
        "name": "",
        "highway": "cycleway",
        "waterway": "",
        "bridge": "",
        "tunnel": "",
        "layer": 0,
        "width_m": 2,
        "z_offset_m": 0
      },
      "geometry": {
        "type": "LineString",
        "coordinates": [
          [
            118.7804849,
            31.9173637
          ],
          [
            118.7804661,
            31.9174098
          ],
          [
            118.7804515,
            31.9174726
          ],
          [
            118.78046,
            31.9176499
          ],
          [
            118.7803918,
            31.917731
          ]
        ]
      }
    },
    {
      "type": "Feature",
      "properties": {
        "osm_id": 1255256159,
        "dataset": "university",
        "kind": "road",
        "name": "",
        "highway": "cycleway",
        "waterway": "",
        "bridge": "",
        "tunnel": "",
        "layer": 0,
        "width_m": 2,
        "z_offset_m": 0
      },
      "geometry": {
        "type": "LineString",
        "coordinates": [
          [
            118.7809809,
            31.9174894
          ],
          [
            118.7807857,
            31.9174831
          ],
          [
            118.7806422,
            31.9174781
          ],
          [
            118.7804515,
            31.9174726
          ]
        ]
      }
    },
    {
      "type": "Feature",
      "properties": {
        "osm_id": 1255256161,
        "dataset": "university",
        "kind": "road",
        "name": "",
        "highway": "steps",
        "waterway": "",
        "bridge": "",
        "tunnel": "",
        "layer": 0,
        "width_m": 2,
        "z_offset_m": 0
      },
      "geometry": {
        "type": "LineString",
        "coordinates": [
          [
            118.7807668,
            31.914966
          ],
          [
            118.7807678,
            31.9150498
          ],
          [
            118.7807697,
            31.9152079
          ]
        ]
      }
    },
    {
      "type": "Feature",
      "properties": {
        "osm_id": 1255256162,
        "dataset": "university",
        "kind": "road",
        "name": "",
        "highway": "primary_link",
        "waterway": "",
        "bridge": "",
        "tunnel": "",
        "layer": 0,
        "width_m": 6,
        "z_offset_m": 0
      },
      "geometry": {
        "type": "LineString",
        "coordinates": [
          [
            118.7860751,
            31.9151689
          ],
          [
            118.7859991,
            31.9150287
          ],
          [
            118.7859283,
            31.9148056
          ],
          [
            118.7858862,
            31.9147041
          ],
          [
            118.785834,
            31.9146054
          ],
          [
            118.7857548,
            31.9145196
          ],
          [
            118.7855711,
            31.9143579
          ],
          [
            118.7853976,
            31.9141892
          ],
          [
            118.7852402,
            31.9140465
          ]
        ]
      }
    },
    {
      "type": "Feature",
      "properties": {
        "osm_id": 1255256163,
        "dataset": "university",
        "kind": "road",
        "name": "佛城西路",
        "highway": "secondary",
        "waterway": "",
        "bridge": "",
        "tunnel": "",
        "layer": 0,
        "width_m": 14,
        "z_offset_m": 0
      },
      "geometry": {
        "type": "LineString",
        "coordinates": [
          [
            118.7860809,
            31.914301
          ],
          [
            118.7862314,
            31.9143623
          ]
        ]
      }
    },
    {
      "type": "Feature",
      "properties": {
        "osm_id": 1255256164,
        "dataset": "university",
        "kind": "road",
        "name": "",
        "highway": "primary_link",
        "waterway": "",
        "bridge": "",
        "tunnel": "",
        "layer": 0,
        "width_m": 6,
        "z_offset_m": 0
      },
      "geometry": {
        "type": "LineString",
        "coordinates": [
          [
            118.7873567,
            31.9150422
          ],
          [
            118.7870276,
            31.9149045
          ],
          [
            118.7867696,
            31.9148774
          ],
          [
            118.78661,
            31.9149012
          ],
          [
            118.786361,
            31.9150389
          ],
          [
            118.7862359,
            31.9152134
          ]
        ]
      }
    },
    {
      "type": "Feature",
      "properties": {
        "osm_id": 1255256165,
        "dataset": "university",
        "kind": "road",
        "name": "",
        "highway": "primary_link",
        "waterway": "",
        "bridge": "",
        "tunnel": "",
        "layer": 0,
        "width_m": 6,
        "z_offset_m": 0
      },
      "geometry": {
        "type": "LineString",
        "coordinates": [
          [
            118.7855145,
            31.9141296
          ],
          [
            118.7857286,
            31.9140678
          ],
          [
            118.7858971,
            31.9139462
          ],
          [
            118.7859864,
            31.9138204
          ],
          [
            118.7860769,
            31.9136329
          ]
        ]
      }
    },
    {
      "type": "Feature",
      "properties": {
        "osm_id": 1255256166,
        "dataset": "university",
        "kind": "road",
        "name": "",
        "highway": "primary_link",
        "waterway": "",
        "bridge": "",
        "tunnel": "",
        "layer": 0,
        "width_m": 6,
        "z_offset_m": 0
      },
      "geometry": {
        "type": "LineString",
        "coordinates": [
          [
            118.7862346,
            31.9134027
          ],
          [
            118.7863588,
            31.913653
          ],
          [
            118.7863656,
            31.9137717
          ],
          [
            118.786406,
            31.9139233
          ],
          [
            118.7864599,
            31.9140993
          ],
          [
            118.7865223,
            31.9142595
          ],
          [
            118.7865812,
            31.9144139
          ],
          [
            118.7866773,
            31.9145713
          ],
          [
            118.7866969,
            31.9146143
          ]
        ]
      }
    },
    {
      "type": "Feature",
      "properties": {
        "osm_id": 1266733885,
        "dataset": "university",
        "kind": "road",
        "name": "",
        "highway": "unclassified",
        "waterway": "",
        "bridge": "",
        "tunnel": "",
        "layer": 0,
        "width_m": 6,
        "z_offset_m": 0
      },
      "geometry": {
        "type": "LineString",
        "coordinates": [
          [
            118.776465,
            31.9174538
          ],
          [
            118.7764223,
            31.9175293
          ],
          [
            118.7764223,
            31.9176681
          ],
          [
            118.776427,
            31.9177652
          ],
          [
            118.7765438,
            31.9179416
          ],
          [
            118.7767189,
            31.9181338
          ],
          [
            118.7767843,
            31.9181834
          ],
          [
            118.776873,
            31.9182131
          ],
          [
            118.7773739,
            31.9182151
          ]
        ]
      }
    },
    {
      "type": "Feature",
      "properties": {
        "osm_id": 1266733886,
        "dataset": "university",
        "kind": "road",
        "name": "",
        "highway": "steps",
        "waterway": "",
        "bridge": "",
        "tunnel": "",
        "layer": 0,
        "width_m": 2,
        "z_offset_m": 0
      },
      "geometry": {
        "type": "LineString",
        "coordinates": [
          [
            118.7826786,
            31.9166782
          ],
          [
            118.783095,
            31.9166731
          ]
        ]
      }
    },
    {
      "type": "Feature",
      "properties": {
        "osm_id": 1266733887,
        "dataset": "university",
        "kind": "road",
        "name": "黄埔路",
        "highway": "unclassified",
        "waterway": "",
        "bridge": "",
        "tunnel": "",
        "layer": 0,
        "width_m": 6,
        "z_offset_m": 0
      },
      "geometry": {
        "type": "LineString",
        "coordinates": [
          [
            118.7795866,
            31.9175568
          ],
          [
            118.779591,
            31.9173668
          ],
          [
            118.7796016,
            31.9169195
          ],
          [
            118.7796033,
            31.9166834
          ],
          [
            118.7796061,
            31.9165608
          ],
          [
            118.7796077,
            31.9160022
          ]
        ]
      }
    },
    {
      "type": "Feature",
      "properties": {
        "osm_id": 1266733888,
        "dataset": "university",
        "kind": "road",
        "name": "南海路",
        "highway": "unclassified",
        "waterway": "",
        "bridge": "",
        "tunnel": "",
        "layer": 0,
        "width_m": 6,
        "z_offset_m": 0
      },
      "geometry": {
        "type": "LineString",
        "coordinates": [
          [
            118.7787579,
            31.9163077
          ],
          [
            118.7786869,
            31.9161924
          ],
          [
            118.7786084,
            31.9161045
          ],
          [
            118.7785251,
            31.9160447
          ],
          [
            118.7784274,
            31.9160345
          ]
        ]
      }
    },
    {
      "type": "Feature",
      "properties": {
        "osm_id": 1266733891,
        "dataset": "university",
        "kind": "road",
        "name": "淮河路",
        "highway": "unclassified",
        "waterway": "",
        "bridge": "",
        "tunnel": "",
        "layer": 0,
        "width_m": 6,
        "z_offset_m": 0
      },
      "geometry": {
        "type": "LineString",
        "coordinates": [
          [
            118.7777317,
            31.9139219
          ],
          [
            118.7778674,
            31.9139158
          ],
          [
            118.7780643,
            31.9139074
          ],
          [
            118.7787549,
            31.9139105
          ],
          [
            118.7789351,
            31.9139113
          ],
          [
            118.7802538,
            31.9139173
          ],
          [
            118.7805735,
            31.9139169
          ],
          [
            118.7807351,
            31.9139167
          ]
        ]
      }
    },
    {
      "type": "Feature",
      "properties": {
        "osm_id": 1266733892,
        "dataset": "university",
        "kind": "road",
        "name": "",
        "highway": "unclassified",
        "waterway": "",
        "bridge": "",
        "tunnel": "",
        "layer": 0,
        "width_m": 6,
        "z_offset_m": 0
      },
      "geometry": {
        "type": "LineString",
        "coordinates": [
          [
            118.7762215,
            31.9160215
          ],
          [
            118.7762215,
            31.9161415
          ],
          [
            118.7762215,
            31.9164464
          ],
          [
            118.7762215,
            31.9166122
          ],
          [
            118.7762215,
            31.9166308
          ],
          [
            118.7762186,
            31.9170628
          ],
          [
            118.7762244,
            31.9171699
          ],
          [
            118.7762596,
            31.9172571
          ],
          [
            118.7763227,
            31.9173293
          ],
          [
            118.7763858,
            31.9174003
          ],
          [
            118.776465,
            31.9174538
          ]
        ]
      }
    },
    {
      "type": "Feature",
      "properties": {
        "osm_id": 1266733893,
        "dataset": "university",
        "kind": "road",
        "name": "南海路",
        "highway": "unclassified",
        "waterway": "",
        "bridge": "",
        "tunnel": "",
        "layer": 0,
        "width_m": 6,
        "z_offset_m": 0
      },
      "geometry": {
        "type": "LineString",
        "coordinates": [
          [
            118.7777016,
            31.9160232
          ],
          [
            118.7784274,
            31.9160345
          ]
        ]
      }
    },
    {
      "type": "Feature",
      "properties": {
        "osm_id": 1266997496,
        "dataset": "university",
        "kind": "road",
        "name": "青海湖路",
        "highway": "unclassified",
        "waterway": "",
        "bridge": "",
        "tunnel": "",
        "layer": 0,
        "width_m": 6,
        "z_offset_m": 0
      },
      "geometry": {
        "type": "LineString",
        "coordinates": [
          [
            118.777696,
            31.9174645
          ],
          [
            118.7787461,
            31.9174692
          ]
        ]
      }
    },
    {
      "type": "Feature",
      "properties": {
        "osm_id": 1296566142,
        "dataset": "university",
        "kind": "road",
        "name": "",
        "highway": "unclassified",
        "waterway": "",
        "bridge": "",
        "tunnel": "",
        "layer": 0,
        "width_m": 6,
        "z_offset_m": 0
      },
      "geometry": {
        "type": "LineString",
        "coordinates": [
          [
            118.8151569,
            31.8971633
          ],
          [
            118.8152313,
            31.8964731
          ],
          [
            118.8149868,
            31.8964513
          ]
        ]
      }
    },
    {
      "type": "Feature",
      "properties": {
        "osm_id": 1349550777,
        "dataset": "university",
        "kind": "road",
        "name": "",
        "highway": "footway",
        "waterway": "",
        "bridge": "",
        "tunnel": "",
        "layer": 0,
        "width_m": 2,
        "z_offset_m": 0
      },
      "geometry": {
        "type": "LineString",
        "coordinates": [
          [
            118.7801911,
            31.9182432
          ],
          [
            118.7801849,
            31.9182976
          ],
          [
            118.7801232,
            31.9184116
          ],
          [
            118.7799976,
            31.918498
          ],
          [
            118.7799273,
            31.9185256
          ],
          [
            118.7799026,
            31.9185988
          ],
          [
            118.7797369,
            31.9186901
          ]
        ]
      }
    },
    {
      "type": "Feature",
      "properties": {
        "osm_id": 1492969525,
        "dataset": "university",
        "kind": "road",
        "name": "南京机场高速",
        "highway": "motorway",
        "waterway": "",
        "bridge": "",
        "tunnel": "",
        "layer": 0,
        "width_m": 24,
        "z_offset_m": 0
      },
      "geometry": {
        "type": "LineString",
        "coordinates": [
          [
            118.790605,
            31.9242294
          ],
          [
            118.7906447,
            31.9233898
          ],
          [
            118.7906725,
            31.9227368
          ],
          [
            118.7907446,
            31.9217628
          ],
          [
            118.7907784,
            31.9210226
          ]
        ]
      }
    },
    {
      "type": "Feature",
      "properties": {
        "osm_id": 1492969526,
        "dataset": "university",
        "kind": "road",
        "name": "南京机场高速",
        "highway": "motorway",
        "waterway": "",
        "bridge": "yes",
        "tunnel": "",
        "layer": 1,
        "width_m": 24,
        "z_offset_m": 8
      },
      "geometry": {
        "type": "LineString",
        "coordinates": [
          [
            118.7905977,
            31.9245809
          ],
          [
            118.790605,
            31.9242294
          ]
        ]
      }
    },
    {
      "type": "Feature",
      "properties": {
        "osm_id": 1492985449,
        "dataset": "university",
        "kind": "road",
        "name": "天元西路",
        "highway": "tertiary",
        "waterway": "",
        "bridge": "",
        "tunnel": "",
        "layer": 0,
        "width_m": 12,
        "z_offset_m": 0
      },
      "geometry": {
        "type": "LineString",
        "coordinates": [
          [
            118.7954248,
            31.9297575
          ],
          [
            118.795606,
            31.9297101
          ],
          [
            118.7977667,
            31.9299339
          ],
          [
            118.7984356,
            31.930012
          ],
          [
            118.7985923,
            31.9300788
          ]
        ]
      }
    }
  ]
}
